campanha_id,nome_campanha,canal,categoria_foco,data_inicio,data_fim,investimento_reais,impressoes,cliques,conversoes,atribuicao,status,roas,receita_gerada,cac
CAMP-0001,Black_Friday_Main_2023,Orgânico,Moda,2023-12-09,2024-01-02,81268.6,29703467,371911,20980,Linear,Pausada,1.93,156848.4,3.87
CAMP-0002,Liquidacao_Julho_2023,Instagram Ads,Geral,2023-12-21,2024-02-19,54015.24,9129711,485733,45400,First Click,Pausada,3.7,199856.39,1.19
CAMP-0003,Upsell_Platinum_2023_02,Google Ads,Lifestyle,2023-02-13,2025-12-31,101729.83,27791809,1388775,125365,Linear,Ativa,3.38,343846.83,0.81
CAMP-0004,Lancamento_Colecao_2024,Influenciador,Geral,2024-10-07,2024-10-19,92813.59,36686510,1925180,202746,Last Click,Pausada,9.72,902148.09,0.46
CAMP-0005,Upsell_Platinum_2024,Google Ads,Lifestyle,2024-04-22,2024-07-25,73173.89,9861232,452774,12666,Linear,Pausada,3.64,266352.96,5.78
CAMP-0006,Dia_Das_Maes_2023_04,Google Ads,Lifestyle,2023-04-27,2025-12-31,37991.28,6294284,119409,13579,Last Click,Ativa,3.21,121952.01,2.8
CAMP-0007,Influenciador_Inverno_2023_05,Marketplace,Acessórios,2023-05-05,2023-07-22,89692.25,19472082,746631,37196,First Click,Finalizada,3.04,272664.44,2.41
CAMP-0008,Push_Carrinho_2023,TikTok Ads,Moda,2023-03-21,2023-06-23,71649.8,14553904,567401,34886,First Click,Finalizada,7.1,508713.58,2.05
CAMP-0009,Natal_Presentes_2025_09,Orgânico,Moda,2025-09-25,2025-12-23,13563.95,2972198,93902,10791,First Click,Finalizada,4.89,66327.72,1.26
CAMP-0010,Performance_Sempre_Ligada_2025_05,Email Marketing,Moda,2025-05-27,2025-08-19,18510.14,5997349,216190,20678,Last Click,Pausada,3.4,62934.48,0.9
CAMP-0011,Feed_Carousel_2024,Instagram Ads,Moda,2024-05-08,2025-12-31,105385.55,40365176,502707,31901,First Click,Ativa,4.66,491096.66,3.3
CAMP-0012,Volta_as_Aulas_2025_03,Google Ads,Acessórios,2025-03-09,2025-06-01,115730.68,43659667,2063957,177263,Linear,Finalizada,4.0,462922.72,0.65
CAMP-0013,Branding_Awareness_2025_08,Influenciador,Acessórios,2025-08-04,2025-08-19,2719.9,699707,27007,291,First Click,Finalizada,3.82,10390.02,9.35
CAMP-0014,Fidelidade_Clientes_2023,TikTok Ads,Lifestyle,2023-09-08,2023-11-16,64800.22,20183507,1087566,79809,First Click,Pausada,6.75,437401.48,0.81
CAMP-0015,CAC_Reducao_2025,Instagram Ads,Moda,2025-07-12,2025-09-16,80869.07,31937853,418952,22744,First Click,Pausada,2.55,206216.13,3.56
CAMP-0016,Performance_Moda_2024,Google Ads,Geral,2024-03-14,2024-05-19,104963.42,10929123,546643,56936,First Click,Pausada,4.0,419853.68,1.84
CAMP-0017,Remarketing_30d_2023_07,Instagram Ads,Beleza,2023-07-16,2023-11-10,108312.66,14371343,116581,6172,Last Click,Finalizada,4.28,463578.18,17.55
CAMP-0018,UGC_Organico_2025,Orgânico,Geral,2025-12-16,2025-12-31,116251.38,30845872,1116440,103022,Linear,Pausada,2.91,338291.52,1.13
CAMP-0019,Parceria_Creator_2025,Google Ads,Moda,2025-02-28,2025-05-22,81090.46,12590530,179214,19342,First Click,Pausada,3.04,246515.0,4.19
CAMP-0020,Feed_Carousel_2025,Marketplace,Geral,2025-09-11,2025-10-14,28794.58,5950442,255439,10983,First Click,Finalizada,4.74,136486.31,2.62
CAMP-0021,Lancamento_Colecao_2025,Marketplace,Geral,2025-02-03,2025-04-15,16068.3,3080017,35657,1314,Linear,Finalizada,4.33,69575.74,12.23
CAMP-0022,Stories_Boost_2025_09,Influenciador,Geral,2025-09-01,2025-11-17,111824.37,12652668,678975,26541,Last Click,Finalizada,8.52,952743.63,4.21
CAMP-0023,Lookalike_Gold_2023_12,Influenciador,Geral,2023-12-11,2024-03-08,60748.01,9741478,537966,8385,First Click,Finalizada,4.51,273973.53,7.24
CAMP-0024,Branding_Awareness_2025,Influenciador,Beleza,2025-05-06,2025-07-22,67396.64,7804506,445970,38358,Linear,Finalizada,12.6,849197.66,1.76
CAMP-0025,LTV_Expansion_2024_03,Email Marketing,Beleza,2024-03-02,2024-06-18,107891.17,15884222,333180,7099,Linear,Pausada,4.5,485510.27,15.2
CAMP-0026,CAC_Reducao_2023_03,Orgânico,Beleza,2023-03-26,2023-07-23,3169.41,1000584,25288,2842,First Click,Finalizada,3.94,12487.48,1.12
CAMP-0027,Cyber_Monday_2025_02,Influenciador,Beleza,2025-02-13,2025-06-09,26847.56,9163279,292636,12750,Linear,Finalizada,3.73,100141.4,2.11
CAMP-0028,Dia_Das_Maes_2024_05,Google Ads,Acessórios,2024-05-28,2025-12-31,92844.53,17860201,615982,52202,First Click,Ativa,3.94,365807.45,1.78
CAMP-0029,Volta_as_Aulas_2025_05,Influenciador,Beleza,2025-05-02,2025-12-31,52260.74,16364636,397844,30507,First Click,Ativa,13.54,707610.42,1.71
CAMP-0030,CAC_Reducao_2025,Influenciador,Moda,2025-07-01,2025-10-19,43833.73,4488206,190929,8844,Last Click,Pausada,2.31,101255.92,4.96
CAMP-0031,UGC_Organico_2025,Email Marketing,Lifestyle,2025-07-11,2025-08-24,23182.44,6787294,188113,17361,Linear,Pausada,2.2,51001.37,1.34
CAMP-0032,Remarketing_30d_2024_05,TikTok Ads,Moda,2024-05-07,2024-07-27,55905.59,12382592,236661,14684,Linear,Finalizada,6.28,351087.11,3.81
CAMP-0033,Fidelidade_Clientes_2025,Instagram Ads,Lifestyle,2025-11-21,2025-12-09,80800.92,12272448,225257,2857,First Click,Pausada,5.06,408852.66,28.28
CAMP-0034,LTV_Expansion_2025_10,Marketplace,Acessórios,2025-10-07,2025-12-02,48078.41,6116671,267643,28956,Last Click,Finalizada,1.43,68752.13,1.66
CAMP-0035,Push_Carrinho_2025_09,Google Ads,Beleza,2025-09-15,2025-12-31,30053.95,10562990,335227,32904,Last Click,Ativa,3.6,108194.22,0.91
CAMP-0036,Fidelidade_Clientes_2024_09,Email Marketing,Geral,2024-09-15,2024-12-26,54118.36,17348645,896454,36310,Last Click,Finalizada,3.51,189955.44,1.49
CAMP-0037,Liquidacao_Julho_2025,Marketplace,Moda,2025-05-08,2025-06-24,16777.21,2583751,113905,9990,Last Click,Pausada,2.32,38923.13,1.68
CAMP-0038,Feed_Carousel_2023,Marketplace,Moda,2023-07-13,2023-10-02,102836.5,33420861,928425,9886,Last Click,Pausada,2.56,263261.44,10.4
CAMP-0039,Lancamento_Colecao_2025,Email Marketing,Geral,2025-04-16,2025-06-17,3677.17,689695,29874,1627,Linear,Finalizada,4.68,17209.16,2.26
CAMP-0040,Dia_Das_Maes_2024,Email Marketing,Moda,2024-10-19,2024-11-05,16456.8,3747929,39783,2056,Last Click,Finalizada,2.35,38673.48,8.0
CAMP-0041,Performance_Moda_2024_02,Influenciador,Acessórios,2024-02-16,2025-12-31,64822.4,25927048,679235,55368,First Click,Ativa,1.08,70008.19,1.17
CAMP-0042,Parceria_Creator_2023,Google Ads,Beleza,2023-10-05,2023-12-11,67763.56,10147501,450266,42486,Linear,Pausada,3.96,268343.7,1.59
CAMP-0043,Retargeting_Carrinho_2024_02,Instagram Ads,Beleza,2024-02-19,2025-12-31,37572.48,11149675,644729,34578,Linear,Ativa,4.96,186359.5,1.09
CAMP-0044,Retargeting_Carrinho_2025_05,Google Ads,Moda,2025-05-28,2025-09-15,95588.02,24957880,252962,17353,Last Click,Pausada,3.51,335513.95,5.51
CAMP-0045,Remarketing_30d_2024,Instagram Ads,Acessórios,2024-02-14,2024-05-12,84935.58,18631119,859963,99929,Last Click,Finalizada,6.6,560574.83,0.85
CAMP-0046,Dia_Das_Maes_2025_10,Marketplace,Acessórios,2025-10-09,2025-11-16,33615.6,7538521,354497,25766,Last Click,Pausada,1.11,37313.32,1.3
CAMP-0047,Push_Carrinho_2023,Google Ads,Acessórios,2023-06-26,2023-08-07,66783.77,16383442,293835,10739,Linear,Finalizada,3.76,251106.98,6.22
CAMP-0048,Stories_Boost_2024,Marketplace,Acessórios,2024-01-03,2024-03-01,36883.48,9814612,320050,21891,Last Click,Pausada,3.2,118027.14,1.68
CAMP-0049,Stories_Boost_2024,Orgânico,Acessórios,2024-05-09,2024-08-16,38002.64,12074272,693614,59593,Linear,Pausada,2.94,111727.76,0.64
CAMP-0050,Branding_Awareness_2025,Email Marketing,Geral,2025-05-04,2025-06-17,43433.55,7675821,344006,8230,Linear,Pausada,3.21,139421.7,5.28
CAMP-0051,Retargeting_Carrinho_2023,Google Ads,Acessórios,2023-01-19,2023-03-28,41016.57,15953774,337085,35322,First Click,Finalizada,3.4,139456.34,1.16
CAMP-0052,Cyber_Monday_2023_03,Email Marketing,Moda,2023-03-26,2023-05-10,119271.39,14062633,671505,51501,Last Click,Pausada,4.1,489012.7,2.32
CAMP-0053,Performance_Beleza_2024,Marketplace,Acessórios,2024-10-14,2025-01-08,73233.78,23202554,1328919,43663,First Click,Pausada,1.32,96668.59,1.68
CAMP-0054,Performance_Beleza_2023,Google Ads,Geral,2023-03-01,2023-06-04,35092.86,5406840,242019,21135,Last Click,Finalizada,3.23,113349.94,1.66
CAMP-0055,Remarketing_30d_2025,TikTok Ads,Geral,2025-04-14,2025-12-31,27132.17,3464143,75562,1937,Linear,Ativa,3.5,94962.6,14.01
CAMP-0056,Liquidacao_Julho_2024,TikTok Ads,Geral,2024-08-04,2024-09-18,113132.61,27168920,914977,17246,Linear,Finalizada,6.27,709341.46,6.56
CAMP-0057,Fidelidade_Clientes_2023_04,Influenciador,Moda,2023-04-22,2023-07-11,119948.78,35400496,779326,11242,Last Click,Pausada,8.02,961989.22,10.67
CAMP-0058,TikTok_Viral_2025,Influenciador,Beleza,2025-07-21,2025-08-08,41885.73,7818335,334991,34956,Linear,Finalizada,7.68,321682.41,1.2
CAMP-0059,Push_Carrinho_2023_08,Marketplace,Geral,2023-08-03,2023-09-20,116428.13,24372601,847167,100552,First Click,Pausada,2.85,331820.17,1.16
CAMP-0060,Influenciador_Verao_2024_10,Google Ads,Geral,2024-10-25,2024-12-27,24586.28,6287948,353627,20578,Linear,Pausada,3.03,74496.43,1.19
CAMP-0061,Lookalike_Gold_2025,Email Marketing,Beleza,2025-03-10,2025-05-26,11366.46,4518421,250647,15229,Linear,Finalizada,1.62,18413.67,0.75
CAMP-0062,Influenciador_Inverno_2025_05,Influenciador,Geral,2025-05-14,2025-07-20,54923.02,6935977,124235,9433,Last Click,Pausada,13.03,715646.95,5.82
CAMP-0063,Fidelidade_Clientes_2024,TikTok Ads,Acessórios,2024-09-09,2024-10-22,100529.62,26698202,1129785,118829,Linear,Finalizada,3.74,375980.78,0.85
CAMP-0064,TikTok_Viral_2024_08,TikTok Ads,Geral,2024-08-11,2024-11-15,68701.36,10630847,513770,7604,Last Click,Pausada,7.44,511138.12,9.03
CAMP-0065,Stories_Boost_2024,Marketplace,Beleza,2024-01-05,2024-03-27,104390.1,37553390,1160246,78728,Linear,Finalizada,1.58,164936.36,1.33
CAMP-0066,TikTok_Viral_2024,Google Ads,Moda,2024-05-11,2024-07-07,102241.48,36065603,1900144,98429,Last Click,Pausada,3.89,397719.36,1.04
CAMP-0067,CAC_Reducao_2023_10,TikTok Ads,Geral,2023-10-03,2024-01-05,119691.63,38177469,1166952,24306,First Click,Finalizada,2.15,257337.0,4.92
CAMP-0068,Liquida_Beleza_2023_01,Orgânico,Lifestyle,2023-01-11,2023-02-24,45105.96,5709617,203380,14694,Linear,Finalizada,1.7,76680.13,3.07
CAMP-0069,Lancamento_Colecao_2025_11,TikTok Ads,Acessórios,2025-11-08,2025-12-31,28016.18,7960222,253912,21164,Linear,Pausada,7.36,206199.08,1.32
CAMP-0070,Influenciador_Verao_2023_08,Email Marketing,Beleza,2023-08-12,2023-09-26,82899.56,18750840,444588,53319,Linear,Finalizada,1.95,161654.14,1.55
CAMP-0071,Branding_Awareness_2024_12,Influenciador,Geral,2024-12-10,2025-12-31,99638.5,20591076,173399,18234,Linear,Ativa,13.7,1365047.45,5.46
CAMP-0072,Performance_Moda_2023_10,Marketplace,Lifestyle,2023-10-26,2024-01-22,74582.76,22142474,1007222,83105,Linear,Pausada,1.39,103670.04,0.9
CAMP-0073,Push_Carrinho_2024,Orgânico,Moda,2024-08-02,2024-11-10,10997.98,1918436,89915,2636,Last Click,Pausada,4.51,49600.89,4.17
CAMP-0074,Cyber_Monday_2024,Email Marketing,Geral,2024-03-09,2024-05-16,89637.81,16886766,236226,27382,Linear,Finalizada,4.44,397991.88,3.27
CAMP-0075,Lookalike_Gold_2025_06,Orgânico,Acessórios,2025-06-03,2025-06-11,64481.36,14542579,625142,52485,Last Click,Finalizada,3.55,228908.83,1.23
CAMP-0076,Semana_Consumidor_2024_01,Instagram Ads,Beleza,2024-01-20,2024-04-07,109847.66,16569146,187020,18818,First Click,Finalizada,5.25,576700.21,5.84
CAMP-0077,TikTok_Viral_2023_05,Google Ads,Moda,2023-05-16,2025-12-31,28329.04,7139340,201397,10233,Last Click,Ativa,3.95,111899.71,2.77
CAMP-0078,Cyber_Monday_2024,Email Marketing,Beleza,2024-11-04,2025-01-28,112698.56,19104304,838575,28427,First Click,Finalizada,4.42,498127.64,3.96
CAMP-0079,Black_Friday_Main_2025,Orgânico,Lifestyle,2025-11-12,2025-12-31,33250.6,12961955,743349,74826,Linear,Ativa,3.57,118704.64,0.44
CAMP-0080,Feed_Carousel_2024,Instagram Ads,Moda,2024-04-05,2024-05-08,99612.18,25634845,986734,98116,Linear,Pausada,2.74,272937.37,1.02
CAMP-0081,Dia_Das_Maes_2023,Instagram Ads,Lifestyle,2023-03-18,2023-04-16,79394.71,7006555,61466,5955,Last Click,Pausada,2.08,165141.0,13.33
CAMP-0082,Cyber_Monday_2025,Instagram Ads,Beleza,2025-07-17,2025-12-31,7814.25,1746079,46840,3527,First Click,Ativa,6.73,52589.9,2.22
CAMP-0083,LTV_Expansion_2024,Orgânico,Geral,2024-08-21,2024-09-04,101706.37,22010027,299644,26477,Linear,Finalizada,1.32,134252.41,3.84
CAMP-0084,Remarketing_30d_2023,Google Ads,Moda,2023-05-20,2023-08-05,45832.35,12428147,290006,19027,Linear,Finalizada,3.7,169579.7,2.41
CAMP-0085,Performance_Beleza_2025,Orgânico,Geral,2025-04-14,2025-05-20,40804.01,9185784,272188,5568,First Click,Finalizada,2.02,82424.1,7.33
CAMP-0086,Push_Carrinho_2023,Orgânico,Acessórios,2023-02-27,2025-12-31,51938.81,16530485,452565,11003,Linear,Ativa,3.25,168801.13,4.72
CAMP-0087,Performance_Beleza_2024,Instagram Ads,Acessórios,2024-11-25,2025-03-04,116214.16,31625502,831295,61159,First Click,Pausada,4.41,512504.45,1.9
CAMP-0088,Performance_Sempre_Ligada_2024_02,Influenciador,Geral,2024-02-25,2024-03-31,101449.59,39753520,2009866,155750,Linear,Finalizada,9.33,946524.67,0.65
CAMP-0089,Stories_Boost_2023,TikTok Ads,Lifestyle,2023-03-09,2023-04-24,42252.61,5832963,90113,7417,First Click,Finalizada,5.62,237459.67,5.7
CAMP-0090,Influenciador_Inverno_2023_07,Instagram Ads,Geral,2023-07-14,2023-08-10,37534.16,6898873,392912,29698,Linear,Finalizada,2.79,104720.31,1.26
CAMP-0091,Performance_Beleza_2024,Instagram Ads,Moda,2024-08-22,2024-11-14,49819.21,7422168,257118,12333,Last Click,Finalizada,5.39,268525.54,4.04
CAMP-0092,Influenciador_Verao_2023,Email Marketing,Lifestyle,2023-04-13,2023-04-27,24689.89,9443974,452386,42550,Linear,Pausada,1.03,25430.59,0.58
CAMP-0093,CAC_Reducao_2023_07,Marketplace,Beleza,2023-07-18,2023-09-27,8834.64,3143052,32058,386,Last Click,Finalizada,2.25,19877.94,22.89
CAMP-0094,Dia_Dos_Namorados_2025_11,Email Marketing,Acessórios,2025-11-14,2025-12-31,115950.72,15653279,896556,54340,First Click,Pausada,1.35,156533.47,2.13
CAMP-0095,Performance_Moda_2025,Google Ads,Acessórios,2025-07-17,2025-12-31,104488.83,33296153,649999,62206,Linear,Ativa,3.11,324960.26,1.68
CAMP-0096,Retargeting_Carrinho_2024_12,Google Ads,Lifestyle,2024-12-27,2025-01-21,12515.98,2026460,34494,924,Linear,Pausada,3.18,39800.82,13.55
CAMP-0097,Semana_Consumidor_2025,Marketplace,Acessórios,2025-10-15,2025-12-31,103736.78,29119906,461544,8082,Linear,Finalizada,4.19,434657.11,12.84
CAMP-0098,Parceria_Creator_2025,Instagram Ads,Lifestyle,2025-02-10,2025-02-21,44374.76,7626452,316670,37212,Last Click,Pausada,4.54,201461.41,1.19
CAMP-0099,LTV_Expansion_2025,Email Marketing,Geral,2025-01-15,2025-04-05,38718.91,8990580,142453,2394,Linear,Pausada,4.35,168427.26,16.17
CAMP-0100,Feed_Carousel_2025,Instagram Ads,Geral,2025-03-02,2025-05-04,62983.41,17329112,466546,51774,Linear,Finalizada,3.69,232408.78,1.22
CAMP-0101,Retargeting_Carrinho_2023,Instagram Ads,Lifestyle,2023-06-04,2023-07-30,30389.1,10712194,622906,47525,First Click,Finalizada,4.91,149210.48,0.64
CAMP-0102,Lookalike_Gold_2025_12,Influenciador,Lifestyle,2025-12-22,2025-12-31,37287.91,7477619,367647,36562,Linear,Pausada,14.23,530606.96,1.02
CAMP-0103,Influenciador_Inverno_2025,Email Marketing,Moda,2025-11-14,2025-11-23,37202.16,14299549,368500,34741,Last Click,Finalizada,1.62,60267.5,1.07
CAMP-0104,Liquida_Beleza_2025,TikTok Ads,Moda,2025-09-27,2025-12-10,79499.12,28655114,1150148,87062,Linear,Pausada,6.9,548543.93,0.91
CAMP-0105,Cyber_Monday_2025,TikTok Ads,Beleza,2025-08-02,2025-11-03,116356.71,32043536,1510030,145292,Last Click,Pausada,3.51,408412.05,0.8
CAMP-0106,Parceria_Creator_2024,TikTok Ads,Beleza,2024-11-19,2025-01-24,93419.26,22507515,670056,18645,Last Click,Finalizada,2.4,224206.22,5.01
CAMP-0107,Liquidacao_Julho_2024,Instagram Ads,Acessórios,2024-09-04,2024-11-16,34350.55,11136358,247061,27073,First Click,Pausada,2.46,84502.35,1.27
CAMP-0108,Upsell_Platinum_2024,TikTok Ads,Acessórios,2024-01-14,2025-12-31,60340.45,9379861,560121,28700,Linear,Ativa,2.14,129128.56,2.1
CAMP-0109,Retargeting_Carrinho_2023,Orgânico,Lifestyle,2023-03-02,2023-06-23,83589.42,10399665,464738,27580,First Click,Finalizada,1.08,90276.57,3.03
CAMP-0110,Retargeting_Carrinho_2025_12,TikTok Ads,Beleza,2025-12-20,2025-12-31,28669.3,3411402,69588,5586,Last Click,Finalizada,2.22,63645.85,5.13
CAMP-0111,Performance_Beleza_2023,Email Marketing,Geral,2023-11-17,2024-02-23,35094.38,2825118,74431,5416,Last Click,Pausada,1.34,47026.47,6.48
CAMP-0112,Performance_Sempre_Ligada_2025,Instagram Ads,Geral,2025-09-26,2025-12-12,46976.36,10825383,444434,52405,First Click,Pausada,3.79,178040.4,0.9
CAMP-0113,Performance_Moda_2025,Influenciador,Beleza,2025-11-21,2025-12-31,69912.02,22521266,336406,16400,Linear,Ativa,3.04,212532.54,4.26
CAMP-0114,LTV_Expansion_2025_03,Marketplace,Acessórios,2025-03-26,2025-12-31,85982.2,32841214,325888,10485,Last Click,Ativa,1.17,100599.17,8.2
CAMP-0115,Natal_Presentes_2025_08,Email Marketing,Acessórios,2025-08-09,2025-12-31,77698.68,13329634,704220,10745,Last Click,Ativa,1.5,116548.02,7.23
CAMP-0116,Liquidacao_Julho_2025,Marketplace,Acessórios,2025-08-13,2025-09-12,83109.81,16418427,812041,31945,Linear,Finalizada,1.32,109704.95,2.6
CAMP-0117,Lancamento_Colecao_2025,TikTok Ads,Beleza,2025-05-11,2025-12-31,39484.8,6894234,215014,19123,First Click,Ativa,3.79,149647.39,2.06
CAMP-0118,Performance_Sempre_Ligada_2025_07,Orgânico,Lifestyle,2025-07-09,2025-10-25,9189.93,2609976,70187,6886,Linear,Pausada,1.57,14428.19,1.33
CAMP-0119,Dia_Dos_Namorados_2023,Orgânico,Acessórios,2023-03-03,2023-05-31,43585.64,16729453,162008,4354,First Click,Finalizada,2.49,108528.24,10.01
CAMP-0120,Influenciador_Verao_2025_06,Email Marketing,Beleza,2025-06-13,2025-07-25,115270.3,10177476,179881,12043,Last Click,Pausada,2.05,236304.11,9.57
CAMP-0121,Retargeting_Carrinho_2023,Orgânico,Acessórios,2023-10-10,2023-12-18,14891.96,5255438,165578,18023,Last Click,Pausada,4.24,63141.91,0.83
CAMP-0122,Influenciador_Verao_2025_02,Orgânico,Lifestyle,2025-02-18,2025-04-04,85474.73,32202076,1325450,128975,First Click,Pausada,4.94,422245.17,0.66
CAMP-0123,Email_Reativacao_2023_06,Google Ads,Acessórios,2023-06-18,2023-08-23,73511.41,7909015,190473,22848,Last Click,Pausada,3.41,250673.91,3.22
CAMP-0124,Liquida_Beleza_2023_03,TikTok Ads,Geral,2023-03-11,2023-05-14,81677.06,15538630,833708,79893,First Click,Finalizada,6.49,530084.12,1.02
CAMP-0125,CAC_Reducao_2023_02,Marketplace,Geral,2023-02-17,2023-03-17,38854.76,11927878,310043,35189,First Click,Pausada,1.32,51288.28,1.1
CAMP-0126,Stories_Boost_2024_03,Orgânico,Geral,2024-03-21,2024-06-04,60408.26,8092501,460977,12428,Last Click,Pausada,4.61,278482.08,4.86
CAMP-0127,Performance_Moda_2023,TikTok Ads,Geral,2023-01-03,2025-12-31,77046.16,20383855,853242,80516,Linear,Ativa,1.7,130978.47,0.96
CAMP-0128,Black_Friday_Main_2025,Email Marketing,Lifestyle,2025-05-16,2025-09-03,35832.58,3703346,41164,2402,First Click,Finalizada,2.36,84564.89,14.92
CAMP-0129,Cyber_Monday_2025,Influenciador,Lifestyle,2025-06-13,2025-12-31,44590.72,11581475,284835,17463,First Click,Ativa,2.54,113260.43,2.55
CAMP-0130,Lancamento_Colecao_2025_07,Influenciador,Acessórios,2025-07-08,2025-08-04,112063.43,34824954,622369,17132,Last Click,Finalizada,7.73,866250.31,6.54
CAMP-0131,Performance_Beleza_2023_07,Marketplace,Moda,2023-07-17,2023-08-23,70084.62,6698029,151579,11478,Linear,Pausada,2.88,201843.71,6.11
CAMP-0132,Retargeting_Carrinho_2024_03,Instagram Ads,Moda,2024-03-09,2024-06-21,44039.29,9168368,345231,10844,Last Click,Finalizada,3.93,173074.41,4.06
CAMP-0133,Black_Friday_Main_2024_10,TikTok Ads,Geral,2024-10-22,2024-11-14,47389.66,15845543,406159,46011,Last Click,Pausada,5.42,256851.96,1.03
CAMP-0134,Dia_Das_Maes_2023_01,Email Marketing,Moda,2023-01-05,2023-04-24,62416.06,7968097,433805,11008,Linear,Finalizada,1.65,102986.5,5.67
CAMP-0135,Liquidacao_Julho_2025_06,Orgânico,Lifestyle,2025-06-17,2025-08-31,85107.03,14973133,754929,38138,Linear,Finalizada,3.33,283406.41,2.23
CAMP-0136,Lookalike_Gold_2025_08,TikTok Ads,Moda,2025-08-09,2025-11-24,86623.73,23104926,389702,30861,Linear,Pausada,3.97,343896.21,2.81
CAMP-0137,Fidelidade_Clientes_2025_12,Google Ads,Moda,2025-12-04,2025-12-31,50369.88,10685830,198781,12960,Linear,Finalizada,3.87,194931.44,3.89
CAMP-0138,Dia_Dos_Namorados_2025,Orgânico,Moda,2025-03-17,2025-05-04,63152.16,11392702,193738,21375,Linear,Finalizada,3.7,233662.99,2.95
CAMP-0139,TikTok_Viral_2025,Orgânico,Lifestyle,2025-08-07,2025-09-18,27139.07,10620370,249323,10419,Last Click,Finalizada,2.96,80331.65,2.6
CAMP-0140,Remarketing_30d_2025_05,Influenciador,Geral,2025-05-10,2025-12-31,81259.35,16373932,965543,96575,First Click,Ativa,2.62,212899.5,0.84
CAMP-0141,Parceria_Creator_2024,Influenciador,Moda,2024-08-21,2024-10-28,24407.75,6159172,348099,30138,First Click,Pausada,11.24,274343.11,0.81
CAMP-0142,Push_Carrinho_2025,Google Ads,Moda,2025-09-08,2025-09-21,49713.5,15389041,203571,19295,First Click,Pausada,3.98,197859.73,2.58
CAMP-0143,Stories_Boost_2024,Marketplace,Acessórios,2024-11-07,2024-12-20,34392.76,3402545,163232,13344,First Click,Finalizada,3.89,133787.84,2.58
CAMP-0144,UGC_Organico_2023,Google Ads,Acessórios,2023-01-27,2023-04-07,112405.73,43600164,2448326,260604,Last Click,Pausada,3.6,404660.63,0.43
CAMP-0145,TikTok_Viral_2025_09,Influenciador,Acessórios,2025-09-17,2025-10-11,32885.88,11142408,280739,25385,Linear,Finalizada,3.2,105234.82,1.3
CAMP-0146,Influenciador_Inverno_2025,Influenciador,Lifestyle,2025-11-25,2025-12-31,99273.38,24311039,304139,25431,First Click,Finalizada,7.42,736608.48,3.9
CAMP-0147,Performance_Beleza_2024,Instagram Ads,Lifestyle,2024-04-15,2024-06-03,69978.8,18426870,398034,19722,Last Click,Finalizada,2.59,181245.09,3.55
CAMP-0148,Fidelidade_Clientes_2025_09,Google Ads,Acessórios,2025-09-23,2025-12-27,76717.62,29229674,792483,27176,Linear,Pausada,3.15,241660.5,2.82
CAMP-0149,Email_Reativacao_2024_12,Email Marketing,Lifestyle,2024-12-18,2025-03-31,91470.78,27231712,1061556,102557,First Click,Pausada,3.82,349418.38,0.89
CAMP-0150,Fidelidade_Clientes_2023_09,Email Marketing,Moda,2023-09-17,2023-12-01,19911.55,7037449,217989,18492,Linear,Pausada,1.36,27079.71,1.08
CAMP-0151,Performance_Sempre_Ligada_2024,Marketplace,Moda,2024-03-17,2024-06-04,67143.9,19826631,476331,5904,Linear,Pausada,3.98,267232.72,11.37
CAMP-0152,Liquidacao_Julho_2024,Instagram Ads,Moda,2024-06-23,2025-12-31,119296.01,45221120,524067,59070,First Click,Ativa,2.9,345958.43,2.02
CAMP-0153,Influenciador_Verao_2024_07,TikTok Ads,Acessórios,2024-07-15,2024-09-08,9813.95,3812976,203905,5021,Linear,Finalizada,2.66,26105.11,1.95
CAMP-0154,Cyber_Monday_2023,Marketplace,Geral,2023-12-08,2024-03-20,117423.18,26791419,1216139,68899,Last Click,Pausada,1.99,233672.13,1.7
CAMP-0155,Black_Friday_Main_2023,Google Ads,Lifestyle,2023-12-25,2025-12-31,97175.49,20810810,995480,106728,Linear,Ativa,3.07,298328.75,0.91
CAMP-0156,Email_Reativacao_2025,Instagram Ads,Acessórios,2025-11-23,2025-12-31,48391.39,7500112,144737,15198,First Click,Pausada,6.97,337287.99,3.18
CAMP-0157,Natal_Presentes_2024,TikTok Ads,Geral,2024-10-20,2025-02-08,28581.1,10300704,610380,41101,Linear,Finalizada,1.9,54304.09,0.7
CAMP-0158,Influenciador_Inverno_2025,Orgânico,Beleza,2025-11-14,2025-11-27,113002.05,33316350,1627898,73354,First Click,Finalizada,2.2,248604.51,1.54
CAMP-0159,Influenciador_Inverno_2024_04,TikTok Ads,Geral,2024-04-28,2024-08-22,96731.98,36053670,1342785,156376,Last Click,Pausada,4.02,388862.56,0.62
CAMP-0160,Remarketing_30d_2025,Google Ads,Lifestyle,2025-02-15,2025-03-05,6374.09,1279240,50476,724,Linear,Pausada,3.76,23966.58,8.8
CAMP-0161,Feed_Carousel_2023,Orgânico,Geral,2023-08-07,2023-09-25,114850.97,9751626,553232,64080,First Click,Finalizada,2.92,335364.83,1.79
CAMP-0162,Email_Reativacao_2025,Orgânico,Geral,2025-04-13,2025-06-29,93106.56,18789998,671738,33263,Last Click,Finalizada,4.53,421772.72,2.8
CAMP-0163,Semana_Consumidor_2024_04,Instagram Ads,Acessórios,2024-04-12,2024-04-24,89002.03,7582115,278811,20699,Last Click,Pausada,2.76,245645.6,4.3
CAMP-0164,Liquida_Beleza_2025,Google Ads,Acessórios,2025-04-16,2025-07-19,31027.75,10639707,619852,49951,Last Click,Finalizada,3.73,115733.51,0.62
CAMP-0165,Performance_Sempre_Ligada_2025,Google Ads,Beleza,2025-09-16,2025-12-31,62968.54,21944656,260377,26032,Linear,Pausada,3.41,214722.72,2.42
CAMP-0166,Performance_Sempre_Ligada_2025_03,Google Ads,Moda,2025-03-01,2025-05-05,7441.92,2114049,119576,13201,Linear,Finalizada,3.01,22400.18,0.56
CAMP-0167,Upsell_Platinum_2023,Marketplace,Moda,2023-09-24,2023-11-06,60365.48,18309749,556429,63081,First Click,Pausada,1.39,83908.02,0.96
CAMP-0168,Semana_Consumidor_2025_09,Google Ads,Beleza,2025-09-09,2025-10-20,9666.51,3740700,119208,4381,First Click,Finalizada,3.68,35572.76,2.21
CAMP-0169,Dia_Das_Maes_2023_07,Orgânico,Moda,2023-07-13,2023-09-18,76482.42,23320288,286832,29539,First Click,Pausada,3.26,249332.69,2.59
CAMP-0170,Performance_Beleza_2023_04,Email Marketing,Moda,2023-04-28,2023-07-16,32677.19,12277832,535194,21857,Last Click,Finalizada,1.13,36925.22,1.5
CAMP-0171,Performance_Beleza_2025_03,Instagram Ads,Beleza,2025-03-25,2025-07-15,111479.22,19594546,731382,52905,Last Click,Finalizada,6.48,722385.35,2.11
CAMP-0172,Parceria_Creator_2025_12,Marketplace,Beleza,2025-12-03,2025-12-31,11902.76,1836430,21950,1680,Last Click,Pausada,2.59,30828.15,7.08
CAMP-0173,Cyber_Monday_2024,Instagram Ads,Lifestyle,2024-08-08,2024-10-02,22451.39,6005298,166729,15828,First Click,Finalizada,5.57,125054.24,1.42
CAMP-0174,Natal_Presentes_2024,Influenciador,Beleza,2024-12-26,2025-04-06,38138.05,4351410,35986,1580,First Click,Finalizada,1.98,75513.34,24.14
CAMP-0175,Performance_Sempre_Ligada_2024_09,Google Ads,Acessórios,2024-09-18,2024-10-08,10936.34,2814470,109877,10579,Last Click,Pausada,3.29,35980.56,1.03
CAMP-0176,Natal_Presentes_2025,TikTok Ads,Moda,2025-09-08,2025-10-06,20506.31,3405156,74767,1947,Last Click,Finalizada,4.24,86946.75,10.53
CAMP-0177,Volta_as_Aulas_2024_05,TikTok Ads,Moda,2024-05-08,2024-07-17,55051.82,6791007,56717,3035,Last Click,Pausada,6.73,370498.75,18.14
CAMP-0178,Dia_Das_Maes_2024_11,Marketplace,Lifestyle,2024-11-20,2025-12-31,38615.69,14794800,272879,12159,Linear,Ativa,2.17,83796.05,3.18
CAMP-0179,Feed_Carousel_2025,Orgânico,Acessórios,2025-04-11,2025-07-31,43928.86,16616595,305572,36576,Linear,Finalizada,3.2,140572.35,1.2
CAMP-0180,Liquidacao_Julho_2024,Marketplace,Beleza,2024-05-27,2024-09-15,80822.72,10065444,239027,9034,First Click,Finalizada,4.16,336222.52,8.95
CAMP-0181,Performance_Moda_2024_10,Marketplace,Geral,2024-10-13,2025-02-08,65328.7,21756462,580800,63019,First Click,Finalizada,4.66,304431.74,1.04
CAMP-0182,Remarketing_30d_2025,TikTok Ads,Beleza,2025-11-12,2025-12-31,67673.79,19382449,806904,93882,First Click,Pausada,4.3,290997.3,0.72
CAMP-0183,Dia_Dos_Namorados_2023_09,Instagram Ads,Lifestyle,2023-09-24,2023-12-14,53604.27,10997609,529664,39589,Last Click,Pausada,6.99,374693.85,1.35
CAMP-0184,Influenciador_Verao_2024,Instagram Ads,Lifestyle,2024-02-04,2024-05-14,41929.77,7957487,388182,26133,Linear,Pausada,4.19,175685.74,1.6
CAMP-0185,Cyber_Monday_2023_05,Marketplace,Lifestyle,2023-05-02,2023-05-23,101931.76,29290129,1265662,35538,Linear,Pausada,3.06,311911.19,2.87
CAMP-0186,Lancamento_Colecao_2025_07,Google Ads,Lifestyle,2025-07-15,2025-09-11,22529.15,6541080,186880,17027,Last Click,Pausada,3.59,80879.65,1.32
CAMP-0187,Influenciador_Verao_2023,Instagram Ads,Beleza,2023-05-25,2023-09-10,69366.28,23296023,836751,42036,Last Click,Pausada,3.31,229602.39,1.65
CAMP-0188,Upsell_Platinum_2025_07,Email Marketing,Lifestyle,2025-07-20,2025-08-10,42367.79,9596956,162874,13696,First Click,Finalizada,3.46,146592.55,3.09
CAMP-0189,Liquida_Beleza_2024,Orgânico,Beleza,2024-02-08,2024-03-09,83273.7,20274144,603124,15177,Linear,Finalizada,2.95,245657.42,5.49
CAMP-0190,Black_Friday_Main_2025,Orgânico,Beleza,2025-03-16,2025-04-15,101069.83,28118758,1490495,170963,Linear,Finalizada,4.26,430557.48,0.59
CAMP-0191,Natal_Presentes_2024,Email Marketing,Acessórios,2024-11-16,2025-03-10,58746.2,6253803,60066,5629,Last Click,Finalizada,1.9,111617.78,10.44
CAMP-0192,Feed_Carousel_2025_12,Google Ads,Acessórios,2025-12-25,2025-12-31,68811.14,11403688,413287,49180,Linear,Pausada,3.04,209185.87,1.4
CAMP-0193,Lancamento_Colecao_2023_07,Marketplace,Geral,2023-07-04,2023-10-02,35865.53,14338323,450023,21755,First Click,Pausada,4.46,159960.26,1.65
CAMP-0194,Dia_Dos_Namorados_2023,TikTok Ads,Beleza,2023-12-19,2024-04-14,20084.6,2501641,46891,1536,Linear,Finalizada,4.96,99619.62,13.08
CAMP-0195,Performance_Moda_2024,Email Marketing,Beleza,2024-12-10,2025-01-20,16443.55,5262431,154731,2556,First Click,Pausada,1.51,24829.76,6.43
CAMP-0196,Performance_Moda_2025,Google Ads,Beleza,2025-06-27,2025-10-19,58837.16,15578677,342314,19020,First Click,Finalizada,3.79,222992.84,3.09
CAMP-0197,Stories_Boost_2025_05,Marketplace,Geral,2025-05-23,2025-07-16,114040.44,21066983,171245,16294,Linear,Finalizada,4.89,557657.75,7.0
CAMP-0198,CAC_Reducao_2023,Orgânico,Lifestyle,2023-09-13,2023-11-13,59466.85,10901275,247969,17408,Last Click,Pausada,2.94,174832.54,3.42
CAMP-0199,Black_Friday_Main_2023_02,Orgânico,Moda,2023-02-21,2023-04-27,15083.61,5346363,165453,1666,First Click,Pausada,4.98,75116.38,9.05
CAMP-0200,TikTok_Viral_2023,Orgânico,Lifestyle,2023-05-03,2023-06-11,44746.88,16521267,274373,14705,Last Click,Pausada,4.02,179882.46,3.04
CAMP-0201,Influenciador_Verao_2025,Orgânico,Moda,2025-02-01,2025-02-17,71322.8,17561253,546918,5954,Last Click,Pausada,4.95,353047.86,11.98
CAMP-0202,CAC_Reducao_2024_02,Orgânico,Beleza,2024-02-08,2024-05-18,12563.54,2482803,58498,3047,Linear,Pausada,1.53,19222.22,4.12
CAMP-0203,Lancamento_Colecao_2025_10,Google Ads,Moda,2025-10-01,2025-10-29,42272.29,6263812,293835,32671,First Click,Finalizada,3.86,163171.04,1.29
CAMP-0204,Stories_Boost_2023_10,Instagram Ads,Beleza,2023-10-24,2023-12-24,94970.98,15128083,628122,23427,Linear,Finalizada,5.04,478653.74,4.05
CAMP-0205,Influenciador_Verao_2023,Instagram Ads,Lifestyle,2023-09-20,2023-12-31,35605.94,3470230,189791,21828,Linear,Finalizada,3.21,114295.07,1.63
CAMP-0206,Feed_Carousel_2025_01,Email Marketing,Moda,2025-01-12,2025-02-04,103325.52,27059065,730633,62194,Linear,Finalizada,1.29,133289.92,1.66
CAMP-0207,Retargeting_Carrinho_2024_04,Instagram Ads,Moda,2024-04-02,2024-07-19,60891.95,17119322,582990,32471,Linear,Finalizada,5.2,316638.14,1.88
CAMP-0208,Feed_Carousel_2024_02,Email Marketing,Beleza,2024-02-10,2025-12-31,110526.8,43302220,696282,31988,Linear,Ativa,4.34,479686.31,3.46
CAMP-0209,Semana_Consumidor_2024_12,Orgânico,Moda,2024-12-14,2025-04-08,7137.13,767870,23491,1406,Linear,Pausada,3.66,26121.9,5.08
CAMP-0210,Natal_Presentes_2023_01,Orgânico,Beleza,2023-01-23,2025-12-31,1559.8,372561,9697,648,First Click,Ativa,1.67,2604.87,2.41
CAMP-0211,Lancamento_Colecao_2025,Orgânico,Lifestyle,2025-02-25,2025-04-15,32783.28,3292721,148306,10890,First Click,Finalizada,3.04,99661.17,3.01
CAMP-0212,Fidelidade_Clientes_2023,Marketplace,Geral,2023-06-06,2023-06-26,27562.85,6692920,68869,7225,First Click,Pausada,2.46,67804.61,3.81
CAMP-0213,Influenciador_Verao_2025_12,Google Ads,Moda,2025-12-24,2025-12-31,29941.93,11170541,275204,27756,First Click,Finalizada,3.5,104796.76,1.08
CAMP-0214,Performance_Sempre_Ligada_2025_01,Google Ads,Beleza,2025-01-13,2025-12-31,55918.28,9525019,494653,22755,Last Click,Ativa,3.37,188444.6,2.46
CAMP-0215,Influenciador_Inverno_2025_10,Email Marketing,Lifestyle,2025-10-08,2025-12-29,119734.9,39306992,1811584,127031,Last Click,Finalizada,1.03,123326.95,0.94
CAMP-0216,Influenciador_Verao_2025_06,Instagram Ads,Beleza,2025-06-21,2025-10-18,114128.63,9183685,387365,40049,First Click,Pausada,3.03,345809.75,2.85
CAMP-0217,Retargeting_Carrinho_2023_03,Marketplace,Acessórios,2023-03-23,2023-04-04,107695.04,26527759,1179000,60098,Linear,Pausada,3.32,357547.53,1.79
CAMP-0218,Volta_as_Aulas_2023_10,Google Ads,Acessórios,2023-10-19,2025-12-31,79560.78,9692623,224550,23263,Linear,Ativa,3.7,294374.89,3.42
CAMP-0219,Lancamento_Colecao_2024,Influenciador,Lifestyle,2024-05-08,2025-12-31,24484.97,8069752,309917,8397,First Click,Ativa,5.05,123649.1,2.92
CAMP-0220,Black_Friday_Main_2023_08,Email Marketing,Lifestyle,2023-08-10,2023-12-04,11032.42,3733713,88933,7783,Last Click,Pausada,4.34,47880.7,1.42
CAMP-0221,Stories_Boost_2025,Google Ads,Moda,2025-04-12,2025-04-25,31367.98,12453606,119757,6524,First Click,Finalizada,3.55,111356.33,4.81
CAMP-0222,Performance_Moda_2023_02,Marketplace,Moda,2023-02-01,2025-12-31,93759.01,14170005,259352,14021,Linear,Ativa,1.34,125637.07,6.69
CAMP-0223,Branding_Awareness_2023_02,Influenciador,Moda,2023-02-07,2023-04-11,11219.04,3939320,197210,4630,Linear,Pausada,2.94,32983.98,2.42
CAMP-0224,Parceria_Creator_2024,Marketplace,Acessórios,2024-01-13,2024-02-11,25922.99,3626324,81782,8765,Linear,Finalizada,3.47,89952.78,2.96
CAMP-0225,Performance_Moda_2024_09,Influenciador,Acessórios,2024-09-16,2025-12-31,33717.16,4178079,76758,8237,Linear,Ativa,14.91,502722.86,4.09
CAMP-0226,Parceria_Creator_2024,TikTok Ads,Moda,2024-12-12,2025-03-29,41415.29,10809736,267253,10622,Last Click,Finalizada,2.92,120932.65,3.9
CAMP-0227,Branding_Awareness_2025_06,Instagram Ads,Acessórios,2025-06-25,2025-07-31,12196.09,3539264,77366,7720,First Click,Pausada,5.82,70981.24,1.58
CAMP-0228,UGC_Organico_2024_03,Email Marketing,Acessórios,2024-03-06,2024-04-22,109694.8,9765700,433881,49562,Last Click,Finalizada,4.79,525438.09,2.21
CAMP-0229,Black_Friday_Main_2023_08,Email Marketing,Lifestyle,2023-08-02,2025-12-31,28068.28,4210771,148957,1500,Last Click,Ativa,4.23,118728.82,18.71
CAMP-0230,Retargeting_Carrinho_2024,Orgânico,Beleza,2024-01-01,2025-12-31,84622.62,10605655,146017,9913,Linear,Ativa,2.49,210710.32,8.54
CAMP-0231,TikTok_Viral_2023_06,Marketplace,Geral,2023-06-10,2023-07-07,95062.73,36828430,1537858,44847,Linear,Finalizada,4.56,433486.05,2.12
CAMP-0232,UGC_Organico_2023_11,TikTok Ads,Lifestyle,2023-11-19,2024-01-13,88132.6,15356711,264762,2699,Linear,Finalizada,4.05,356937.03,32.65
CAMP-0233,Liquida_Beleza_2025_06,Instagram Ads,Beleza,2025-06-26,2025-07-31,112415.2,14052560,657067,23772,First Click,Pausada,5.18,582310.74,4.73
CAMP-0234,Liquidacao_Julho_2024,TikTok Ads,Lifestyle,2024-01-09,2024-04-13,42187.64,13999816,636452,9735,Last Click,Pausada,7.8,329063.59,4.33
CAMP-0235,Retargeting_Carrinho_2024,Marketplace,Acessórios,2024-09-13,2025-12-31,57642.81,20549444,860002,73605,First Click,Ativa,4.2,242099.8,0.78
CAMP-0236,Retargeting_Carrinho_2024_05,Influenciador,Moda,2024-05-04,2025-12-31,20578.6,4118735,189722,13313,Linear,Ativa,5.4,111124.44,1.55
CAMP-0237,Upsell_Platinum_2024_11,Marketplace,Moda,2024-11-06,2025-01-07,6615.98,1230243,72176,3971,Last Click,Pausada,3.92,25934.64,1.67
CAMP-0238,Semana_Consumidor_2024,Orgânico,Lifestyle,2024-04-04,2025-12-31,68698.02,23958670,383019,19032,Linear,Ativa,4.3,295401.49,3.61
CAMP-0239,LTV_Expansion_2023,Email Marketing,Acessórios,2023-02-01,2023-04-30,117251.51,27148720,380257,36632,First Click,Finalizada,3.64,426795.5,3.2
CAMP-0240,Branding_Awareness_2024,Orgânico,Geral,2024-03-12,2024-05-05,53603.88,8804689,283361,9885,Linear,Pausada,1.6,85766.21,5.42
CAMP-0241,CAC_Reducao_2023_11,Orgânico,Moda,2023-11-12,2024-01-10,66521.51,23219671,1173918,65797,Linear,Pausada,4.75,315977.17,1.01
CAMP-0242,Influenciador_Verao_2024_02,Google Ads,Acessórios,2024-02-13,2024-05-21,60351.76,22218236,1102544,93196,Last Click,Pausada,3.95,238389.45,0.65
CAMP-0243,Parceria_Creator_2023,Google Ads,Beleza,2023-04-05,2025-12-31,9588.55,2863142,52967,5322,Linear,Ativa,3.26,31258.67,1.8
CAMP-0244,Remarketing_30d_2023_07,TikTok Ads,Moda,2023-07-18,2023-09-04,62458.64,23327790,201620,17550,Last Click,Finalizada,4.23,264200.05,3.56
CAMP-0245,Liquidacao_Julho_2025,Google Ads,Beleza,2025-10-19,2025-11-07,67609.51,7593693,173719,11972,Linear,Pausada,3.26,220407.0,5.65
CAMP-0246,TikTok_Viral_2025_08,Marketplace,Geral,2025-08-02,2025-09-29,74265.69,22120787,639057,34213,Linear,Pausada,1.95,144818.1,2.17
CAMP-0247,Influenciador_Inverno_2024_01,Marketplace,Lifestyle,2024-01-11,2024-02-25,33785.53,8017919,354404,7372,Linear,Finalizada,2.2,74328.17,4.58
CAMP-0248,Dia_Dos_Namorados_2024_12,Marketplace,Lifestyle,2024-12-14,2025-01-01,53117.65,19775621,576911,36513,Linear,Pausada,4.28,227343.54,1.45
CAMP-0249,Branding_Awareness_2023,TikTok Ads,Beleza,2023-05-23,2023-06-16,21013.74,7566160,139503,2279,Linear,Pausada,7.47,156972.64,9.22
CAMP-0250,Push_Carrinho_2024,Google Ads,Lifestyle,2024-08-17,2024-09-08,29184.18,6899483,215245,24894,First Click,Pausada,3.35,97767.0,1.17
CAMP-0251,Performance_Beleza_2025_12,TikTok Ads,Lifestyle,2025-12-03,2025-12-31,19716.31,5187806,301804,31472,Linear,Pausada,2.84,55994.32,0.63
CAMP-0252,TikTok_Viral_2023,Marketplace,Geral,2023-11-01,2023-11-24,72216.81,5972936,126174,12435,Last Click,Pausada,3.57,257814.01,5.81
CAMP-0253,Push_Carrinho_2024_05,Marketplace,Lifestyle,2024-05-07,2024-08-08,70221.56,5782831,346798,40337,Linear,Finalizada,3.59,252095.4,1.74
CAMP-0254,LTV_Expansion_2025_02,Influenciador,Lifestyle,2025-02-16,2025-12-31,118605.64,33801459,1784634,69112,First Click,Ativa,9.95,1180126.12,1.72
CAMP-0255,Natal_Presentes_2023_01,Google Ads,Geral,2023-01-26,2023-05-16,79331.53,23628248,1075244,88271,Last Click,Finalizada,3.91,310186.28,0.9
CAMP-0256,Semana_Consumidor_2025,Marketplace,Moda,2025-12-19,2025-12-31,82420.91,23428996,767023,87036,Linear,Pausada,4.38,361003.59,0.95
CAMP-0257,Dia_Das_Maes_2024_02,Email Marketing,Beleza,2024-02-16,2025-12-31,31186.49,10561929,503505,15174,First Click,Ativa,3.62,112895.09,2.06
CAMP-0258,UGC_Organico_2025_05,Influenciador,Beleza,2025-05-14,2025-07-02,31415.0,5469237,285839,17653,Linear,Finalizada,8.91,279907.65,1.78
CAMP-0259,UGC_Organico_2023,Instagram Ads,Acessórios,2023-09-04,2023-10-29,49690.25,17822487,282316,33640,Last Click,Finalizada,6.46,320999.02,1.48
CAMP-0260,Black_Friday_Main_2025,Google Ads,Lifestyle,2025-03-25,2025-12-31,40049.01,15848391,385076,6308,First Click,Ativa,3.76,150584.28,6.35
CAMP-0261,Dia_Dos_Namorados_2024,Email Marketing,Beleza,2024-02-05,2024-05-03,48526.54,18872209,527147,7459,Last Click,Finalizada,4.8,232927.39,6.51
CAMP-0262,Email_Reativacao_2023,TikTok Ads,Geral,2023-01-22,2025-12-31,88085.67,13424698,719607,31900,First Click,Ativa,5.33,469496.62,2.76
CAMP-0263,Feed_Carousel_2024,Instagram Ads,Moda,2024-05-15,2024-08-06,52153.09,15633913,233837,27961,Last Click,Finalizada,2.94,153330.08,1.87
CAMP-0264,Feed_Carousel_2023_12,Instagram Ads,Beleza,2023-12-05,2023-12-14,14954.81,4599430,226248,11599,First Click,Pausada,4.67,69838.96,1.29
CAMP-0265,TikTok_Viral_2025,Email Marketing,Moda,2025-02-21,2025-03-06,50129.71,10110220,368605,22921,First Click,Pausada,3.74,187485.12,2.19
CAMP-0266,Remarketing_30d_2025,Influenciador,Acessórios,2025-02-22,2025-05-19,50375.33,18515906,640694,49940,First Click,Pausada,2.04,102765.67,1.01
CAMP-0267,Cyber_Monday_2024,Email Marketing,Beleza,2024-09-07,2024-11-05,19412.76,4958104,274374,23514,Linear,Finalizada,1.01,19606.89,0.83
CAMP-0268,Cyber_Monday_2025,Instagram Ads,Moda,2025-11-16,2025-12-31,10991.9,2679228,122240,2584,Last Click,Ativa,4.28,47045.33,4.25
CAMP-0269,LTV_Expansion_2023_02,Influenciador,Acessórios,2023-02-27,2023-03-11,43353.72,12857208,387667,8819,First Click,Finalizada,1.17,50723.85,4.92
CAMP-0270,Lookalike_Gold_2024,Orgânico,Beleza,2024-06-15,2024-07-26,44840.13,8504884,118381,6395,Last Click,Pausada,2.54,113893.93,7.01
CAMP-0271,Fidelidade_Clientes_2025_03,TikTok Ads,Acessórios,2025-03-04,2025-12-31,87224.05,34375184,1784284,38198,Linear,Ativa,6.71,585273.38,2.28
CAMP-0272,Performance_Moda_2025,Marketplace,Beleza,2025-07-25,2025-08-04,58072.94,13716787,742831,43437,Linear,Pausada,2.26,131244.84,1.34
CAMP-0273,Fidelidade_Clientes_2025_10,TikTok Ads,Geral,2025-10-24,2025-12-31,62388.14,18731248,752030,43326,Linear,Finalizada,3.75,233955.52,1.44
CAMP-0274,Retargeting_Carrinho_2023_09,Orgânico,Acessórios,2023-09-20,2025-12-31,77279.17,10063043,524686,54412,Last Click,Ativa,4.01,309889.47,1.42
CAMP-0275,CAC_Reducao_2024,Google Ads,Lifestyle,2024-01-17,2024-04-15,48512.58,7529152,239976,23550,Last Click,Finalizada,3.5,169794.03,2.06
CAMP-0276,Parceria_Creator_2025_11,Instagram Ads,Acessórios,2025-11-01,2025-12-31,49598.16,12810308,102595,2051,Linear,Ativa,5.19,257414.45,24.18
CAMP-0277,TikTok_Viral_2025_11,Email Marketing,Beleza,2025-11-15,2025-12-31,98027.32,34327361,867197,81877,Linear,Pausada,3.63,355839.17,1.2
CAMP-0278,Influenciador_Verao_2023,Marketplace,Moda,2023-11-08,2025-12-31,42745.65,12087254,599472,42110,First Click,Ativa,1.18,50439.87,1.02
CAMP-0279,TikTok_Viral_2025_12,Marketplace,Beleza,2025-12-24,2025-12-31,22667.7,8560892,243391,14670,Last Click,Pausada,2.35,53269.1,1.55
CAMP-0280,UGC_Organico_2023,Instagram Ads,Geral,2023-08-15,2023-10-25,115669.8,9414138,435715,30872,Linear,Pausada,4.41,510103.82,3.75
CAMP-0281,Parceria_Creator_2025,TikTok Ads,Beleza,2025-10-06,2025-10-29,46611.19,12686387,683798,44756,First Click,Pausada,7.45,347253.37,1.04
CAMP-0282,Dia_Das_Maes_2024_05,Influenciador,Acessórios,2024-05-15,2024-06-08,72382.43,26322579,911796,93676,Linear,Finalizada,10.82,783177.89,0.77
CAMP-0283,Push_Carrinho_2023,Orgânico,Beleza,2023-04-20,2023-07-23,110558.77,13538469,608427,71350,Last Click,Finalizada,3.78,417912.15,1.55
CAMP-0284,Performance_Sempre_Ligada_2024,Orgânico,Moda,2024-09-16,2024-12-17,80974.37,29639625,1060000,112913,First Click,Finalizada,3.09,250210.8,0.72
CAMP-0285,Black_Friday_Main_2023_11,Marketplace,Beleza,2023-11-02,2024-02-13,118027.18,35252937,550449,9260,First Click,Pausada,4.01,473288.99,12.75
CAMP-0286,Semana_Consumidor_2023_10,Influenciador,Acessórios,2023-10-28,2024-01-14,89141.05,23141602,471046,45349,First Click,Pausada,10.55,940438.08,1.97
CAMP-0287,Cyber_Monday_2024,Marketplace,Acessórios,2024-11-11,2024-11-24,89291.66,12946211,688482,72048,Linear,Pausada,4.65,415206.22,1.24
CAMP-0288,Email_Reativacao_2025,Orgânico,Lifestyle,2025-09-24,2025-12-31,35442.49,4847692,210866,6445,First Click,Pausada,1.48,52454.89,5.5
CAMP-0289,Parceria_Creator_2025_05,Marketplace,Lifestyle,2025-05-05,2025-08-28,876.29,200868,11399,164,Linear,Finalizada,1.2,1051.55,5.34
CAMP-0290,Push_Carrinho_2024,Email Marketing,Lifestyle,2024-10-18,2025-02-02,63142.33,24387845,855318,82528,First Click,Finalizada,3.15,198898.34,0.77
CAMP-0291,Performance_Moda_2023_11,Influenciador,Beleza,2023-11-11,2023-12-25,114046.93,31687915,1035959,74326,Linear,Pausada,0.63,71849.57,1.53
CAMP-0292,Push_Carrinho_2023,Influenciador,Acessórios,2023-11-20,2023-12-28,81969.65,14975842,833083,94928,First Click,Pausada,11.0,901666.15,0.86
CAMP-0293,Push_Carrinho_2025_09,Email Marketing,Lifestyle,2025-09-15,2025-10-29,38573.47,4102309,53287,6228,First Click,Pausada,1.03,39730.67,6.19
CAMP-0294,Retargeting_Carrinho_2025_07,Google Ads,Beleza,2025-07-27,2025-12-31,64622.95,19702097,1157767,110303,First Click,Ativa,3.75,242336.06,0.59
CAMP-0295,Natal_Presentes_2025,Instagram Ads,Acessórios,2025-06-02,2025-12-31,6701.31,2239234,82897,6071,Last Click,Ativa,4.04,27073.29,1.1
CAMP-0296,Retargeting_Carrinho_2024_06,Orgânico,Acessórios,2024-06-01,2024-06-23,77042.45,21407923,1012807,75369,Linear,Pausada,2.43,187213.15,1.02
CAMP-0297,Push_Carrinho_2025,Instagram Ads,Lifestyle,2025-05-20,2025-12-31,91879.85,20218746,577162,47719,Linear,Ativa,3.1,284827.54,1.93
CAMP-0298,UGC_Organico_2024,Marketplace,Geral,2024-11-05,2025-03-05,114895.52,9601596,513569,13122,Linear,Finalizada,3.39,389495.81,8.76
CAMP-0299,Parceria_Creator_2024,Email Marketing,Moda,2024-04-24,2024-08-01,25566.09,9454364,494235,12687,First Click,Finalizada,4.34,110956.83,2.02
CAMP-0300,Performance_Beleza_2025,Instagram Ads,Beleza,2025-10-28,2025-12-31,90174.81,35783569,1307540,105798,First Click,Ativa,2.34,211009.06,0.85
CAMP-0301,Lancamento_Colecao_2024,Google Ads,Geral,2024-06-12,2025-12-31,78725.66,8818409,354630,38659,Linear,Ativa,3.33,262156.45,2.04
CAMP-0302,Natal_Presentes_2023_10,Influenciador,Geral,2023-10-19,2023-12-05,20403.01,3677208,179647,15870,First Click,Finalizada,12.68,258710.17,1.29
CAMP-0303,Influenciador_Inverno_2024_08,Orgânico,Lifestyle,2024-08-15,2024-09-30,66290.28,9031815,357159,36643,First Click,Finalizada,4.57,302946.58,1.81
CAMP-0304,Natal_Presentes_2025,Influenciador,Moda,2025-02-01,2025-04-29,97554.56,25876176,1242015,41487,Linear,Pausada,8.38,817507.21,2.35
CAMP-0305,Cyber_Monday_2024,Marketplace,Beleza,2024-07-08,2024-09-28,16238.97,3903189,49604,2481,Linear,Finalizada,4.39,71289.08,6.55
CAMP-0306,Retargeting_Carrinho_2025,Orgânico,Beleza,2025-03-15,2025-06-02,88363.19,20740704,552892,18837,First Click,Pausada,2.06,182028.17,4.69
CAMP-0307,Natal_Presentes_2025_06,Instagram Ads,Beleza,2025-06-13,2025-08-17,4980.58,1432055,19143,2230,Last Click,Pausada,6.17,30730.18,2.23
CAMP-0308,CAC_Reducao_2025,Email Marketing,Geral,2025-03-13,2025-05-05,62096.22,12445647,686708,45872,Last Click,Pausada,2.38,147789.0,1.35
CAMP-0309,Cyber_Monday_2025,Email Marketing,Moda,2025-03-15,2025-03-31,25539.75,3570707,95822,8518,Last Click,Finalizada,2.66,67935.74,3.0
CAMP-0310,Influenciador_Inverno_2024_11,Orgânico,Moda,2024-11-16,2025-02-06,77741.66,16441408,339857,8179,First Click,Pausada,3.52,273650.64,9.51
CAMP-0311,Semana_Consumidor_2023_03,Email Marketing,Beleza,2023-03-09,2023-05-21,72003.03,18746241,168120,14987,First Click,Finalizada,4.79,344894.51,4.8
CAMP-0312,Stories_Boost_2024,Marketplace,Geral,2024-08-06,2024-10-04,95395.01,32677085,570475,47099,Last Click,Pausada,3.74,356777.34,2.03
CAMP-0313,Influenciador_Verao_2023,Email Marketing,Geral,2023-04-13,2023-05-03,24441.36,8678377,297032,16686,Linear,Pausada,1.71,41794.73,1.46
CAMP-0314,Feed_Carousel_2025_09,Email Marketing,Moda,2025-09-25,2025-12-31,57972.46,7055551,277852,28070,Last Click,Ativa,3.71,215077.83,2.07
CAMP-0315,TikTok_Viral_2024_01,Email Marketing,Acessórios,2024-01-23,2024-02-28,94788.76,19146919,739655,67717,Last Click,Finalizada,3.3,312802.91,1.4
CAMP-0316,Performance_Sempre_Ligada_2024_04,Google Ads,Lifestyle,2024-04-28,2025-12-31,71875.42,18255920,390783,4142,First Click,Ativa,3.58,257314.0,17.35
CAMP-0317,Liquidacao_Julho_2024_11,Email Marketing,Moda,2024-11-07,2024-12-24,43599.92,5647460,236526,8964,Linear,Finalizada,3.26,142135.74,4.86
CAMP-0318,TikTok_Viral_2023,Influenciador,Acessórios,2023-07-18,2023-09-24,44551.51,11475205,243233,10637,First Click,Pausada,6.27,279337.97,4.19
CAMP-0319,TikTok_Viral_2025_04,TikTok Ads,Moda,2025-04-15,2025-05-12,25892.09,5390202,137982,9736,Last Click,Pausada,1.84,47641.45,2.66
CAMP-0320,Volta_as_Aulas_2023,Orgânico,Moda,2023-03-16,2023-05-17,7876.84,1189138,14462,204,Linear,Pausada,3.46,27253.87,38.61
CAMP-0321,Email_Reativacao_2023_03,Influenciador,Geral,2023-03-21,2023-03-29,102098.0,38576984,1348032,42358,First Click,Pausada,7.98,814742.04,2.41
CAMP-0322,Black_Friday_Main_2025,Email Marketing,Beleza,2025-01-12,2025-01-19,10603.77,1784612,51344,4295,Linear,Pausada,3.07,32553.57,2.47
CAMP-0323,Volta_as_Aulas_2023,Orgânico,Moda,2023-09-10,2023-11-27,41827.52,14261710,281916,32684,Last Click,Finalizada,3.3,138030.82,1.28
CAMP-0324,Lookalike_Gold_2025_02,Google Ads,Acessórios,2025-02-18,2025-12-31,35451.37,13579468,675619,77857,Last Click,Ativa,3.79,134360.69,0.46
CAMP-0325,Influenciador_Verao_2024,Orgânico,Acessórios,2024-10-16,2025-01-27,115356.4,26166464,836213,62340,Last Click,Finalizada,2.03,234173.49,1.85
CAMP-0326,Performance_Beleza_2025,Orgânico,Beleza,2025-12-08,2025-12-31,62077.21,5159325,264535,9869,Last Click,Finalizada,4.0,248308.84,6.29
CAMP-0327,Cyber_Monday_2023_08,Instagram Ads,Geral,2023-08-11,2023-10-30,22097.58,7044045,397095,12277,Last Click,Finalizada,5.68,125514.25,1.8
CAMP-0328,CAC_Reducao_2023,Google Ads,Beleza,2023-04-27,2023-05-23,14561.44,1530640,88318,5669,First Click,Pausada,3.54,51547.5,2.57
CAMP-0329,UGC_Organico_2024,TikTok Ads,Acessórios,2024-10-11,2025-02-07,58998.48,23304771,1296499,52935,Linear,Finalizada,2.33,137466.46,1.11
CAMP-0330,Performance_Beleza_2024,TikTok Ads,Acessórios,2024-09-02,2024-10-29,54972.08,6515170,227683,10182,Linear,Pausada,2.87,157769.87,5.4
CAMP-0331,Black_Friday_Main_2024,Instagram Ads,Lifestyle,2024-10-28,2025-01-13,28609.27,6603892,263365,13234,Last Click,Finalizada,4.1,117298.01,2.16
CAMP-0332,Black_Friday_Main_2024_08,Influenciador,Acessórios,2024-08-06,2024-10-25,97740.04,30364013,1512509,107520,Linear,Pausada,2.61,255101.5,0.91
CAMP-0333,TikTok_Viral_2023,Google Ads,Acessórios,2023-03-14,2023-07-07,94282.89,16594819,617845,44770,First Click,Finalizada,3.16,297933.93,2.11
CAMP-0334,Influenciador_Verao_2024,TikTok Ads,Lifestyle,2024-11-04,2024-12-23,43443.25,11265356,635996,24389,Linear,Finalizada,3.78,164215.48,1.78
CAMP-0335,Volta_as_Aulas_2025_10,Email Marketing,Beleza,2025-10-21,2025-11-19,42742.06,12626932,421104,38327,Last Click,Finalizada,3.45,147460.11,1.12
CAMP-0336,Semana_Consumidor_2023,Orgânico,Beleza,2023-11-26,2024-01-25,101898.31,10478213,172093,6041,Linear,Finalizada,3.84,391289.51,16.87
CAMP-0337,Stories_Boost_2024_08,Orgânico,Acessórios,2024-08-25,2024-10-17,49795.89,6913839,63616,5728,First Click,Finalizada,3.8,189224.38,8.69
CAMP-0338,Retargeting_Carrinho_2024_02,Google Ads,Beleza,2024-02-04,2025-12-31,105467.18,26946737,252517,13552,Linear,Ativa,3.1,326948.26,7.78
CAMP-0339,Dia_Dos_Namorados_2025,Google Ads,Moda,2025-07-10,2025-10-19,53290.62,6418948,227170,6534,Last Click,Finalizada,3.86,205701.79,8.16
CAMP-0340,Performance_Moda_2024,TikTok Ads,Acessórios,2024-09-09,2024-10-03,70981.55,16048495,753370,80235,Last Click,Pausada,5.66,401755.57,0.88
CAMP-0341,Feed_Carousel_2025_04,Influenciador,Acessórios,2025-04-26,2025-12-31,37082.61,7857998,126492,1411,Last Click,Ativa,12.8,474657.41,26.28
CAMP-0342,Push_Carrinho_2025_01,Influenciador,Acessórios,2025-01-23,2025-05-06,36093.34,11733156,580722,43943,Last Click,Finalizada,5.92,213672.57,0.82
CAMP-0343,Remarketing_30d_2024_04,Email Marketing,Acessórios,2024-04-06,2024-07-04,99445.54,14975461,181486,14298,Linear,Finalizada,4.64,461427.31,6.96
CAMP-0344,Lancamento_Colecao_2024,Orgânico,Lifestyle,2024-11-24,2025-01-04,22722.47,2315612,34976,774,Linear,Finalizada,2.09,47489.96,29.36
CAMP-0345,Stories_Boost_2024_01,Marketplace,Beleza,2024-01-05,2025-12-31,64289.5,8968387,119442,4731,First Click,Ativa,1.03,66218.18,13.59
CAMP-0346,Influenciador_Inverno_2024_04,Google Ads,Moda,2024-04-11,2024-07-27,119756.02,27349763,1344352,62280,Last Click,Finalizada,3.06,366453.42,1.92
CAMP-0347,Lancamento_Colecao_2024_03,Instagram Ads,Geral,2024-03-07,2024-04-15,99424.6,11834281,567377,21211,First Click,Finalizada,3.24,322135.7,4.69
CAMP-0348,Stories_Boost_2025_02,Google Ads,Acessórios,2025-02-17,2025-03-22,46816.93,18145701,1028556,28231,Linear,Finalizada,3.94,184458.7,1.66
CAMP-0349,Liquida_Beleza_2024,Instagram Ads,Lifestyle,2024-11-10,2025-03-10,103666.19,15518024,215270,17139,Linear,Pausada,5.97,618887.15,6.05
CAMP-0350,Performance_Beleza_2023,Instagram Ads,Acessórios,2023-01-02,2023-04-07,82671.1,10713961,515142,19245,Linear,Finalizada,5.09,420795.9,4.3
CAMP-0351,Remarketing_30d_2024_11,Instagram Ads,Moda,2024-11-05,2025-02-21,15274.13,2359179,139302,13476,Linear,Pausada,6.46,98670.88,1.13
CAMP-0352,Liquida_Beleza_2025,Google Ads,Moda,2025-07-12,2025-08-20,58339.2,12834624,299369,25947,Last Click,Pausada,3.54,206520.77,2.25
CAMP-0353,Email_Reativacao_2024_10,Orgânico,Acessórios,2024-10-28,2024-11-12,54036.23,18491950,668733,40089,First Click,Pausada,2.52,136171.3,1.35
CAMP-0354,Liquidacao_Julho_2024,Instagram Ads,Geral,2024-10-08,2024-10-23,22946.36,6852511,327674,8832,First Click,Finalizada,5.2,119321.07,2.6
CAMP-0355,Lookalike_Gold_2025_02,Instagram Ads,Geral,2025-02-02,2025-02-25,104844.43,15167349,504151,10518,Last Click,Pausada,3.94,413087.05,9.97
CAMP-0356,Upsell_Platinum_2025_10,Email Marketing,Geral,2025-10-09,2025-12-31,26642.59,8251488,71626,7972,First Click,Ativa,4.56,121490.21,3.34
CAMP-0357,Lookalike_Gold_2024_09,Marketplace,Moda,2024-09-24,2024-11-23,95351.1,9406958,377035,25710,First Click,Finalizada,2.22,211679.44,3.71
CAMP-0358,Liquidacao_Julho_2023_12,Email Marketing,Moda,2023-12-08,2024-01-08,63237.8,10093016,408937,12136,Linear,Pausada,3.98,251686.44,5.21
CAMP-0359,Parceria_Creator_2025,Email Marketing,Lifestyle,2025-08-23,2025-12-21,20183.76,2779846,80284,3783,Last Click,Pausada,2.77,55909.02,5.34
CAMP-0360,Natal_Presentes_2024_06,Influenciador,Geral,2024-06-14,2024-08-15,73087.92,19017937,363704,34271,Last Click,Finalizada,5.72,418062.9,2.13
CAMP-0361,CAC_Reducao_2023,Marketplace,Acessórios,2023-12-02,2024-02-23,62209.6,24752692,586533,25242,Linear,Pausada,2.26,140593.7,2.46
CAMP-0362,Cyber_Monday_2025_09,TikTok Ads,Lifestyle,2025-09-18,2025-12-07,11495.6,2613160,42117,1648,Last Click,Pausada,3.01,34601.76,6.98
CAMP-0363,Upsell_Platinum_2024_10,Instagram Ads,Geral,2024-10-07,2025-01-14,95189.92,12881937,656163,56335,Linear,Finalizada,2.48,236071.0,1.69
CAMP-0364,CAC_Reducao_2025,Influenciador,Moda,2025-10-13,2025-12-31,6899.54,2254000,58812,5874,First Click,Ativa,2.25,15523.97,1.17
CAMP-0365,Influenciador_Inverno_2023_11,Orgânico,Geral,2023-11-25,2023-12-08,63021.13,11481270,429117,19718,Linear,Finalizada,1.2,75625.36,3.2
CAMP-0366,Stories_Boost_2025,Marketplace,Acessórios,2025-10-17,2025-12-31,51945.89,17227223,270409,12703,Last Click,Ativa,1.2,62335.07,4.09
CAMP-0367,Stories_Boost_2024_09,Influenciador,Moda,2024-09-14,2024-10-07,57814.52,8290297,236742,17245,First Click,Pausada,8.1,468297.61,3.35
CAMP-0368,Performance_Sempre_Ligada_2024_06,Instagram Ads,Lifestyle,2024-06-22,2024-07-10,80675.36,17388201,454040,20559,First Click,Pausada,5.85,471950.86,3.92
CAMP-0369,Branding_Awareness_2024,Influenciador,Geral,2024-10-05,2025-01-24,24122.29,4815355,228258,23694,Linear,Pausada,4.02,96971.61,1.02
CAMP-0370,Feed_Carousel_2023_06,Google Ads,Lifestyle,2023-06-23,2023-08-08,56648.6,10548000,490278,16329,Last Click,Finalizada,3.26,184674.44,3.47
CAMP-0371,Remarketing_30d_2025,Email Marketing,Beleza,2025-12-22,2025-12-31,70043.99,20475894,210104,6037,Last Click,Ativa,3.79,265466.72,11.6
CAMP-0372,Volta_as_Aulas_2025,Instagram Ads,Acessórios,2025-01-03,2025-02-13,103741.02,8932627,474370,38630,Linear,Finalizada,4.54,470984.23,2.69
CAMP-0373,Upsell_Platinum_2024,Instagram Ads,Lifestyle,2024-10-18,2025-12-31,24025.25,9354789,347584,30716,Last Click,Ativa,4.65,111717.41,0.78
CAMP-0374,Performance_Moda_2025_03,Marketplace,Acessórios,2025-03-01,2025-04-22,75102.67,11684888,687874,44806,Last Click,Finalizada,2.03,152458.42,1.68
CAMP-0375,Cyber_Monday_2025_05,TikTok Ads,Moda,2025-05-08,2025-07-04,10717.84,2168286,125655,9721,Linear,Pausada,4.21,45122.11,1.1
CAMP-0376,TikTok_Viral_2024,Google Ads,Acessórios,2024-10-11,2024-11-03,78366.22,20839915,908006,29286,Linear,Pausada,3.71,290738.68,2.68
CAMP-0377,Stories_Boost_2023_11,Google Ads,Acessórios,2023-11-19,2024-01-05,66969.37,25686269,363618,16339,Last Click,Pausada,3.03,202917.19,4.1
CAMP-0378,Parceria_Creator_2024_08,Marketplace,Acessórios,2024-08-24,2024-11-20,18404.46,2579178,38275,493,Linear,Finalizada,2.07,38097.23,37.33
CAMP-0379,Dia_Dos_Namorados_2025_04,Email Marketing,Beleza,2025-04-08,2025-05-30,82639.33,19214694,655622,50167,Last Click,Pausada,1.74,143792.43,1.65
CAMP-0380,Black_Friday_Main_2023,Marketplace,Acessórios,2023-03-07,2023-05-05,111067.12,42656812,834914,70005,Last Click,Pausada,1.26,139944.57,1.59
CAMP-0381,Volta_as_Aulas_2024_12,TikTok Ads,Geral,2024-12-11,2025-04-10,51421.17,16886131,668899,67342,Linear,Pausada,5.47,281273.8,0.76
CAMP-0382,Email_Reativacao_2025_09,Email Marketing,Geral,2025-09-21,2025-12-31,62573.76,14048752,716549,10508,Linear,Pausada,3.15,197107.34,5.95
CAMP-0383,Liquidacao_Julho_2024,Instagram Ads,Geral,2024-09-25,2024-10-08,35083.29,7275318,173420,17522,First Click,Pausada,3.47,121739.02,2.0
CAMP-0384,Dia_Das_Maes_2023,Orgânico,Geral,2023-08-27,2023-09-14,21736.61,5811136,316736,22204,First Click,Pausada,2.8,60862.51,0.98
CAMP-0385,Retargeting_Carrinho_2025_04,Marketplace,Geral,2025-04-15,2025-12-31,39024.16,11221180,504913,14157,Last Click,Ativa,1.46,56975.27,2.76
CAMP-0386,Performance_Beleza_2023_09,Orgânico,Lifestyle,2023-09-23,2024-01-09,45565.7,9194895,440890,48651,First Click,Pausada,4.45,202767.36,0.94
CAMP-0387,Feed_Carousel_2023,TikTok Ads,Beleza,2023-12-02,2024-01-17,34795.91,4795667,262438,30350,Last Click,Finalizada,3.15,109607.12,1.15
CAMP-0388,Cyber_Monday_2025_01,Marketplace,Acessórios,2025-01-20,2025-02-26,70745.71,16429123,481831,9026,Last Click,Pausada,4.53,320478.07,7.84
CAMP-0389,Semana_Consumidor_2023_01,Email Marketing,Geral,2023-01-06,2025-12-31,78462.57,7198998,377221,31448,First Click,Ativa,2.32,182033.16,2.49
CAMP-0390,Dia_Das_Maes_2024_03,Instagram Ads,Moda,2024-03-06,2024-05-30,115961.93,37083133,991225,13820,Last Click,Pausada,3.84,445293.81,8.39
CAMP-0391,Parceria_Creator_2024_09,TikTok Ads,Moda,2024-09-03,2024-09-27,83415.41,13998268,495633,33559,Linear,Pausada,1.88,156820.97,2.49
CAMP-0392,Upsell_Platinum_2023_08,Orgânico,Geral,2023-08-24,2023-12-09,51361.02,18042887,387963,28424,Linear,Finalizada,1.52,78068.75,1.81
CAMP-0393,Influenciador_Verao_2025_11,Marketplace,Geral,2025-11-16,2025-12-16,85088.73,33470711,270517,3418,First Click,Pausada,3.95,336100.48,24.89
CAMP-0394,Email_Reativacao_2024,TikTok Ads,Geral,2024-07-02,2024-09-18,1553.41,224281,5078,492,First Click,Pausada,5.07,7875.79,3.16
CAMP-0395,Branding_Awareness_2024,Instagram Ads,Lifestyle,2024-07-24,2024-08-03,23443.07,8130621,454977,28527,Last Click,Pausada,5.23,122607.26,0.82
CAMP-0396,Black_Friday_Main_2025_06,Google Ads,Acessórios,2025-06-15,2025-08-13,100245.67,17622186,805301,36001,Last Click,Pausada,3.58,358879.5,2.78
CAMP-0397,CAC_Reducao_2023_03,TikTok Ads,Lifestyle,2023-03-09,2023-04-28,75256.0,26307228,991546,52405,Last Click,Finalizada,6.59,495937.04,1.44
CAMP-0398,Dia_Dos_Namorados_2025,Orgânico,Lifestyle,2025-01-09,2025-03-20,44715.71,15445986,366636,24843,First Click,Pausada,4.14,185123.04,1.8
CAMP-0399,Influenciador_Inverno_2025_01,Instagram Ads,Acessórios,2025-01-26,2025-04-07,22987.36,8633219,397878,26896,First Click,Pausada,5.85,134476.06,0.85
CAMP-0400,Parceria_Creator_2025_03,TikTok Ads,Geral,2025-03-07,2025-05-11,85698.55,21180427,173969,19581,Last Click,Finalizada,7.17,614458.6,4.38
CAMP-0401,Natal_Presentes_2023,Marketplace,Moda,2023-09-25,2023-11-10,69391.67,12482571,678940,30753,Last Click,Pausada,3.13,217195.93,2.26
CAMP-0402,Semana_Consumidor_2024_03,Orgânico,Moda,2024-03-06,2024-03-14,24947.97,4792550,117710,3009,First Click,Pausada,3.3,82328.3,8.29
CAMP-0403,Liquida_Beleza_2025,Instagram Ads,Lifestyle,2025-06-18,2025-07-11,56594.12,16760841,226408,3603,Linear,Pausada,5.52,312399.54,15.71
CAMP-0404,Upsell_Platinum_2025_06,Orgânico,Acessórios,2025-06-10,2025-07-12,116847.09,37605803,1211514,29679,First Click,Pausada,3.79,442850.47,3.94
CAMP-0405,Liquida_Beleza_2025,Marketplace,Lifestyle,2025-11-23,2025-12-31,113704.3,14325711,781846,30011,Linear,Pausada,3.8,432076.34,3.79
CAMP-0406,UGC_Organico_2024,Influenciador,Lifestyle,2024-08-01,2025-12-31,13723.87,3199976,166334,6827,First Click,Ativa,2.35,32251.09,2.01
CAMP-0407,Liquida_Beleza_2024,Marketplace,Moda,2024-09-21,2025-12-31,36393.75,8280013,320501,11616,Last Click,Ativa,4.9,178329.38,3.13
CAMP-0408,UGC_Organico_2023_12,Instagram Ads,Lifestyle,2023-12-19,2024-02-19,65434.32,10179576,432182,8024,First Click,Finalizada,6.18,404384.1,8.15
CAMP-0409,Parceria_Creator_2024_06,Email Marketing,Geral,2024-06-18,2025-12-31,53536.9,9560160,278212,21090,Last Click,Ativa,4.09,218965.92,2.54
CAMP-0410,Influenciador_Inverno_2025,Influenciador,Acessórios,2025-11-02,2025-12-31,98080.62,35693861,1962066,156915,Last Click,Ativa,10.08,988652.65,0.63
CAMP-0411,TikTok_Viral_2024_10,Email Marketing,Lifestyle,2024-10-19,2024-11-21,36108.29,12067063,522951,58065,Last Click,Finalizada,4.93,178013.87,0.62
CAMP-0412,Dia_Dos_Namorados_2023_10,Instagram Ads,Geral,2023-10-17,2023-11-09,7676.78,2827697,164941,1664,Last Click,Finalizada,2.55,19575.79,4.61
CAMP-0413,Influenciador_Inverno_2023,TikTok Ads,Moda,2023-07-23,2023-10-18,85470.48,17942856,549587,18264,Last Click,Finalizada,2.72,232479.71,4.68
CAMP-0414,Liquidacao_Julho_2024,TikTok Ads,Lifestyle,2024-03-10,2024-06-10,16286.44,1676830,14784,1320,First Click,Pausada,7.84,127685.69,12.34
CAMP-0415,Cyber_Monday_2025,Instagram Ads,Beleza,2025-07-28,2025-11-12,74865.17,16875073,507171,50822,Linear,Finalizada,2.93,219354.95,1.47
CAMP-0416,Dia_Dos_Namorados_2024,Instagram Ads,Geral,2024-12-08,2025-01-18,111202.42,29405562,286410,4057,Last Click,Finalizada,2.57,285790.22,27.41
CAMP-0417,Stories_Boost_2023,Orgânico,Moda,2023-12-24,2024-04-18,55899.37,5871394,318673,6287,Linear,Finalizada,3.65,204032.7,8.89
CAMP-0418,Stories_Boost_2025,Instagram Ads,Geral,2025-05-20,2025-12-31,41356.83,13611718,440763,29263,Last Click,Ativa,3.66,151366.0,1.41
CAMP-0419,Branding_Awareness_2024,TikTok Ads,Lifestyle,2024-03-02,2024-05-24,87291.21,22729409,254426,15786,Last Click,Finalizada,5.77,503670.28,5.53
CAMP-0420,CAC_Reducao_2023,TikTok Ads,Geral,2023-05-16,2025-12-31,60770.41,21419289,480823,11818,Linear,Ativa,3.17,192642.2,5.14
CAMP-0421,CAC_Reducao_2023_10,Instagram Ads,Geral,2023-10-24,2023-12-27,96979.31,15865895,705085,44660,First Click,Finalizada,2.17,210445.1,2.17
CAMP-0422,Dia_Dos_Namorados_2023_08,Google Ads,Geral,2023-08-25,2023-12-08,28706.1,6340006,260915,8660,Last Click,Finalizada,3.05,87553.6,3.31
CAMP-0423,Fidelidade_Clientes_2023_03,TikTok Ads,Moda,2023-03-15,2023-04-29,89588.84,28738031,1025691,53108,Linear,Finalizada,3.21,287580.18,1.69
CAMP-0424,CAC_Reducao_2023_05,TikTok Ads,Acessórios,2023-05-26,2023-08-27,115419.17,34454979,349129,38735,Linear,Finalizada,4.31,497456.62,2.98
CAMP-0425,Email_Reativacao_2024_05,TikTok Ads,Lifestyle,2024-05-09,2024-06-17,55440.81,16415644,337726,28337,Linear,Finalizada,3.69,204576.59,1.96
CAMP-0426,Stories_Boost_2025,Google Ads,Lifestyle,2025-01-22,2025-12-31,8340.64,1764876,62324,5322,First Click,Ativa,3.28,27357.3,1.57
CAMP-0427,Influenciador_Inverno_2025_02,Instagram Ads,Moda,2025-02-02,2025-05-04,114068.58,32416753,1452915,33703,Linear,Pausada,3.88,442586.09,3.38
CAMP-0428,Feed_Carousel_2023_12,Email Marketing,Beleza,2023-12-06,2024-02-10,76725.9,28792354,644140,36695,Last Click,Pausada,4.08,313041.67,2.09
CAMP-0429,Parceria_Creator_2024_01,Google Ads,Moda,2024-01-13,2024-01-27,114681.56,18887221,583801,37415,Linear,Finalizada,3.39,388770.49,3.07
CAMP-0430,Natal_Presentes_2023_09,Marketplace,Moda,2023-09-25,2023-12-19,109530.58,33837074,452433,8153,First Click,Pausada,4.11,450170.68,13.43
CAMP-0431,Feed_Carousel_2025_11,Marketplace,Beleza,2025-11-01,2025-12-31,32119.09,9764770,537454,39347,Last Click,Finalizada,2.96,95072.51,0.82
CAMP-0432,Branding_Awareness_2025,Marketplace,Moda,2025-04-01,2025-07-05,14720.2,3699146,220333,10284,Linear,Finalizada,3.53,51962.31,1.43
CAMP-0433,TikTok_Viral_2025,Instagram Ads,Lifestyle,2025-06-03,2025-09-15,77805.55,10621846,106698,5575,First Click,Finalizada,3.95,307331.92,13.96
CAMP-0434,Remarketing_30d_2024,Orgânico,Lifestyle,2024-02-21,2024-03-23,4476.65,394467,23593,854,Last Click,Pausada,3.16,14146.21,5.24
CAMP-0435,CAC_Reducao_2024_01,Marketplace,Geral,2024-01-02,2024-02-21,48779.84,7206588,302678,20443,First Click,Pausada,4.5,219509.28,2.39
CAMP-0436,Liquida_Beleza_2023,Orgânico,Geral,2023-02-02,2023-04-12,56652.11,21174638,219828,19156,Last Click,Pausada,3.53,199981.95,2.96
CAMP-0437,Dia_Das_Maes_2024,TikTok Ads,Moda,2024-10-06,2024-10-21,13878.73,3752708,150155,2543,Linear,Pausada,6.77,93959.0,5.46
CAMP-0438,Influenciador_Verao_2024,Orgânico,Acessórios,2024-02-22,2024-03-17,100403.97,33514095,1599957,120379,Last Click,Finalizada,2.1,210848.34,0.83
CAMP-0439,LTV_Expansion_2025,Google Ads,Lifestyle,2025-03-15,2025-06-04,16177.83,5389429,220288,11317,First Click,Pausada,3.49,56460.63,1.43
CAMP-0440,Natal_Presentes_2023,Instagram Ads,Beleza,2023-12-21,2024-02-02,83281.72,27775871,909733,21795,Last Click,Finalizada,4.62,384761.55,3.82
CAMP-0441,Push_Carrinho_2025,Google Ads,Beleza,2025-12-02,2025-12-31,73523.57,7952807,405411,17486,First Click,Finalizada,3.24,238216.37,4.2
CAMP-0442,Influenciador_Inverno_2025,Email Marketing,Moda,2025-06-28,2025-09-12,55813.08,15653814,294630,4666,Last Click,Pausada,3.74,208740.92,11.96
CAMP-0443,Lancamento_Colecao_2023_11,Marketplace,Beleza,2023-11-02,2025-12-31,43830.33,6446070,135830,10574,Linear,Ativa,1.17,51281.49,4.15
CAMP-0444,Liquidacao_Julho_2023_03,Instagram Ads,Geral,2023-03-26,2025-12-31,61885.47,6354093,128578,7577,Linear,Ativa,2.99,185037.56,8.17
CAMP-0445,Fidelidade_Clientes_2023,Influenciador,Beleza,2023-06-08,2025-12-31,88582.19,31744634,873856,29949,Last Click,Ativa,1.29,114271.03,2.96
CAMP-0446,TikTok_Viral_2025,Google Ads,Beleza,2025-08-06,2025-08-30,86434.58,24395879,1432743,46196,Last Click,Finalizada,3.57,308571.45,1.87
CAMP-0447,Liquida_Beleza_2024_08,Google Ads,Moda,2024-08-14,2024-10-03,106391.79,29062355,1425695,114312,Linear,Pausada,3.58,380882.61,0.93
CAMP-0448,Cyber_Monday_2023_07,TikTok Ads,Beleza,2023-07-28,2023-11-22,71071.39,24721222,556644,50266,Last Click,Pausada,3.11,221032.02,1.41
CAMP-0449,Fidelidade_Clientes_2025_03,Email Marketing,Beleza,2025-03-19,2025-05-18,4999.03,1152820,55297,757,Linear,Pausada,4.24,21195.89,6.6
CAMP-0450,Cyber_Monday_2024,TikTok Ads,Moda,2024-08-08,2025-12-31,90418.83,27289410,795326,27025,First Click,Ativa,5.71,516291.52,3.35
CAMP-0451,CAC_Reducao_2025,Instagram Ads,Acessórios,2025-05-06,2025-08-30,117175.21,26763217,407026,35551,Last Click,Pausada,3.85,451124.56,3.3
CAMP-0452,Black_Friday_Main_2025_02,Orgânico,Moda,2025-02-13,2025-04-03,35731.48,11467095,507979,39304,First Click,Pausada,4.15,148285.64,0.91
CAMP-0453,Liquida_Beleza_2025,Email Marketing,Lifestyle,2025-01-17,2025-04-20,106579.75,12310951,332527,25971,Linear,Finalizada,3.59,382621.3,4.1
CAMP-0454,Feed_Carousel_2025_04,Instagram Ads,Geral,2025-04-05,2025-05-12,77954.8,24630724,1160560,122815,First Click,Pausada,5.73,446681.0,0.63
CAMP-0455,Push_Carrinho_2024,Influenciador,Lifestyle,2024-09-22,2024-10-05,44863.09,10083939,343614,34791,Linear,Pausada,10.34,463884.35,1.29
CAMP-0456,Retargeting_Carrinho_2025,Influenciador,Acessórios,2025-06-26,2025-09-29,22764.76,8260722,103589,5487,Last Click,Pausada,2.09,47578.35,4.15
CAMP-0457,Lancamento_Colecao_2024,Instagram Ads,Beleza,2024-03-28,2024-06-23,35321.7,13784783,498383,12221,First Click,Pausada,5.69,200980.47,2.89
CAMP-0458,TikTok_Viral_2023_01,Influenciador,Beleza,2023-01-28,2023-05-21,49520.67,9393753,390729,17932,Linear,Finalizada,8.19,405574.29,2.76
CAMP-0459,Influenciador_Inverno_2024_10,Marketplace,Acessórios,2024-10-05,2024-11-20,94754.27,14456679,395229,16479,Last Click,Pausada,2.41,228357.79,5.75
CAMP-0460,Dia_Dos_Namorados_2023,Google Ads,Geral,2023-12-18,2024-01-16,19518.31,2291714,136760,10010,Linear,Pausada,3.18,62068.23,1.95
CAMP-0461,Upsell_Platinum_2025,Orgânico,Moda,2025-06-12,2025-12-31,53921.81,21145384,755935,17661,First Click,Ativa,3.0,161765.43,3.05
CAMP-0462,UGC_Organico_2023_01,Marketplace,Lifestyle,2023-01-24,2023-04-05,77739.83,13571679,740889,86429,Linear,Finalizada,3.67,285305.18,0.9
CAMP-0463,Dia_Dos_Namorados_2024,Orgânico,Acessórios,2024-12-04,2024-12-16,81425.4,9559370,88800,6919,First Click,Pausada,1.37,111552.8,11.77
CAMP-0464,Email_Reativacao_2025_09,Email Marketing,Beleza,2025-09-08,2025-12-22,23646.74,2524257,131694,11125,Last Click,Finalizada,2.58,61008.59,2.13
CAMP-0465,Dia_Dos_Namorados_2025,Influenciador,Geral,2025-09-02,2025-10-25,17923.92,6331038,172335,8791,Last Click,Finalizada,4.97,89081.88,2.04
CAMP-0466,LTV_Expansion_2023,TikTok Ads,Geral,2023-04-24,2023-08-03,96481.52,16629833,829745,96864,Linear,Finalizada,4.19,404257.57,1.0
CAMP-0467,Upsell_Platinum_2023,Email Marketing,Moda,2023-04-10,2023-08-06,8120.67,3144571,148794,2935,First Click,Finalizada,2.09,16972.2,2.77
CAMP-0468,UGC_Organico_2025,Email Marketing,Acessórios,2025-10-25,2025-11-26,99907.59,17246868,577950,58088,Linear,Pausada,2.22,221794.85,1.72
CAMP-0469,LTV_Expansion_2023_01,Orgânico,Acessórios,2023-01-26,2025-12-31,31668.71,12221858,627966,38921,First Click,Ativa,2.15,68087.73,0.81
CAMP-0470,TikTok_Viral_2023,Marketplace,Beleza,2023-02-25,2023-03-12,69811.68,18219722,968450,76584,Last Click,Finalizada,4.27,298095.87,0.91
CAMP-0471,Performance_Moda_2023,Email Marketing,Geral,2023-05-06,2023-05-31,55433.07,16732504,444817,7035,Last Click,Finalizada,4.65,257763.78,7.88
CAMP-0472,CAC_Reducao_2024_09,Instagram Ads,Lifestyle,2024-09-21,2024-12-02,92019.8,12757551,164756,15287,Linear,Pausada,3.58,329430.88,6.02
CAMP-0473,Dia_Das_Maes_2024,TikTok Ads,Lifestyle,2024-11-23,2024-12-12,98833.12,8314558,290551,14827,First Click,Finalizada,7.49,740260.07,6.67
CAMP-0474,Dia_Dos_Namorados_2023,Instagram Ads,Beleza,2023-09-08,2023-12-25,50198.08,18730408,263376,6435,Last Click,Pausada,3.56,178705.16,7.8
CAMP-0475,Cyber_Monday_2025,Google Ads,Acessórios,2025-09-25,2025-10-24,3645.39,1241852,24293,2532,First Click,Finalizada,3.31,12066.24,1.44
CAMP-0476,Email_Reativacao_2024_12,Google Ads,Moda,2024-12-25,2025-01-10,93008.14,29980884,306131,6691,Last Click,Pausada,3.59,333899.22,13.9
CAMP-0477,Dia_Dos_Namorados_2023,Instagram Ads,Lifestyle,2023-02-10,2023-05-24,93928.02,35169598,656998,71697,First Click,Pausada,2.15,201945.24,1.31
CAMP-0478,TikTok_Viral_2025_06,TikTok Ads,Lifestyle,2025-06-12,2025-08-22,60688.13,6182169,312932,29402,Last Click,Pausada,2.75,166892.36,2.06
CAMP-0479,Dia_Dos_Namorados_2023,Google Ads,Geral,2023-12-04,2024-02-13,44102.27,11845948,365597,42172,Last Click,Finalizada,3.98,175527.03,1.05
CAMP-0480,Stories_Boost_2023,Google Ads,Geral,2023-07-04,2023-08-20,56015.02,13797217,466103,23182,Last Click,Pausada,3.04,170285.66,2.42
CAMP-0481,LTV_Expansion_2024_05,Marketplace,Moda,2024-05-15,2024-06-30,27259.64,5733528,339528,19378,Last Click,Finalizada,4.36,118852.03,1.41
CAMP-0482,UGC_Organico_2023,Orgânico,Lifestyle,2023-01-22,2023-02-11,52679.39,15315765,190226,4902,Linear,Finalizada,4.91,258655.8,10.75
CAMP-0483,UGC_Organico_2024_04,Google Ads,Moda,2024-04-11,2024-08-04,14906.91,5190510,237260,9641,Linear,Finalizada,3.59,53515.81,1.55
CAMP-0484,Influenciador_Inverno_2024,Marketplace,Lifestyle,2024-11-20,2025-01-28,17855.42,4026095,57790,3688,Linear,Finalizada,1.12,19998.07,4.84
CAMP-0485,Feed_Carousel_2024_11,Instagram Ads,Moda,2024-11-01,2024-12-26,18497.85,5161443,67147,1236,Last Click,Finalizada,4.46,82500.41,14.97
CAMP-0486,LTV_Expansion_2025_08,Google Ads,Lifestyle,2025-08-16,2025-10-31,97175.9,24582517,219248,20617,Last Click,Finalizada,3.91,379957.77,4.71
CAMP-0487,Liquidacao_Julho_2024,Marketplace,Lifestyle,2024-08-15,2025-12-31,21388.93,6224425,302058,32415,Linear,Ativa,1.54,32938.95,0.66
CAMP-0488,Volta_as_Aulas_2023,Marketplace,Acessórios,2023-10-22,2024-01-07,57214.14,20219046,694476,36843,Last Click,Finalizada,3.47,198533.07,1.55
CAMP-0489,Influenciador_Verao_2024,TikTok Ads,Lifestyle,2024-01-01,2024-01-24,41995.44,13331800,125302,13538,Last Click,Finalizada,4.28,179740.48,3.1
CAMP-0490,Performance_Sempre_Ligada_2023,Marketplace,Lifestyle,2023-11-08,2024-02-05,71185.29,26432841,301493,13127,First Click,Finalizada,3.15,224233.66,5.42
CAMP-0491,Remarketing_30d_2025_09,Marketplace,Acessórios,2025-09-14,2025-12-19,70641.11,27934654,772179,40873,Linear,Finalizada,2.95,208391.27,1.73
CAMP-0492,Remarketing_30d_2024_08,Orgânico,Beleza,2024-08-17,2024-11-17,20161.94,3545410,207088,6666,Linear,Finalizada,1.3,26210.52,3.02
CAMP-0493,Natal_Presentes_2024_01,Google Ads,Lifestyle,2024-01-10,2024-03-08,75023.76,28999769,1314291,96733,Linear,Pausada,3.07,230322.94,0.78
CAMP-0494,Liquidacao_Julho_2023,Marketplace,Acessórios,2023-06-26,2025-12-31,98883.93,23878951,563430,46753,Linear,Ativa,2.61,258087.06,2.12
CAMP-0495,Upsell_Platinum_2025,Email Marketing,Acessórios,2025-09-06,2025-12-02,69305.83,10267305,595812,54601,Linear,Pausada,3.55,246035.7,1.27
CAMP-0496,CAC_Reducao_2025_12,TikTok Ads,Acessórios,2025-12-21,2025-12-31,24237.63,5526076,113281,10434,Last Click,Ativa,4.33,104948.94,2.32
CAMP-0497,Black_Friday_Main_2025,TikTok Ads,Moda,2025-04-28,2025-08-18,77595.91,12575419,493762,26981,Last Click,Finalizada,1.68,130361.13,2.88
CAMP-0498,Liquida_Beleza_2025_07,Marketplace,Acessórios,2025-07-14,2025-07-25,19291.15,2385501,51137,5031,First Click,Pausada,3.58,69062.32,3.83
CAMP-0499,Retargeting_Carrinho_2023_01,Orgânico,Acessórios,2023-01-28,2023-03-16,104087.18,38323230,1117672,55858,Linear,Finalizada,2.59,269585.8,1.86
CAMP-0500,Lookalike_Gold_2023,TikTok Ads,Beleza,2023-02-19,2023-03-13,59674.84,6497373,254636,24203,Last Click,Finalizada,5.3,316276.65,2.47
CAMP-0501,Push_Carrinho_2024,TikTok Ads,Beleza,2024-04-05,2025-12-31,25850.21,4339090,126855,13309,First Click,Ativa,3.94,101849.83,1.94
CAMP-0502,Parceria_Creator_2024_08,Influenciador,Geral,2024-08-22,2024-10-03,43687.16,13499978,684597,8432,Linear,Pausada,1.0,43687.16,5.18
CAMP-0503,Cyber_Monday_2025_11,Orgânico,Moda,2025-11-08,2025-12-31,76746.1,23345962,1283191,109555,Last Click,Finalizada,4.43,339985.22,0.7
CAMP-0504,Remarketing_30d_2024,Instagram Ads,Acessórios,2024-05-03,2024-08-14,35831.26,12720575,207750,12106,Last Click,Pausada,5.83,208896.25,2.96
CAMP-0505,Influenciador_Verao_2024_02,TikTok Ads,Moda,2024-02-27,2024-05-06,88485.65,33312998,842870,47588,Linear,Finalizada,6.86,607011.56,1.86
CAMP-0506,Remarketing_30d_2023_06,Influenciador,Geral,2023-06-14,2023-10-03,54500.76,4837067,51800,4173,First Click,Finalizada,9.8,534107.45,13.06
CAMP-0507,Parceria_Creator_2025,Marketplace,Beleza,2025-05-11,2025-06-01,30102.51,9281821,444743,36206,Last Click,Pausada,3.74,112583.39,0.83
CAMP-0508,Lookalike_Gold_2025_03,Marketplace,Acessórios,2025-03-09,2025-05-30,95983.53,13780584,407268,12221,First Click,Finalizada,4.54,435765.23,7.85
CAMP-0509,Natal_Presentes_2025,Instagram Ads,Moda,2025-11-20,2025-12-08,23952.29,7291162,122311,6618,Last Click,Finalizada,2.75,65868.8,3.62
CAMP-0510,Lookalike_Gold_2023_01,Google Ads,Geral,2023-01-23,2023-05-08,99305.44,23647374,465218,15047,Last Click,Finalizada,3.78,375374.56,6.6
CAMP-0511,Influenciador_Inverno_2024,Orgânico,Acessórios,2024-03-14,2024-06-05,119425.85,20368021,880179,49304,Last Click,Pausada,1.12,133756.95,2.42
CAMP-0512,Black_Friday_Main_2024,Google Ads,Geral,2024-04-12,2024-07-10,10471.49,2408883,128429,15049,Linear,Finalizada,3.71,38849.23,0.7
CAMP-0513,Remarketing_30d_2024_02,Marketplace,Geral,2024-02-04,2024-02-17,111741.54,25778591,681165,52246,Linear,Finalizada,3.39,378803.82,2.14
CAMP-0514,Liquida_Beleza_2023,TikTok Ads,Moda,2023-05-17,2023-07-01,80617.19,9860791,536385,7790,Last Click,Finalizada,4.77,384544.0,10.35
CAMP-0515,Stories_Boost_2023_06,Marketplace,Beleza,2023-06-23,2023-07-18,14197.68,1336454,19578,2073,Last Click,Finalizada,2.44,34642.34,6.85
CAMP-0516,Performance_Moda_2025_05,Influenciador,Lifestyle,2025-05-17,2025-06-14,88476.93,20987429,1204733,85685,First Click,Finalizada,12.07,1067916.55,1.03
CAMP-0517,Branding_Awareness_2023_04,Google Ads,Beleza,2023-04-06,2025-12-31,31374.83,9597815,294598,35196,Linear,Ativa,3.44,107929.42,0.89
CAMP-0518,Email_Reativacao_2024,Email Marketing,Acessórios,2024-08-04,2024-11-29,15013.78,1650688,87725,2620,Linear,Pausada,4.29,64409.12,5.73
CAMP-0519,Performance_Sempre_Ligada_2023_10,Orgânico,Geral,2023-10-01,2023-12-20,50087.0,5238466,251180,21214,Linear,Pausada,2.14,107186.18,2.36
CAMP-0520,Parceria_Creator_2024_10,Instagram Ads,Acessórios,2024-10-04,2024-10-30,9911.38,3427590,144973,8690,Last Click,Pausada,5.29,52431.2,1.14
CAMP-0521,Retargeting_Carrinho_2024,Instagram Ads,Geral,2024-06-24,2024-10-11,25521.75,2439325,101157,4607,Linear,Pausada,4.74,120973.1,5.54
CAMP-0522,Feed_Carousel_2024,Marketplace,Moda,2024-05-06,2024-08-19,10884.76,3839606,63249,6055,First Click,Finalizada,4.82,52464.54,1.8
CAMP-0523,Volta_as_Aulas_2024,Instagram Ads,Lifestyle,2024-07-24,2024-09-08,43213.5,4786140,129741,4149,Linear,Pausada,4.38,189275.13,10.42
CAMP-0524,Performance_Moda_2023_07,Email Marketing,Acessórios,2023-07-26,2023-08-25,75756.21,8313727,288434,33764,First Click,Finalizada,3.74,283328.23,2.24
CAMP-0525,Performance_Beleza_2025_11,Marketplace,Geral,2025-11-17,2025-12-31,56292.66,5929790,294593,12680,First Click,Ativa,4.61,259509.16,4.44
CAMP-0526,Dia_Dos_Namorados_2024_10,Email Marketing,Acessórios,2024-10-02,2024-10-14,61376.06,13021926,418812,37372,First Click,Pausada,2.02,123979.64,1.64
CAMP-0527,Stories_Boost_2023,TikTok Ads,Geral,2023-02-24,2023-03-25,101180.6,9559825,283401,24792,Linear,Pausada,4.46,451265.48,4.08
CAMP-0528,Performance_Sempre_Ligada_2024,Marketplace,Geral,2024-06-28,2024-08-01,9570.82,3773770,81077,6816,First Click,Pausada,1.02,9762.24,1.4
CAMP-0529,Performance_Beleza_2025_08,Instagram Ads,Beleza,2025-08-15,2025-12-11,36475.44,12409031,497238,42748,Last Click,Finalizada,3.97,144807.5,0.85
CAMP-0530,Performance_Moda_2023_01,Instagram Ads,Beleza,2023-01-07,2025-12-31,2103.05,821380,43260,1428,Linear,Ativa,3.21,6750.79,1.47
CAMP-0531,Fidelidade_Clientes_2023,TikTok Ads,Geral,2023-02-10,2023-03-07,50741.13,5950251,326821,29827,Last Click,Finalizada,4.56,231379.55,1.7
CAMP-0532,Fidelidade_Clientes_2023,Email Marketing,Beleza,2023-05-19,2023-07-15,40195.24,4536126,236226,13582,Linear,Pausada,3.95,158771.2,2.96
CAMP-0533,Natal_Presentes_2024_01,Orgânico,Geral,2024-01-16,2024-03-28,27982.31,2782155,25008,1835,Last Click,Finalizada,4.57,127879.16,15.25
CAMP-0534,Cyber_Monday_2024,Marketplace,Moda,2024-10-21,2025-01-25,2692.67,463579,8341,398,Linear,Finalizada,3.35,9020.44,6.77
CAMP-0535,Stories_Boost_2025_11,Influenciador,Geral,2025-11-15,2025-12-31,35348.61,10874761,629754,64007,Last Click,Ativa,5.72,202194.05,0.55
CAMP-0536,Fidelidade_Clientes_2025,TikTok Ads,Beleza,2025-04-10,2025-04-28,15665.77,2253285,89002,1877,First Click,Finalizada,3.47,54360.22,8.35
CAMP-0537,Parceria_Creator_2023,Email Marketing,Moda,2023-06-09,2023-07-06,99388.25,36398600,351699,5980,Linear,Pausada,1.91,189831.56,16.62
CAMP-0538,Branding_Awareness_2024,Google Ads,Acessórios,2024-06-26,2024-07-08,107578.86,37985085,2029625,155209,Last Click,Finalizada,3.93,422784.92,0.69
CAMP-0539,Upsell_Platinum_2023_02,TikTok Ads,Acessórios,2023-02-26,2023-06-13,98868.51,9237306,124531,9874,Linear,Pausada,3.85,380643.76,10.01
CAMP-0540,Feed_Carousel_2025,Influenciador,Acessórios,2025-08-24,2025-09-19,40285.98,4998973,260581,15192,Last Click,Finalizada,0.6,24171.59,2.65
CAMP-0541,Cyber_Monday_2025,Influenciador,Lifestyle,2025-03-03,2025-06-09,43405.08,12708941,201866,18750,Last Click,Finalizada,2.5,108512.7,2.31
CAMP-0542,Dia_Das_Maes_2024,Marketplace,Acessórios,2024-09-26,2024-10-06,17641.0,1467441,73261,8337,First Click,Finalizada,2.61,46043.01,2.12
CAMP-0543,Liquidacao_Julho_2024_01,Marketplace,Moda,2024-01-22,2024-02-17,117332.41,46183804,2288485,243356,Linear,Pausada,2.61,306237.59,0.48
CAMP-0544,Performance_Moda_2024,Orgânico,Geral,2024-12-24,2025-02-13,99275.03,36539835,1452124,37980,Linear,Pausada,1.82,180680.55,2.61
CAMP-0545,Stories_Boost_2025,Email Marketing,Geral,2025-08-23,2025-12-11,93092.96,33691449,417188,28835,First Click,Finalizada,3.96,368648.12,3.23
CAMP-0546,Cyber_Monday_2024_04,Email Marketing,Geral,2024-04-03,2024-05-19,90894.15,11926107,112705,11002,Last Click,Finalizada,4.33,393571.67,8.26
CAMP-0547,Influenciador_Verao_2025_02,Orgânico,Acessórios,2025-02-24,2025-12-31,44882.87,12595778,332939,5077,Linear,Ativa,2.79,125223.21,8.84
CAMP-0548,TikTok_Viral_2024_06,Orgânico,Moda,2024-06-08,2024-08-28,42170.39,7213302,352074,31205,Linear,Pausada,2.51,105847.68,1.35
CAMP-0549,Liquidacao_Julho_2024,Google Ads,Moda,2024-09-19,2025-01-03,54626.29,6931914,208900,11557,Last Click,Finalizada,3.89,212496.27,4.73
CAMP-0550,Fidelidade_Clientes_2023_06,Google Ads,Acessórios,2023-06-22,2023-09-12,104667.37,27943802,1148377,137364,Last Click,Finalizada,3.73,390409.29,0.76
CAMP-0551,Branding_Awareness_2023,TikTok Ads,Beleza,2023-09-05,2023-11-09,116170.21,28371013,1007606,87048,Linear,Pausada,6.35,737680.83,1.33
CAMP-0552,Semana_Consumidor_2025_07,Influenciador,Moda,2025-07-04,2025-12-31,68697.42,6381322,101921,5183,First Click,Ativa,4.76,326999.72,13.25
CAMP-0553,Influenciador_Verao_2023,TikTok Ads,Beleza,2023-10-14,2025-12-31,107331.5,39122149,751545,75232,First Click,Ativa,5.06,543097.39,1.43
CAMP-0554,Email_Reativacao_2024_08,TikTok Ads,Moda,2024-08-19,2024-10-22,93805.65,21769741,989254,75804,Last Click,Finalizada,5.64,529063.87,1.24
CAMP-0555,Branding_Awareness_2023,Orgânico,Acessórios,2023-12-11,2025-12-31,75047.5,20979425,590281,64356,Last Click,Ativa,4.83,362479.42,1.17
CAMP-0556,UGC_Organico_2025_02,Orgânico,Lifestyle,2025-02-28,2025-03-10,67413.11,8063289,299037,9320,Linear,Finalizada,4.03,271674.83,7.23
CAMP-0557,TikTok_Viral_2024,Email Marketing,Beleza,2024-09-01,2025-12-31,112354.58,15450764,138850,13405,Linear,Ativa,4.36,489865.97,8.38
CAMP-0558,Dia_Das_Maes_2025_10,Marketplace,Moda,2025-10-11,2025-10-23,103464.53,9047377,277979,15467,First Click,Finalizada,2.53,261765.26,6.69
CAMP-0559,Parceria_Creator_2025,Instagram Ads,Moda,2025-03-10,2025-12-31,30815.43,3349056,80220,4396,First Click,Ativa,6.81,209853.08,7.01
CAMP-0560,Parceria_Creator_2024,Instagram Ads,Moda,2024-07-04,2024-09-01,31100.53,11858781,649553,10202,Last Click,Finalizada,4.93,153325.61,3.05
CAMP-0561,LTV_Expansion_2024,Email Marketing,Geral,2024-02-09,2025-12-31,55885.86,11750810,389855,21373,Linear,Ativa,1.07,59797.87,2.61
CAMP-0562,Push_Carrinho_2023,Email Marketing,Moda,2023-09-21,2023-11-05,53628.67,18813415,640079,61522,First Click,Finalizada,4.94,264925.63,0.87
CAMP-0563,Upsell_Platinum_2025,Email Marketing,Acessórios,2025-08-02,2025-12-31,55865.32,19295824,444594,51985,Last Click,Ativa,4.69,262008.35,1.07
CAMP-0564,Influenciador_Verao_2025,Email Marketing,Lifestyle,2025-07-12,2025-08-15,5649.07,1788148,66662,2871,Linear,Finalizada,4.32,24403.98,1.97
CAMP-0565,Natal_Presentes_2024_04,Email Marketing,Lifestyle,2024-04-20,2024-08-07,106095.01,40584599,1665138,196087,Last Click,Finalizada,1.98,210068.12,0.54
CAMP-0566,Performance_Beleza_2024_10,Influenciador,Beleza,2024-10-11,2025-12-31,83083.04,23833354,193204,12059,Linear,Ativa,3.02,250910.78,6.89
CAMP-0567,Lookalike_Gold_2024,Orgânico,Acessórios,2024-09-03,2024-12-02,64730.19,23666852,1193636,70388,Linear,Pausada,2.51,162472.78,0.92
CAMP-0568,Performance_Beleza_2023_12,Influenciador,Acessórios,2023-12-01,2025-12-31,44583.58,6320037,53637,4920,Last Click,Ativa,13.86,617928.42,9.06
CAMP-0569,Parceria_Creator_2025_11,Google Ads,Moda,2025-11-10,2025-12-15,117618.27,45816418,454196,29164,First Click,Pausada,3.21,377554.65,4.03
CAMP-0570,Influenciador_Inverno_2023,TikTok Ads,Acessórios,2023-05-19,2023-06-16,79248.64,20685975,899507,64913,First Click,Pausada,6.35,503228.86,1.22
CAMP-0571,Lancamento_Colecao_2023_09,Influenciador,Geral,2023-09-24,2023-10-25,119035.77,35919693,1282798,48517,Last Click,Pausada,0.53,63088.96,2.45
CAMP-0572,Cyber_Monday_2024_07,Orgânico,Moda,2024-07-28,2024-09-08,81684.78,18730953,501924,46926,Last Click,Pausada,1.19,97204.89,1.74
CAMP-0573,Black_Friday_Main_2024_01,Email Marketing,Acessórios,2024-01-13,2024-01-30,118833.7,18086603,793215,91501,Last Click,Pausada,1.66,197263.94,1.3
CAMP-0574,Lookalike_Gold_2023_08,Instagram Ads,Moda,2023-08-14,2023-11-04,100892.81,16050950,523677,60468,First Click,Finalizada,3.67,370276.61,1.67
CAMP-0575,LTV_Expansion_2025,Instagram Ads,Geral,2025-08-25,2025-12-31,53685.45,6439271,377826,41877,First Click,Ativa,6.24,334997.21,1.28
CAMP-0576,Influenciador_Verao_2023,TikTok Ads,Beleza,2023-08-02,2023-10-28,8081.67,2398806,88951,3775,Last Click,Finalizada,5.51,44530.0,2.14
CAMP-0577,Lancamento_Colecao_2025_10,Google Ads,Geral,2025-10-01,2025-12-06,105616.59,29377653,753832,85284,Linear,Finalizada,3.52,371770.4,1.24
CAMP-0578,Parceria_Creator_2023,Google Ads,Moda,2023-01-20,2023-04-12,108543.53,13059319,450059,22094,First Click,Pausada,3.44,373389.74,4.91
CAMP-0579,Dia_Das_Maes_2023,Google Ads,Moda,2023-03-10,2023-05-21,37480.35,13615524,657980,17248,First Click,Finalizada,3.29,123310.35,2.17
CAMP-0580,Black_Friday_Main_2025,Email Marketing,Geral,2025-11-05,2025-12-31,60951.52,21165779,1114431,62883,First Click,Ativa,3.56,216987.41,0.97
CAMP-0581,Liquidacao_Julho_2024_04,TikTok Ads,Moda,2024-04-22,2024-07-26,72051.52,13399171,510205,59151,First Click,Finalizada,3.64,262267.53,1.22
CAMP-0582,Remarketing_30d_2024_04,Marketplace,Moda,2024-04-01,2024-07-05,56091.1,8312943,274317,25927,First Click,Pausada,3.96,222120.76,2.16
CAMP-0583,Feed_Carousel_2023_06,Marketplace,Beleza,2023-06-01,2025-12-31,3796.11,443615,10251,321,First Click,Ativa,2.44,9262.51,11.83
CAMP-0584,Upsell_Platinum_2024_03,Google Ads,Beleza,2024-03-08,2024-06-15,40910.14,10531971,182036,2250,Linear,Pausada,3.1,126821.43,18.18
CAMP-0585,Parceria_Creator_2025_02,Google Ads,Acessórios,2025-02-11,2025-03-29,28969.96,9821861,416125,47241,Linear,Finalizada,3.88,112403.44,0.61
CAMP-0586,Feed_Carousel_2023_03,Instagram Ads,Moda,2023-03-26,2023-06-09,83383.6,15154511,459728,36767,First Click,Finalizada,5.08,423588.69,2.27
CAMP-0587,Retargeting_Carrinho_2024,TikTok Ads,Geral,2024-03-11,2024-06-06,104767.61,36928575,2155003,231537,Linear,Finalizada,6.6,691466.23,0.45
CAMP-0588,TikTok_Viral_2023_09,Email Marketing,Moda,2023-09-13,2023-12-11,59930.82,13698119,338820,17322,Last Click,Finalizada,4.82,288866.55,3.46
CAMP-0589,LTV_Expansion_2024,Influenciador,Geral,2024-11-26,2024-12-07,26499.25,3841335,203148,10878,First Click,Pausada,5.97,158200.52,2.44
CAMP-0590,Parceria_Creator_2024,TikTok Ads,Lifestyle,2024-09-03,2025-12-31,10266.57,2281659,59966,4451,Last Click,Ativa,3.69,37883.64,2.31
CAMP-0591,Semana_Consumidor_2024_06,Marketplace,Acessórios,2024-06-26,2024-08-06,3161.24,699709,15262,280,Linear,Finalizada,4.37,13814.62,11.29
CAMP-0592,Stories_Boost_2024,Email Marketing,Moda,2024-04-04,2025-12-31,43356.38,11044098,280027,23595,Linear,Ativa,4.26,184698.18,1.84
CAMP-0593,Volta_as_Aulas_2023,TikTok Ads,Lifestyle,2023-12-20,2024-04-14,1222.36,214929,10909,1048,Linear,Finalizada,6.84,8360.94,1.17
CAMP-0594,Push_Carrinho_2025_09,Instagram Ads,Acessórios,2025-09-25,2025-12-31,27463.9,8554111,161788,5777,Linear,Finalizada,5.79,159015.98,4.75
CAMP-0595,Influenciador_Inverno_2024_02,TikTok Ads,Acessórios,2024-02-11,2024-04-12,25308.25,5668820,209968,10753,Linear,Finalizada,3.49,88325.79,2.35
CAMP-0596,Branding_Awareness_2025_06,Instagram Ads,Acessórios,2025-06-11,2025-08-11,91588.42,27564996,650013,48468,First Click,Finalizada,6.61,605399.46,1.89
CAMP-0597,UGC_Organico_2025,Influenciador,Geral,2025-10-20,2025-12-16,24663.71,5056148,180977,5559,Linear,Finalizada,14.45,356390.61,4.44
CAMP-0598,Semana_Consumidor_2023,Influenciador,Moda,2023-02-22,2023-03-05,3415.25,490701,27179,1425,First Click,Finalizada,10.06,34357.42,2.4
CAMP-0599,Volta_as_Aulas_2024_09,Marketplace,Moda,2024-09-01,2024-12-27,47054.41,18665093,274659,15387,First Click,Finalizada,4.82,226802.26,3.06
CAMP-0600,Natal_Presentes_2024_07,Google Ads,Beleza,2024-07-27,2024-10-02,72524.39,27597659,1063878,69441,First Click,Pausada,3.2,232078.05,1.04
CAMP-0601,Lancamento_Colecao_2024_10,Marketplace,Moda,2024-10-26,2024-12-14,55332.51,14627839,677841,28245,Linear,Finalizada,2.39,132244.7,1.96
CAMP-0602,Liquida_Beleza_2024_10,TikTok Ads,Lifestyle,2024-10-27,2024-11-25,30046.35,11056716,510031,30786,First Click,Finalizada,6.04,181479.95,0.98
CAMP-0603,Liquidacao_Julho_2023_03,Marketplace,Moda,2023-03-09,2023-05-23,80065.5,8115281,371517,40586,Linear,Finalizada,4.97,397925.53,1.97
CAMP-0604,TikTok_Viral_2023,Instagram Ads,Lifestyle,2023-02-17,2023-04-06,54222.13,8723544,299351,18212,Last Click,Finalizada,5.38,291715.06,2.98
CAMP-0605,Lancamento_Colecao_2025,Marketplace,Lifestyle,2025-07-28,2025-08-08,30222.57,9275665,140034,11725,Linear,Pausada,1.27,38382.66,2.58
CAMP-0606,Volta_as_Aulas_2025_08,Orgânico,Beleza,2025-08-05,2025-09-16,20636.57,1770228,23414,991,Linear,Pausada,1.67,34463.07,20.82
CAMP-0607,Performance_Moda_2025,TikTok Ads,Moda,2025-05-05,2025-06-03,85786.59,31368730,1119221,65615,Linear,Pausada,6.77,580775.21,1.31
CAMP-0608,Black_Friday_Main_2024_12,Orgânico,Moda,2024-12-10,2025-03-03,6030.03,1210628,22384,838,Last Click,Pausada,1.37,8261.14,7.2
CAMP-0609,Influenciador_Verao_2024,Instagram Ads,Moda,2024-04-22,2024-05-27,95671.51,33077870,553389,15702,Last Click,Pausada,6.08,581682.78,6.09
CAMP-0610,Performance_Sempre_Ligada_2025_04,Email Marketing,Beleza,2025-04-18,2025-06-18,28042.49,3193571,79248,923,Last Click,Pausada,2.56,71788.77,30.38
CAMP-0611,TikTok_Viral_2025_05,Google Ads,Moda,2025-05-21,2025-06-02,106278.11,22483239,1077224,69969,Linear,Pausada,3.54,376224.51,1.52
CAMP-0612,LTV_Expansion_2023_10,Google Ads,Lifestyle,2023-10-11,2024-01-15,81412.48,31845093,1403524,65299,Linear,Finalizada,3.69,300412.05,1.25
CAMP-0613,Performance_Sempre_Ligada_2024,Marketplace,Moda,2024-01-20,2024-03-24,61420.93,19493802,666256,58303,First Click,Finalizada,3.47,213130.63,1.05
CAMP-0614,Cyber_Monday_2025_07,Influenciador,Beleza,2025-07-25,2025-08-11,16679.15,3996198,73948,3795,Linear,Pausada,13.89,231673.39,4.4
CAMP-0615,CAC_Reducao_2023,Marketplace,Lifestyle,2023-05-11,2023-08-23,62600.57,24590856,1025399,42789,Last Click,Pausada,3.93,246020.24,1.46
CAMP-0616,CAC_Reducao_2025,Google Ads,Beleza,2025-01-22,2025-05-11,73045.97,14760800,364962,21408,First Click,Pausada,3.49,254930.44,3.41
CAMP-0617,Cyber_Monday_2023_03,Instagram Ads,Beleza,2023-03-03,2023-05-19,28509.95,2993905,136819,6055,Linear,Pausada,4.12,117460.99,4.71
CAMP-0618,Fidelidade_Clientes_2024,Google Ads,Lifestyle,2024-10-15,2024-11-16,103518.58,24220721,1391545,68956,Linear,Finalizada,3.44,356103.92,1.5
CAMP-0619,Natal_Presentes_2023_08,Email Marketing,Acessórios,2023-08-01,2023-10-01,91111.23,34156725,1330388,35664,Last Click,Pausada,2.52,229600.3,2.55
CAMP-0620,Stories_Boost_2024_09,Marketplace,Lifestyle,2024-09-20,2024-11-08,85840.63,12243366,681206,7125,Last Click,Pausada,3.9,334778.46,12.05
CAMP-0621,Black_Friday_Main_2024_12,Marketplace,Acessórios,2024-12-12,2025-01-27,49172.75,4544772,254158,13300,Last Click,Pausada,4.05,199149.64,3.7
CAMP-0622,Lookalike_Gold_2025,TikTok Ads,Lifestyle,2025-12-16,2025-12-31,78178.58,29433141,1361416,49907,Linear,Pausada,3.85,300987.53,1.57
CAMP-0623,Performance_Beleza_2025_11,Orgânico,Moda,2025-11-21,2025-12-31,72731.19,27795305,435360,16202,First Click,Ativa,4.37,317835.3,4.49
CAMP-0624,Semana_Consumidor_2025,Instagram Ads,Moda,2025-12-13,2025-12-31,62320.74,8751292,262478,26581,Linear,Pausada,4.5,280443.33,2.34
CAMP-0625,Black_Friday_Main_2025,Orgânico,Acessórios,2025-05-24,2025-09-20,13291.03,3498674,173085,17233,Last Click,Pausada,4.72,62733.66,0.77
CAMP-0626,Liquida_Beleza_2023,Orgânico,Lifestyle,2023-03-27,2023-04-15,92894.49,19852358,589134,24577,Linear,Pausada,2.5,232236.23,3.78
CAMP-0627,LTV_Expansion_2024,Google Ads,Beleza,2024-03-17,2024-05-20,22439.44,2218683,38831,3631,Last Click,Pausada,3.87,86840.63,6.18
CAMP-0628,Fidelidade_Clientes_2023,Orgânico,Geral,2023-11-06,2025-12-31,10467.71,1255058,14234,188,First Click,Ativa,3.69,38625.85,55.68
CAMP-0629,Natal_Presentes_2024_01,Instagram Ads,Moda,2024-01-22,2024-02-03,25485.99,8496307,233942,15722,Last Click,Pausada,6.66,169736.69,1.62
CAMP-0630,Branding_Awareness_2025,TikTok Ads,Lifestyle,2025-07-11,2025-11-08,119933.53,40944239,2331018,193844,Last Click,Finalizada,7.84,940278.88,0.62
CAMP-0631,Cyber_Monday_2023_08,TikTok Ads,Moda,2023-08-28,2023-12-05,3276.52,390974,13915,1594,Linear,Pausada,3.89,12745.66,2.06
CAMP-0632,Lancamento_Colecao_2025,Orgânico,Acessórios,2025-07-22,2025-10-18,2192.31,428083,4443,439,Last Click,Finalizada,1.93,4231.16,4.99
CAMP-0633,UGC_Organico_2023_06,Marketplace,Geral,2023-06-14,2023-08-20,88166.47,15344153,278404,7168,Linear,Pausada,4.14,365009.19,12.3
CAMP-0634,Influenciador_Verao_2023_08,Email Marketing,Moda,2023-08-26,2025-12-31,99916.02,39848258,2364413,145052,Linear,Ativa,2.93,292753.94,0.69
CAMP-0635,Volta_as_Aulas_2023,Google Ads,Beleza,2023-03-25,2023-06-29,12835.27,5106841,48614,5454,First Click,Pausada,3.77,48388.97,2.35
CAMP-0636,CAC_Reducao_2025_08,Orgânico,Lifestyle,2025-08-22,2025-12-31,16463.62,4133255,188978,3769,Linear,Ativa,1.9,31280.88,4.37
CAMP-0637,Natal_Presentes_2023,TikTok Ads,Geral,2023-11-11,2024-02-17,78539.57,26014363,1515203,87981,First Click,Finalizada,2.25,176714.03,0.89
CAMP-0638,Semana_Consumidor_2024_12,Instagram Ads,Moda,2024-12-19,2025-03-31,68826.11,8312376,201952,10465,Linear,Pausada,2.31,158988.31,6.58
CAMP-0639,Lancamento_Colecao_2024_06,Google Ads,Acessórios,2024-06-25,2024-09-26,62466.22,17023147,332825,17800,Last Click,Pausada,3.32,207387.85,3.51
CAMP-0640,Dia_Das_Maes_2024,TikTok Ads,Beleza,2024-11-15,2025-12-31,34150.46,10896017,568277,57425,Linear,Ativa,3.51,119868.11,0.59
CAMP-0641,TikTok_Viral_2025,Instagram Ads,Lifestyle,2025-10-16,2025-11-19,35121.11,13671897,151187,14986,Linear,Finalizada,3.05,107119.39,2.34
CAMP-0642,Liquida_Beleza_2025_12,TikTok Ads,Beleza,2025-12-02,2025-12-31,102842.1,32165568,757605,75496,Linear,Pausada,7.94,816566.27,1.36
CAMP-0643,CAC_Reducao_2024,Marketplace,Lifestyle,2024-11-16,2025-02-27,47049.36,11711066,266052,23040,First Click,Finalizada,3.19,150087.46,2.04
CAMP-0644,Black_Friday_Main_2025_01,Google Ads,Lifestyle,2025-01-28,2025-03-14,78625.15,20811320,644692,40659,Linear,Finalizada,3.22,253172.98,1.93
CAMP-0645,Dia_Dos_Namorados_2024,Google Ads,Moda,2024-12-28,2025-03-31,45311.38,17873716,774488,22076,First Click,Pausada,3.97,179886.18,2.05
CAMP-0646,Liquida_Beleza_2025_11,Instagram Ads,Moda,2025-11-11,2025-12-07,29551.12,3487529,99832,4322,Last Click,Finalizada,5.26,155438.89,6.84
CAMP-0647,Email_Reativacao_2024_11,TikTok Ads,Moda,2024-11-13,2025-02-11,44205.3,5233912,64362,4107,Linear,Finalizada,2.96,130847.69,10.76
CAMP-0648,Dia_Das_Maes_2024,Email Marketing,Geral,2024-05-23,2024-09-08,46198.39,18478678,823083,35244,Linear,Pausada,1.25,57747.99,1.31
CAMP-0649,Feed_Carousel_2025_01,Google Ads,Acessórios,2025-01-13,2025-03-29,7859.01,2734040,98499,9856,Linear,Finalizada,3.75,29471.29,0.8
CAMP-0650,Retargeting_Carrinho_2025_12,Instagram Ads,Beleza,2025-12-06,2025-12-31,53778.5,9711039,97454,7139,First Click,Ativa,4.81,258674.58,7.53
CAMP-0651,LTV_Expansion_2025_05,Instagram Ads,Moda,2025-05-12,2025-06-09,117256.95,34076159,712652,10745,Linear,Finalizada,5.91,692988.57,10.91
CAMP-0652,Branding_Awareness_2023,Email Marketing,Acessórios,2023-10-16,2023-12-28,72819.42,17723439,775797,64304,Last Click,Finalizada,1.75,127433.99,1.13
CAMP-0653,LTV_Expansion_2023,TikTok Ads,Beleza,2023-10-18,2023-12-09,15593.36,4352731,51652,1965,Last Click,Finalizada,2.56,39919.0,7.94
CAMP-0654,TikTok_Viral_2025_07,Instagram Ads,Lifestyle,2025-07-23,2025-12-31,24610.8,6927000,152454,12141,Linear,Ativa,3.86,94997.69,2.03
CAMP-0655,Performance_Beleza_2025_03,Orgânico,Geral,2025-03-14,2025-04-30,45597.24,17713874,369686,14681,First Click,Finalizada,3.19,145455.2,3.11
CAMP-0656,Remarketing_30d_2024_06,Influenciador,Moda,2024-06-25,2024-10-21,32982.89,3672413,216427,7454,First Click,Pausada,13.92,459121.83,4.42
CAMP-0657,Volta_as_Aulas_2025_08,Email Marketing,Lifestyle,2025-08-04,2025-11-08,66274.76,18185093,993299,28589,Linear,Finalizada,1.72,113992.59,2.32
CAMP-0658,UGC_Organico_2025,Orgânico,Geral,2025-10-28,2025-12-31,31235.51,9362240,422120,34753,First Click,Pausada,3.94,123067.91,0.9
CAMP-0659,Liquidacao_Julho_2025,Orgânico,Lifestyle,2025-04-22,2025-07-28,22135.92,8756943,433647,28293,Linear,Finalizada,3.08,68178.63,0.78
CAMP-0660,Cyber_Monday_2024,TikTok Ads,Beleza,2024-11-28,2025-12-31,36818.25,12024291,624695,49859,First Click,Ativa,7.64,281291.43,0.74
CAMP-0661,Email_Reativacao_2023,Email Marketing,Moda,2023-12-10,2024-02-18,115467.53,24903431,857960,77549,Linear,Pausada,3.74,431848.56,1.49
CAMP-0662,Upsell_Platinum_2024_01,Email Marketing,Moda,2024-01-20,2024-05-12,85756.38,26141061,1228178,45276,Linear,Pausada,4.29,367894.87,1.89
CAMP-0663,Fidelidade_Clientes_2023,Orgânico,Geral,2023-10-15,2024-01-16,21142.74,4174767,62340,3046,Last Click,Pausada,2.52,53279.7,6.94
CAMP-0664,Volta_as_Aulas_2025_04,Instagram Ads,Lifestyle,2025-04-27,2025-08-10,34949.76,8199210,178472,1828,Last Click,Pausada,3.09,107994.76,19.12
CAMP-0665,Stories_Boost_2023,Orgânico,Geral,2023-08-20,2023-09-03,905.75,205888,4841,105,Last Click,Finalizada,1.74,1576.0,8.63
CAMP-0666,Performance_Beleza_2024,Instagram Ads,Moda,2024-08-07,2025-12-31,61815.37,7985767,115313,7335,Last Click,Ativa,3.25,200899.95,8.43
CAMP-0667,Liquidacao_Julho_2024,Marketplace,Lifestyle,2024-06-14,2024-08-28,13221.66,2913301,150462,4183,Linear,Finalizada,1.02,13486.09,3.16
CAMP-0668,Performance_Beleza_2023_05,Google Ads,Moda,2023-05-02,2025-12-31,50642.48,9418909,90831,7564,First Click,Ativa,3.98,201557.07,6.7
CAMP-0669,Lookalike_Gold_2025_08,Marketplace,Acessórios,2025-08-26,2025-09-18,90180.57,29733255,856126,76930,First Click,Finalizada,2.56,230862.26,1.17
CAMP-0670,Fidelidade_Clientes_2023,Instagram Ads,Moda,2023-03-12,2023-06-25,6434.37,2223380,67463,5105,Last Click,Pausada,3.45,22198.58,1.26
CAMP-0671,Liquidacao_Julho_2023_10,Instagram Ads,Acessórios,2023-10-05,2023-11-04,33880.43,3957450,85890,7481,Linear,Pausada,2.99,101302.49,4.53
CAMP-0672,Liquidacao_Julho_2025_12,TikTok Ads,Moda,2025-12-17,2025-12-31,27680.23,3386251,33845,4025,First Click,Pausada,1.61,44565.17,6.88
CAMP-0673,Influenciador_Verao_2024,Instagram Ads,Moda,2024-07-17,2024-10-13,26768.67,5791248,64805,3692,Last Click,Pausada,3.35,89675.04,7.25
CAMP-0674,Liquidacao_Julho_2023_06,Influenciador,Acessórios,2023-06-02,2023-06-09,79319.6,14509511,331346,13524,Last Click,Pausada,3.18,252236.33,5.87
CAMP-0675,Dia_Dos_Namorados_2024_02,Influenciador,Lifestyle,2024-02-04,2024-05-08,39879.17,12650210,338924,32424,Last Click,Pausada,3.95,157522.72,1.23
CAMP-0676,Black_Friday_Main_2024_02,Google Ads,Geral,2024-02-04,2025-12-31,89161.97,10566887,406837,44890,Last Click,Ativa,3.19,284426.68,1.99
CAMP-0677,LTV_Expansion_2025_10,Instagram Ads,Moda,2025-10-11,2025-12-17,64120.2,8282736,121319,6794,Linear,Pausada,6.39,409728.08,9.44
CAMP-0678,Liquida_Beleza_2024_11,Influenciador,Lifestyle,2024-11-23,2025-12-31,52447.87,12299161,433369,49737,Linear,Ativa,9.19,481995.93,1.05
CAMP-0679,Liquida_Beleza_2023_10,Google Ads,Lifestyle,2023-10-02,2024-01-05,88937.68,18427711,803523,84954,Linear,Pausada,3.44,305945.62,1.05
CAMP-0680,Lancamento_Colecao_2024_07,Marketplace,Geral,2024-07-20,2024-08-19,19368.37,2899415,128239,13684,Linear,Pausada,3.02,58492.48,1.42
CAMP-0681,LTV_Expansion_2024,Email Marketing,Lifestyle,2024-04-10,2024-06-26,20698.87,1958030,39918,570,First Click,Pausada,2.11,43674.62,36.31
CAMP-0682,LTV_Expansion_2025_04,Influenciador,Moda,2025-04-27,2025-05-18,77907.73,22005702,1288551,58889,Linear,Pausada,8.46,659099.4,1.32
CAMP-0683,Push_Carrinho_2025_05,Google Ads,Acessórios,2025-05-11,2025-08-06,98907.03,14852816,864312,25446,Linear,Pausada,3.66,361999.73,3.89
CAMP-0684,Feed_Carousel_2025_05,Instagram Ads,Acessórios,2025-05-28,2025-08-20,98058.27,14768015,324560,24011,Last Click,Pausada,3.98,390271.91,4.08
CAMP-0685,Stories_Boost_2024,Google Ads,Acessórios,2024-03-16,2025-12-31,21945.32,3054985,161432,4968,Last Click,Ativa,3.18,69786.12,4.42
CAMP-0686,Influenciador_Verao_2023_03,Instagram Ads,Lifestyle,2023-03-27,2023-06-19,8520.6,878095,18223,2004,First Click,Pausada,5.62,47885.77,4.25
CAMP-0687,Influenciador_Inverno_2025,Orgânico,Moda,2025-02-13,2025-03-06,91660.8,26236462,269566,10059,Linear,Pausada,4.75,435388.8,9.11
CAMP-0688,Dia_Das_Maes_2023,Instagram Ads,Moda,2023-09-24,2024-01-18,24438.13,5712074,212879,12533,First Click,Pausada,4.39,107283.39,1.95
CAMP-0689,Upsell_Platinum_2025,Instagram Ads,Geral,2025-05-21,2025-05-30,12517.27,2189975,75773,7729,First Click,Pausada,3.12,39053.88,1.62
CAMP-0690,Cyber_Monday_2023_06,Marketplace,Acessórios,2023-06-21,2023-10-18,82474.6,25464229,1397577,89585,Last Click,Finalizada,1.41,116289.19,0.92
CAMP-0691,Influenciador_Inverno_2025_06,Influenciador,Moda,2025-06-04,2025-06-21,72619.86,9947591,353984,26887,Linear,Pausada,13.45,976737.12,2.7
CAMP-0692,Upsell_Platinum_2024,Influenciador,Geral,2024-06-04,2024-08-13,111959.24,38002348,1709647,31458,Linear,Finalizada,14.68,1643561.64,3.56
CAMP-0693,Dia_Das_Maes_2023,Google Ads,Lifestyle,2023-07-15,2023-10-30,97795.04,11365005,343536,30896,First Click,Finalizada,3.99,390202.21,3.17
CAMP-0694,Volta_as_Aulas_2024_06,TikTok Ads,Acessórios,2024-06-16,2024-09-19,72288.83,20509305,311485,35460,Last Click,Finalizada,4.22,305058.86,2.04
CAMP-0695,TikTok_Viral_2024_09,Email Marketing,Geral,2024-09-18,2024-11-13,69799.48,15006123,570976,49266,Last Click,Pausada,1.35,94229.3,1.42
CAMP-0696,Semana_Consumidor_2023_06,Instagram Ads,Beleza,2023-06-18,2023-07-12,7337.37,1407243,73366,7728,Linear,Pausada,4.3,31550.69,0.95
CAMP-0697,Performance_Beleza_2023_04,Marketplace,Beleza,2023-04-02,2023-04-24,45419.8,4016518,233662,11889,Last Click,Pausada,3.33,151247.93,3.82
CAMP-0698,Stories_Boost_2023,TikTok Ads,Geral,2023-01-05,2023-01-22,9432.42,2472601,124403,3292,Linear,Pausada,2.41,22732.13,2.87
CAMP-0699,Email_Reativacao_2024_07,Orgânico,Lifestyle,2024-07-24,2024-11-08,34554.93,4488130,241551,3268,Last Click,Pausada,1.64,56670.09,10.57
CAMP-0700,Influenciador_Inverno_2025_08,TikTok Ads,Acessórios,2025-08-18,2025-09-27,85180.47,18362735,296624,34717,Last Click,Finalizada,6.33,539192.38,2.45
CAMP-0701,Liquida_Beleza_2023_07,Email Marketing,Moda,2023-07-06,2023-09-22,98023.75,22535616,547296,44116,Last Click,Pausada,1.22,119588.97,2.22
CAMP-0702,Influenciador_Verao_2023,Orgânico,Acessórios,2023-05-04,2025-12-31,43651.66,14370786,365657,13291,Linear,Ativa,1.26,55001.09,3.28
CAMP-0703,Branding_Awareness_2023_09,Instagram Ads,Lifestyle,2023-09-07,2023-09-18,32446.33,12736229,475945,34273,First Click,Pausada,2.24,72679.78,0.95
CAMP-0704,Stories_Boost_2024,Influenciador,Moda,2024-05-13,2024-06-29,87137.44,34125830,1519901,31479,Linear,Finalizada,7.8,679672.03,2.77
CAMP-0705,TikTok_Viral_2023,TikTok Ads,Beleza,2023-10-26,2024-01-16,34956.3,4491608,144097,15472,First Click,Pausada,3.01,105218.46,2.26
CAMP-0706,Branding_Awareness_2025_03,TikTok Ads,Beleza,2025-03-17,2025-06-25,53808.13,6563689,151777,11926,Linear,Finalizada,7.29,392261.27,4.51
CAMP-0707,CAC_Reducao_2023,Marketplace,Beleza,2023-10-20,2025-12-31,18457.69,5184630,175609,17300,First Click,Ativa,2.24,41345.23,1.07
CAMP-0708,Natal_Presentes_2024_06,Marketplace,Moda,2024-06-06,2024-07-03,33758.06,6625527,83746,2488,Last Click,Pausada,4.94,166764.82,13.57
CAMP-0709,Lancamento_Colecao_2025_03,TikTok Ads,Acessórios,2025-03-04,2025-05-12,43743.96,7511713,219865,17185,Linear,Pausada,3.88,169726.56,2.55
CAMP-0710,Performance_Sempre_Ligada_2023_11,Influenciador,Lifestyle,2023-11-14,2023-12-24,74549.52,21323948,992293,36645,First Click,Pausada,2.74,204265.68,2.03
CAMP-0711,Lookalike_Gold_2023_10,Influenciador,Acessórios,2023-10-13,2023-11-17,104924.23,30861172,806858,49649,First Click,Finalizada,7.24,759651.43,2.11
CAMP-0712,Lancamento_Colecao_2024,Google Ads,Moda,2024-07-07,2024-07-22,41222.34,11270114,214774,19660,First Click,Finalizada,3.04,125315.91,2.1
CAMP-0713,Black_Friday_Main_2025,Marketplace,Beleza,2025-04-11,2025-07-03,7675.55,2599944,127545,15004,Linear,Finalizada,4.47,34309.71,0.51
CAMP-0714,Email_Reativacao_2024_11,Marketplace,Lifestyle,2024-11-06,2025-12-31,8497.23,1781205,41882,3699,Last Click,Ativa,1.86,15804.85,2.3
CAMP-0715,TikTok_Viral_2023_07,Google Ads,Moda,2023-07-11,2023-08-25,23992.92,9151411,302403,20837,Linear,Pausada,3.44,82535.64,1.15
CAMP-0716,Stories_Boost_2023_09,Email Marketing,Acessórios,2023-09-26,2023-10-28,86782.3,23007427,357077,29654,Linear,Pausada,3.97,344525.73,2.93
CAMP-0717,Lancamento_Colecao_2023,Orgânico,Lifestyle,2023-03-15,2023-05-24,13810.1,5391357,157061,10566,First Click,Finalizada,4.77,65874.18,1.31
CAMP-0718,Black_Friday_Main_2025_10,Orgânico,Acessórios,2025-10-04,2025-12-31,89535.76,12539503,554436,52772,First Click,Ativa,2.39,213990.47,1.7
CAMP-0719,Liquidacao_Julho_2023,Orgânico,Geral,2023-06-27,2023-08-11,60349.81,21586077,957655,77934,Linear,Finalizada,2.41,145443.04,0.77
CAMP-0720,Performance_Beleza_2024_02,Marketplace,Geral,2024-02-06,2024-03-31,66419.88,8770764,268960,11122,Last Click,Pausada,2.75,182654.67,5.97
CAMP-0721,Influenciador_Verao_2023_02,Orgânico,Geral,2023-02-26,2023-03-16,74027.99,15665025,529682,49096,Linear,Pausada,3.53,261318.8,1.51
CAMP-0722,Remarketing_30d_2025,Email Marketing,Moda,2025-05-28,2025-07-02,66280.23,7730949,406105,46523,Last Click,Finalizada,4.66,308865.87,1.42
CAMP-0723,Cyber_Monday_2023,TikTok Ads,Acessórios,2023-06-26,2023-08-08,105576.94,17382156,896939,87420,Last Click,Finalizada,1.53,161532.72,1.21
CAMP-0724,Black_Friday_Main_2023_03,Instagram Ads,Moda,2023-03-26,2023-07-15,40343.77,15610270,930795,34068,Last Click,Finalizada,5.08,204946.35,1.18
CAMP-0725,Influenciador_Inverno_2025_07,TikTok Ads,Moda,2025-07-05,2025-08-30,48493.66,8816146,143166,5069,Linear,Pausada,4.78,231799.69,9.57
CAMP-0726,Parceria_Creator_2025,Email Marketing,Acessórios,2025-05-27,2025-07-14,11371.88,1003055,8626,816,First Click,Pausada,3.83,43554.3,13.94
CAMP-0727,Semana_Consumidor_2023_12,Email Marketing,Acessórios,2023-12-24,2025-12-31,54554.01,15388626,409680,14899,First Click,Ativa,1.78,97106.14,3.66
CAMP-0728,Influenciador_Verao_2024_11,Orgânico,Acessórios,2024-11-02,2024-11-27,76678.71,20350028,272238,16471,Last Click,Pausada,1.57,120385.57,4.66
CAMP-0729,Retargeting_Carrinho_2023_08,Google Ads,Moda,2023-08-28,2023-12-20,47017.86,11149431,101925,1844,Last Click,Pausada,3.21,150927.33,25.5
CAMP-0730,Dia_Das_Maes_2025,Marketplace,Lifestyle,2025-08-26,2025-10-10,108455.85,31570765,1288816,134074,Last Click,Pausada,4.97,539025.57,0.81
CAMP-0731,CAC_Reducao_2025,Email Marketing,Geral,2025-01-06,2025-02-14,23302.86,2084619,19174,1271,First Click,Pausada,2.46,57325.04,18.33
CAMP-0732,Lancamento_Colecao_2023_04,Instagram Ads,Lifestyle,2023-04-03,2023-04-26,32985.24,4741826,60612,5327,Last Click,Finalizada,5.73,189005.43,6.19
CAMP-0733,Black_Friday_Main_2024,Marketplace,Geral,2024-04-09,2024-07-12,115432.18,13035325,641911,47908,Last Click,Finalizada,4.82,556383.11,2.41
CAMP-0734,Retargeting_Carrinho_2024_10,Marketplace,Acessórios,2024-10-24,2024-12-10,72954.02,15858755,594566,30403,First Click,Pausada,2.8,204271.26,2.4
CAMP-0735,Cyber_Monday_2025,Email Marketing,Lifestyle,2025-07-10,2025-11-06,47917.14,5591354,279959,16022,Linear,Finalizada,1.29,61813.11,2.99
CAMP-0736,Cyber_Monday_2023,Influenciador,Lifestyle,2023-06-04,2025-12-31,82657.43,25572294,488844,35402,Last Click,Ativa,8.64,714160.2,2.33
CAMP-0737,LTV_Expansion_2023,Influenciador,Geral,2023-09-07,2025-12-31,33510.21,9199537,496174,51895,Linear,Ativa,9.87,330745.77,0.65
CAMP-0738,Dia_Das_Maes_2024,TikTok Ads,Acessórios,2024-06-07,2024-09-24,59938.39,23788534,711380,16824,First Click,Finalizada,5.34,320071.0,3.56
CAMP-0739,Upsell_Platinum_2024_01,Email Marketing,Moda,2024-01-21,2024-04-10,109414.85,18709617,968511,52599,Last Click,Pausada,3.11,340280.18,2.08
CAMP-0740,Parceria_Creator_2023,Orgânico,Moda,2023-08-04,2023-10-03,33105.89,10633000,306420,21820,Last Click,Finalizada,1.19,39396.01,1.52
CAMP-0741,TikTok_Viral_2024,Orgânico,Acessórios,2024-11-04,2025-01-29,3708.72,353466,3018,65,First Click,Pausada,3.9,14464.01,57.06
CAMP-0742,Semana_Consumidor_2023,Google Ads,Moda,2023-12-26,2024-03-10,112106.42,40107726,862466,83093,Last Click,Pausada,3.08,345287.77,1.35
CAMP-0743,LTV_Expansion_2024_05,Orgânico,Geral,2024-05-23,2024-06-16,14564.19,2653398,41647,3092,Last Click,Finalizada,2.65,38595.1,4.71
CAMP-0744,Semana_Consumidor_2025,Orgânico,Moda,2025-09-08,2025-12-08,117166.66,21442862,986477,34370,Last Click,Finalizada,3.85,451091.64,3.41
CAMP-0745,Volta_as_Aulas_2025,Email Marketing,Beleza,2025-11-24,2025-12-31,9202.3,2192667,41767,3498,First Click,Pausada,1.75,16104.02,2.63
CAMP-0746,Upsell_Platinum_2025,Influenciador,Beleza,2025-09-17,2025-12-30,85079.78,24646981,1283761,27758,Last Click,Finalizada,5.77,490910.33,3.07
CAMP-0747,Lancamento_Colecao_2025,TikTok Ads,Geral,2025-04-25,2025-05-10,50886.66,15245903,876299,64405,Linear,Finalizada,7.2,366383.95,0.79
CAMP-0748,Volta_as_Aulas_2023,Instagram Ads,Beleza,2023-08-06,2023-10-12,42364.43,4993257,182832,8956,Linear,Finalizada,4.51,191063.58,4.73
CAMP-0749,Parceria_Creator_2024,Influenciador,Moda,2024-05-12,2025-12-31,77904.89,24480872,733804,31069,Linear,Ativa,4.5,350572.01,2.51
CAMP-0750,Cyber_Monday_2024_02,Marketplace,Geral,2024-02-22,2025-12-31,30023.52,3469112,48532,5263,First Click,Ativa,1.26,37829.64,5.7
CAMP-0751,Black_Friday_Main_2025,Influenciador,Beleza,2025-12-23,2025-12-31,26542.62,9122750,401105,25858,Last Click,Pausada,5.54,147046.11,1.03
CAMP-0752,Cyber_Monday_2024_12,Orgânico,Geral,2024-12-01,2025-12-31,60488.17,18397524,603281,26294,Linear,Ativa,1.68,101620.13,2.3
CAMP-0753,Retargeting_Carrinho_2023,Instagram Ads,Beleza,2023-06-15,2025-12-31,1725.63,400125,10151,299,First Click,Ativa,2.85,4918.05,5.77
CAMP-0754,Email_Reativacao_2024_10,Email Marketing,Lifestyle,2024-10-01,2024-11-08,13304.44,4550869,170647,20297,First Click,Finalizada,3.01,40046.36,0.66
CAMP-0755,Performance_Sempre_Ligada_2023,TikTok Ads,Moda,2023-05-26,2023-07-29,88230.84,35004156,748446,47536,Last Click,Finalizada,6.88,607028.18,1.86
CAMP-0756,CAC_Reducao_2025_11,Orgânico,Lifestyle,2025-11-28,2025-12-31,13708.78,4105106,188289,2312,First Click,Finalizada,1.88,25772.51,5.93
CAMP-0757,Natal_Presentes_2023,Influenciador,Acessórios,2023-04-19,2023-06-20,24915.64,2705033,151140,7792,Linear,Finalizada,13.22,329384.76,3.2
CAMP-0758,Email_Reativacao_2025,Email Marketing,Acessórios,2025-03-09,2025-04-29,47044.94,10045702,599578,26396,Linear,Finalizada,3.81,179241.22,1.78
CAMP-0759,Semana_Consumidor_2024,Instagram Ads,Acessórios,2024-10-26,2024-12-08,116342.49,27882250,1216987,74595,Linear,Pausada,5.12,595673.55,1.56
CAMP-0760,Liquidacao_Julho_2024,Google Ads,Lifestyle,2024-05-03,2024-05-11,5106.18,870938,33826,536,First Click,Finalizada,3.35,17105.7,9.53
CAMP-0761,Upsell_Platinum_2023,Instagram Ads,Lifestyle,2023-06-10,2023-08-20,114451.49,35276589,543876,49294,First Click,Pausada,2.4,274683.58,2.32
CAMP-0762,Liquida_Beleza_2024_04,Instagram Ads,Acessórios,2024-04-26,2024-06-21,48013.81,17733041,965346,107367,Linear,Finalizada,4.82,231426.56,0.45
CAMP-0763,Push_Carrinho_2023_11,Influenciador,Geral,2023-11-25,2023-12-19,66603.2,11744803,146235,10577,Last Click,Finalizada,3.16,210466.11,6.3
CAMP-0764,Push_Carrinho_2025,Instagram Ads,Beleza,2025-08-23,2025-11-25,56311.79,12211444,364710,20105,Last Click,Finalizada,2.13,119944.11,2.8
CAMP-0765,Volta_as_Aulas_2025_05,Instagram Ads,Beleza,2025-05-26,2025-08-06,15447.53,3921297,146695,6200,Linear,Finalizada,2.63,40627.0,2.49
CAMP-0766,Semana_Consumidor_2025,Instagram Ads,Acessórios,2025-08-27,2025-12-31,6752.19,2333328,97518,4552,Linear,Ativa,4.83,32613.08,1.48
CAMP-0767,LTV_Expansion_2023,Influenciador,Moda,2023-12-19,2024-03-29,84248.41,20658088,769029,89515,First Click,Pausada,10.3,867758.62,0.94
CAMP-0768,Black_Friday_Main_2025,Influenciador,Lifestyle,2025-01-26,2025-05-01,13942.12,1115528,43948,1024,First Click,Pausada,2.0,27884.24,13.62
CAMP-0769,Parceria_Creator_2024,TikTok Ads,Geral,2024-07-02,2024-08-16,58149.6,8076634,163279,16858,Linear,Finalizada,5.93,344827.13,3.45
CAMP-0770,Black_Friday_Main_2024_03,Email Marketing,Moda,2024-03-21,2025-12-31,17174.0,5465995,112137,7430,Last Click,Ativa,2.9,49804.6,2.31
CAMP-0771,Lancamento_Colecao_2025,Influenciador,Moda,2025-08-12,2025-10-08,83778.79,9579892,284317,16129,Last Click,Finalizada,2.24,187664.49,5.19
CAMP-0772,Natal_Presentes_2024_01,Instagram Ads,Geral,2024-01-21,2024-04-21,5307.29,1965070,114102,7013,First Click,Finalizada,2.05,10879.94,0.76
CAMP-0773,Lancamento_Colecao_2025_04,Influenciador,Geral,2025-04-12,2025-06-25,61662.81,8376214,132955,10922,First Click,Finalizada,10.87,670274.74,5.65
CAMP-0774,Natal_Presentes_2024_02,Influenciador,Lifestyle,2024-02-27,2024-04-22,72779.85,10023230,449461,29560,Last Click,Finalizada,2.38,173216.04,2.46
CAMP-0775,Performance_Beleza_2024,Email Marketing,Geral,2024-10-20,2024-11-04,3736.72,1175276,23562,1959,First Click,Pausada,2.91,10873.86,1.91
CAMP-0776,Lancamento_Colecao_2023_03,TikTok Ads,Beleza,2023-03-24,2023-07-05,110700.62,11049751,232322,3279,Linear,Finalizada,6.46,715126.01,33.76
CAMP-0777,Semana_Consumidor_2023,Orgânico,Moda,2023-06-04,2023-07-29,118666.73,31281676,575150,21725,Linear,Pausada,1.9,225466.79,5.46
CAMP-0778,Push_Carrinho_2025,Google Ads,Acessórios,2025-04-03,2025-06-29,24584.05,8338979,454066,22499,Last Click,Pausada,3.86,94894.43,1.09
CAMP-0779,Lancamento_Colecao_2024_04,Google Ads,Geral,2024-04-27,2024-08-17,60201.86,11683691,640117,66493,Last Click,Finalizada,3.43,206492.38,0.91
CAMP-0780,Semana_Consumidor_2025,TikTok Ads,Moda,2025-02-05,2025-03-22,14327.71,2203365,86542,4015,Last Click,Pausada,7.49,107314.55,3.57
CAMP-0781,Branding_Awareness_2023,Marketplace,Lifestyle,2023-03-10,2025-12-31,69127.63,24403606,1377682,89556,First Click,Ativa,3.18,219825.86,0.77
CAMP-0782,Lookalike_Gold_2024,Email Marketing,Acessórios,2024-11-01,2025-12-31,50684.4,7306845,395866,6544,Linear,Ativa,3.94,199696.54,7.75
CAMP-0783,LTV_Expansion_2024_02,Instagram Ads,Beleza,2024-02-26,2024-05-21,41632.3,4273313,126680,11568,First Click,Pausada,4.76,198169.75,3.6
CAMP-0784,Branding_Awareness_2023,Influenciador,Moda,2023-01-16,2023-04-16,51895.56,9190385,479658,56053,First Click,Finalizada,0.88,45668.09,0.93
CAMP-0785,Influenciador_Inverno_2024,Email Marketing,Geral,2024-11-22,2025-02-07,6446.42,2095203,92530,5299,First Click,Finalizada,1.46,9411.77,1.22
CAMP-0786,Remarketing_30d_2024_04,Email Marketing,Lifestyle,2024-04-11,2024-04-25,27997.6,7513368,148843,13726,First Click,Pausada,3.14,87912.46,2.04
CAMP-0787,LTV_Expansion_2025_04,TikTok Ads,Moda,2025-04-27,2025-12-31,6987.22,1539549,34940,1556,Last Click,Ativa,3.09,21590.51,4.49
CAMP-0788,Dia_Dos_Namorados_2024_08,Google Ads,Geral,2024-08-22,2025-12-31,9401.1,1504774,54577,3517,First Click,Ativa,3.9,36664.29,2.67
CAMP-0789,Parceria_Creator_2024,Marketplace,Lifestyle,2024-09-10,2024-10-18,38399.3,9724781,130581,6284,First Click,Finalizada,2.94,112893.94,6.11
CAMP-0790,Performance_Moda_2025_04,Google Ads,Beleza,2025-04-10,2025-05-13,44812.32,15291823,235218,27654,First Click,Pausada,3.76,168494.32,1.62
CAMP-0791,Lancamento_Colecao_2023,Instagram Ads,Acessórios,2023-05-09,2023-06-23,7354.46,2599535,72695,877,First Click,Pausada,2.22,16326.9,8.39
CAMP-0792,LTV_Expansion_2025_07,Marketplace,Beleza,2025-07-18,2025-12-31,36756.74,9310325,242867,3123,Last Click,Ativa,2.34,86010.77,11.77
CAMP-0793,Push_Carrinho_2023_01,TikTok Ads,Geral,2023-01-11,2023-04-07,103915.93,34337570,1932705,179285,Linear,Finalizada,4.02,417742.04,0.58
CAMP-0794,Performance_Sempre_Ligada_2025,Orgânico,Lifestyle,2025-08-14,2025-11-01,19673.35,3974275,185888,20766,Linear,Finalizada,2.12,41707.5,0.95
CAMP-0795,Parceria_Creator_2023_09,Influenciador,Moda,2023-09-10,2023-11-06,73942.56,14473691,611947,58787,Last Click,Pausada,0.68,50280.94,1.26
CAMP-0796,Branding_Awareness_2024,Email Marketing,Lifestyle,2024-03-15,2024-05-17,56079.45,21819580,719409,74009,First Click,Pausada,3.32,186183.77,0.76
CAMP-0797,Performance_Moda_2025_06,Influenciador,Geral,2025-06-03,2025-07-13,31292.99,7459537,147891,4317,First Click,Finalizada,1.22,38177.45,7.25
CAMP-0798,Natal_Presentes_2023,Orgânico,Moda,2023-11-17,2024-02-06,5226.28,1617818,18058,1599,Last Click,Finalizada,1.06,5539.86,3.27
CAMP-0799,Lookalike_Gold_2025_04,Email Marketing,Moda,2025-04-12,2025-12-31,60931.17,7081324,85169,2763,Last Click,Ativa,4.29,261394.72,22.05
CAMP-0800,Parceria_Creator_2024_03,Instagram Ads,Acessórios,2024-03-01,2024-06-16,40331.3,8493933,355920,21987,Last Click,Finalizada,2.16,87115.61,1.83
CAMP-0801,TikTok_Viral_2023_10,Instagram Ads,Lifestyle,2023-10-01,2025-12-31,25535.26,4601296,208070,19064,First Click,Ativa,3.72,94991.17,1.34
CAMP-0802,Performance_Moda_2023_11,Marketplace,Geral,2023-11-24,2024-03-07,114630.49,44334494,2642362,190763,Last Click,Pausada,3.19,365671.26,0.6
CAMP-0803,Remarketing_30d_2025,Email Marketing,Moda,2025-01-20,2025-04-04,38169.33,5435600,206078,22713,Last Click,Finalizada,4.07,155349.17,1.68
CAMP-0804,Parceria_Creator_2024_12,Google Ads,Acessórios,2024-12-04,2025-02-05,43553.36,8389904,287718,31824,Last Click,Finalizada,3.23,140677.35,1.37
CAMP-0805,Email_Reativacao_2023,Google Ads,Geral,2023-09-08,2023-11-06,72744.37,24345642,627185,14410,Linear,Pausada,3.98,289522.59,5.05
CAMP-0806,Lookalike_Gold_2023_08,Marketplace,Beleza,2023-08-01,2023-09-30,91908.04,28274791,917028,19357,Linear,Finalizada,2.73,250908.95,4.75
CAMP-0807,LTV_Expansion_2023,Google Ads,Moda,2023-09-28,2023-11-23,42653.26,8903509,329081,29063,Last Click,Finalizada,3.82,162935.45,1.47
CAMP-0808,Lookalike_Gold_2025,Email Marketing,Geral,2025-02-24,2025-12-31,88702.06,17171516,538199,29588,Last Click,Ativa,2.74,243043.64,3.0
CAMP-0809,Dia_Das_Maes_2025,Orgânico,Beleza,2025-03-24,2025-07-13,18440.32,1521156,59079,4970,Linear,Pausada,2.75,50710.88,3.71
CAMP-0810,Dia_Das_Maes_2024,Orgânico,Geral,2024-02-08,2024-03-29,67782.93,24885589,949411,97644,First Click,Pausada,2.54,172168.64,0.69
CAMP-0811,LTV_Expansion_2025,Google Ads,Moda,2025-12-07,2025-12-31,12116.09,2073464,29369,1178,Last Click,Finalizada,3.17,38408.01,10.29
CAMP-0812,LTV_Expansion_2023_11,Email Marketing,Moda,2023-11-09,2025-12-31,24979.8,8703282,411255,5349,First Click,Ativa,3.16,78936.17,4.67
CAMP-0813,TikTok_Viral_2023,Instagram Ads,Acessórios,2023-06-07,2023-08-26,87904.31,21684766,1110562,47136,First Click,Finalizada,6.6,580168.45,1.86
CAMP-0814,Liquida_Beleza_2024,Marketplace,Acessórios,2024-05-03,2024-06-14,116219.06,39185016,1830035,63078,Last Click,Pausada,3.03,352143.75,1.84
CAMP-0815,Lookalike_Gold_2025_02,Marketplace,Geral,2025-02-23,2025-03-06,12232.57,3738679,131255,4061,First Click,Finalizada,4.51,55168.89,3.01
CAMP-0816,Black_Friday_Main_2023,Orgânico,Moda,2023-03-19,2023-04-23,31981.27,4108268,206732,18748,First Click,Pausada,3.54,113213.7,1.71
CAMP-0817,Cyber_Monday_2023_07,Email Marketing,Beleza,2023-07-03,2023-09-26,85256.86,7879445,344923,26721,Last Click,Pausada,3.55,302661.85,3.19
CAMP-0818,LTV_Expansion_2024_04,Email Marketing,Beleza,2024-04-10,2024-06-18,71821.48,18234917,425998,14519,Last Click,Finalizada,4.02,288722.35,4.95
CAMP-0819,LTV_Expansion_2024,Marketplace,Acessórios,2024-04-22,2024-05-21,114766.6,33442541,871983,46903,Last Click,Finalizada,2.93,336266.14,2.45
CAMP-0820,Dia_Das_Maes_2025,Email Marketing,Acessórios,2025-04-01,2025-06-11,106799.31,35297698,393984,37388,Last Click,Pausada,2.64,281950.18,2.86
CAMP-0821,Push_Carrinho_2024_01,Marketplace,Acessórios,2024-01-09,2024-02-13,76424.69,7229862,226129,7766,Linear,Finalizada,1.82,139092.94,9.84
CAMP-0822,Push_Carrinho_2025_06,Instagram Ads,Geral,2025-06-05,2025-06-14,96329.06,10488391,468264,51670,First Click,Pausada,2.32,223483.42,1.86
CAMP-0823,Black_Friday_Main_2024,Email Marketing,Beleza,2024-09-07,2024-12-30,103194.8,15828743,786163,86613,First Click,Finalizada,3.21,331255.31,1.19
CAMP-0824,Branding_Awareness_2023_09,Instagram Ads,Moda,2023-09-04,2023-12-21,5265.76,898279,8318,661,First Click,Finalizada,3.36,17692.95,7.97
CAMP-0825,Performance_Sempre_Ligada_2025_07,TikTok Ads,Acessórios,2025-07-05,2025-11-01,103465.65,10810987,370108,32341,Linear,Finalizada,1.6,165545.04,3.2
CAMP-0826,Influenciador_Verao_2023,Email Marketing,Beleza,2023-12-19,2024-01-19,94215.66,20355186,949796,41066,Linear,Finalizada,2.06,194084.26,2.29
CAMP-0827,Cyber_Monday_2024_05,Email Marketing,Acessórios,2024-05-14,2025-12-31,116032.98,30112740,997760,109597,Last Click,Ativa,2.53,293563.44,1.06
CAMP-0828,UGC_Organico_2024,Orgânico,Acessórios,2024-09-23,2025-12-31,27042.49,10602305,303884,10797,Last Click,Ativa,1.44,38941.19,2.5
CAMP-0829,Lookalike_Gold_2025_02,Influenciador,Beleza,2025-02-04,2025-03-09,71290.46,7616987,220634,22546,First Click,Finalizada,8.72,621652.81,3.16
CAMP-0830,Black_Friday_Main_2024,Instagram Ads,Acessórios,2024-07-10,2024-10-31,4573.86,1374349,53783,5693,Last Click,Pausada,5.78,26436.91,0.8
CAMP-0831,TikTok_Viral_2024,Email Marketing,Acessórios,2024-11-08,2025-02-13,61828.85,21934955,1307833,24793,First Click,Finalizada,1.31,80995.79,2.49
CAMP-0832,Performance_Moda_2023,TikTok Ads,Moda,2023-09-24,2025-12-31,23844.64,8544005,118851,12765,Last Click,Ativa,6.72,160235.98,1.87
CAMP-0833,UGC_Organico_2024_07,Google Ads,Geral,2024-07-01,2024-09-01,86449.17,31266277,690909,31410,First Click,Finalizada,3.65,315539.47,2.75
CAMP-0834,Stories_Boost_2025_04,Influenciador,Geral,2025-04-26,2025-08-02,62421.7,10012228,321089,36277,First Click,Finalizada,14.94,932580.2,1.72
CAMP-0835,Influenciador_Verao_2025,Google Ads,Geral,2025-08-01,2025-08-30,56565.11,22504955,186595,16263,Last Click,Pausada,3.54,200240.49,3.48
CAMP-0836,Liquidacao_Julho_2025_08,Instagram Ads,Moda,2025-08-20,2025-10-10,41525.9,3509828,63237,2609,Last Click,Pausada,4.92,204307.43,15.92
CAMP-0837,Influenciador_Verao_2024,Influenciador,Geral,2024-05-18,2024-08-17,9481.64,1220997,56158,2291,Linear,Pausada,2.34,22187.04,4.14
CAMP-0838,Performance_Sempre_Ligada_2024,Email Marketing,Acessórios,2024-10-25,2025-01-17,116005.73,36649106,1466922,161383,First Click,Finalizada,4.13,479103.66,0.72
CAMP-0839,Fidelidade_Clientes_2023,Instagram Ads,Geral,2023-03-06,2023-03-13,9518.93,3715709,56191,5551,Linear,Finalizada,3.64,34648.91,1.71
CAMP-0840,Black_Friday_Main_2023_09,TikTok Ads,Moda,2023-09-13,2023-11-08,42728.0,14885060,364424,6779,Linear,Finalizada,7.71,329432.88,6.3
CAMP-0841,Liquida_Beleza_2025_03,TikTok Ads,Lifestyle,2025-03-27,2025-05-29,83472.95,13370070,190556,20765,Last Click,Finalizada,1.66,138565.1,4.02
CAMP-0842,Email_Reativacao_2025,TikTok Ads,Acessórios,2025-06-24,2025-09-17,46018.4,6317488,296142,3309,Linear,Pausada,2.77,127470.97,13.91
CAMP-0843,Natal_Presentes_2023_06,Influenciador,Lifestyle,2023-06-09,2023-06-17,4216.68,708336,23300,345,First Click,Finalizada,4.48,18890.73,12.22
CAMP-0844,Performance_Sempre_Ligada_2025,Email Marketing,Moda,2025-08-20,2025-10-28,56919.12,20489732,963642,95224,Linear,Pausada,3.45,196370.96,0.6
CAMP-0845,CAC_Reducao_2023,Google Ads,Beleza,2023-02-14,2023-03-08,53316.69,16388968,398912,41633,Linear,Pausada,3.19,170080.24,1.28
CAMP-0846,Volta_as_Aulas_2024_11,Orgânico,Moda,2024-11-28,2025-03-05,108705.82,29110461,1662313,111038,Linear,Pausada,2.67,290244.54,0.98
CAMP-0847,Liquida_Beleza_2023_04,Orgânico,Moda,2023-04-27,2023-05-22,10259.45,2276445,50826,1619,First Click,Finalizada,3.54,36318.45,6.34
CAMP-0848,Liquida_Beleza_2025_06,Influenciador,Lifestyle,2025-06-04,2025-08-22,68029.48,15521723,218012,4351,Linear,Pausada,5.1,346950.35,15.64
CAMP-0849,Stories_Boost_2023_04,Instagram Ads,Beleza,2023-04-21,2023-05-08,37072.32,11043287,629668,66180,First Click,Pausada,2.66,98612.37,0.56
CAMP-0850,Lancamento_Colecao_2023,Marketplace,Lifestyle,2023-05-05,2023-07-03,100265.98,16774078,307966,36253,Last Click,Pausada,2.06,206547.92,2.77
CAMP-0851,TikTok_Viral_2024,Influenciador,Geral,2024-06-25,2024-08-28,4600.39,1596849,44800,3099,Linear,Pausada,6.79,31236.65,1.48
CAMP-0852,Influenciador_Verao_2023,TikTok Ads,Lifestyle,2023-06-23,2023-09-08,11072.75,3626224,77699,4774,Linear,Finalizada,4.86,53813.57,2.32
CAMP-0853,LTV_Expansion_2023,Google Ads,Acessórios,2023-08-19,2023-11-06,79064.92,29128146,721310,15513,Last Click,Finalizada,3.01,237985.41,5.1
CAMP-0854,UGC_Organico_2024_11,Marketplace,Lifestyle,2024-11-04,2024-12-26,19696.93,5022106,236573,13790,Last Click,Finalizada,3.3,64999.87,1.43
CAMP-0855,Upsell_Platinum_2024,Orgânico,Acessórios,2024-04-09,2024-07-01,58010.4,12087568,121923,13678,Linear,Finalizada,4.6,266847.84,4.24
CAMP-0856,Black_Friday_Main_2024_05,Instagram Ads,Acessórios,2024-05-19,2024-05-29,61562.08,23095208,1249518,145163,Linear,Pausada,6.76,416159.66,0.42
CAMP-0857,Performance_Sempre_Ligada_2023,TikTok Ads,Beleza,2023-11-11,2023-11-24,37250.97,12108926,601540,36368,First Click,Pausada,5.78,215310.61,1.02
CAMP-0858,Fidelidade_Clientes_2024,Google Ads,Lifestyle,2024-02-06,2024-03-10,11001.99,1741773,75950,7824,First Click,Finalizada,3.16,34766.29,1.41
CAMP-0859,Feed_Carousel_2025,Marketplace,Geral,2025-07-23,2025-09-28,99795.37,30536556,1455950,29906,Last Click,Finalizada,4.74,473030.05,3.34
CAMP-0860,LTV_Expansion_2024,TikTok Ads,Lifestyle,2024-11-24,2025-02-15,64187.0,12259556,525120,61294,First Click,Finalizada,5.46,350461.02,1.05
CAMP-0861,Branding_Awareness_2024,Influenciador,Lifestyle,2024-09-27,2025-12-31,71980.59,14930058,179429,6335,Last Click,Ativa,3.56,256250.9,11.36
CAMP-0862,Liquida_Beleza_2024,Instagram Ads,Lifestyle,2024-11-06,2024-12-19,46540.5,15954455,156528,18069,Linear,Finalizada,3.99,185696.6,2.58
CAMP-0863,Lancamento_Colecao_2024,TikTok Ads,Moda,2024-02-12,2024-03-02,96465.32,8094582,199040,14572,Linear,Finalizada,1.58,152415.21,6.62
CAMP-0864,Dia_Das_Maes_2024,Orgânico,Acessórios,2024-01-10,2024-04-20,72515.6,24421360,767173,39134,Last Click,Pausada,4.38,317618.33,1.85
CAMP-0865,Lookalike_Gold_2024,Instagram Ads,Beleza,2024-09-25,2024-12-27,18216.39,3422441,193632,14506,Last Click,Pausada,5.07,92357.1,1.26
CAMP-0866,Dia_Das_Maes_2024,Marketplace,Moda,2024-05-02,2025-12-31,58856.65,11622618,630371,53898,First Click,Ativa,3.7,217769.61,1.09
CAMP-0867,Volta_as_Aulas_2023_05,Email Marketing,Lifestyle,2023-05-12,2023-07-15,35862.47,3277715,45257,4096,First Click,Finalizada,1.99,71366.32,8.76
CAMP-0868,Upsell_Platinum_2023_12,Email Marketing,Moda,2023-12-05,2024-02-05,41577.28,9420159,377715,41951,Linear,Finalizada,3.93,163398.71,0.99
CAMP-0869,Liquidacao_Julho_2023_02,Email Marketing,Acessórios,2023-02-11,2023-03-08,45953.18,18091090,218825,24512,First Click,Pausada,2.6,119478.27,1.87
CAMP-0870,Push_Carrinho_2025_11,Orgânico,Lifestyle,2025-11-24,2025-12-31,115826.17,38682041,1457792,174120,First Click,Finalizada,4.42,511951.67,0.67
CAMP-0871,Upsell_Platinum_2024_10,Orgânico,Moda,2024-10-16,2024-12-17,89675.0,29508354,660880,55420,Last Click,Finalizada,1.73,155137.75,1.62
CAMP-0872,Cyber_Monday_2024,Influenciador,Moda,2024-04-01,2024-07-01,33117.29,7550119,370661,29591,Last Click,Pausada,0.76,25169.14,1.12
CAMP-0873,Performance_Sempre_Ligada_2025_05,Google Ads,Moda,2025-05-24,2025-09-13,70632.12,19997878,501848,26494,Last Click,Finalizada,3.34,235911.28,2.67
CAMP-0874,Performance_Moda_2023_08,Influenciador,Acessórios,2023-08-28,2023-09-30,80823.72,13079026,126576,13132,Last Click,Pausada,7.55,610219.09,6.15
CAMP-0875,UGC_Organico_2025_09,Instagram Ads,Beleza,2025-09-12,2025-12-24,54289.6,12462809,200736,14923,First Click,Finalizada,4.16,225844.74,3.64
CAMP-0876,Influenciador_Verao_2025,TikTok Ads,Lifestyle,2025-12-16,2025-12-31,45535.78,17468531,251925,13486,First Click,Pausada,5.21,237241.41,3.38
CAMP-0877,LTV_Expansion_2025,TikTok Ads,Beleza,2025-07-18,2025-10-29,50297.96,13668950,336378,16801,Linear,Pausada,5.96,299775.84,2.99
CAMP-0878,Liquida_Beleza_2025_09,TikTok Ads,Lifestyle,2025-09-18,2025-12-31,59481.02,13588585,692463,41160,First Click,Finalizada,4.1,243872.18,1.45
CAMP-0879,Cyber_Monday_2024,Email Marketing,Lifestyle,2024-11-06,2024-11-25,69702.91,14901922,443332,13644,Linear,Finalizada,1.55,108039.51,5.11
CAMP-0880,Performance_Sempre_Ligada_2025_10,Email Marketing,Moda,2025-10-24,2025-11-02,73255.54,9762534,395633,33739,Linear,Finalizada,3.97,290824.49,2.17
CAMP-0881,Influenciador_Inverno_2025,Marketplace,Geral,2025-04-28,2025-07-02,86822.6,13594761,442547,39124,First Click,Finalizada,2.17,188405.04,2.22
CAMP-0882,Dia_Das_Maes_2024_08,Google Ads,Geral,2024-08-08,2024-10-10,95651.08,37428046,1272971,28294,First Click,Pausada,3.87,370169.68,3.38
CAMP-0883,Natal_Presentes_2025,Google Ads,Acessórios,2025-02-01,2025-05-06,104074.11,41480927,2191552,38878,Linear,Finalizada,3.88,403807.55,2.68
CAMP-0884,Feed_Carousel_2025_09,Instagram Ads,Geral,2025-09-23,2025-12-31,57800.75,18052917,419442,22575,Last Click,Ativa,2.2,127161.65,2.56
CAMP-0885,Liquida_Beleza_2025,Orgânico,Geral,2025-11-15,2025-12-07,17688.85,2900966,147693,13719,Linear,Pausada,2.47,43691.46,1.29
CAMP-0886,TikTok_Viral_2023,Influenciador,Beleza,2023-08-07,2023-09-25,55097.39,16909748,796958,74330,Last Click,Pausada,6.95,382926.86,0.74
CAMP-0887,TikTok_Viral_2025_05,Orgânico,Lifestyle,2025-05-20,2025-12-31,16974.51,4192184,39192,4186,Linear,Ativa,2.16,36664.94,4.06
CAMP-0888,Natal_Presentes_2025_05,Google Ads,Geral,2025-05-16,2025-08-17,18702.07,6315007,92734,7123,First Click,Finalizada,3.64,68075.53,2.63
CAMP-0889,Liquida_Beleza_2025_05,TikTok Ads,Beleza,2025-05-05,2025-06-14,86592.5,27583721,1649454,90130,Linear,Finalizada,7.82,677153.35,0.96
CAMP-0890,Performance_Beleza_2025,Google Ads,Geral,2025-06-17,2025-10-12,77875.51,27930076,923556,58405,Last Click,Finalizada,3.95,307608.26,1.33
CAMP-0891,Lookalike_Gold_2023_04,Google Ads,Lifestyle,2023-04-05,2023-07-20,78069.6,15151784,483110,53334,Linear,Pausada,3.75,292761.0,1.46
CAMP-0892,Retargeting_Carrinho_2024_11,Google Ads,Beleza,2024-11-02,2024-11-21,60988.5,10177244,590342,60879,First Click,Finalizada,3.97,242124.35,1.0
CAMP-0893,Branding_Awareness_2025,Marketplace,Geral,2025-04-08,2025-07-18,82825.94,23875265,495281,42524,Last Click,Pausada,4.92,407503.62,1.95
CAMP-0894,Lancamento_Colecao_2023_12,Email Marketing,Lifestyle,2023-12-07,2023-12-22,62802.41,6247385,123913,9222,First Click,Pausada,1.39,87295.35,6.81
CAMP-0895,Liquidacao_Julho_2023,Influenciador,Moda,2023-08-04,2023-10-10,12165.13,3267557,127798,5494,First Click,Pausada,12.99,158025.04,2.21
CAMP-0896,Dia_Das_Maes_2025_04,Orgânico,Acessórios,2025-04-19,2025-07-13,119070.07,19117805,557719,22187,Linear,Finalizada,3.03,360782.31,5.37
CAMP-0897,LTV_Expansion_2024,Influenciador,Lifestyle,2024-09-08,2024-12-10,75185.42,8696729,411736,12368,Last Click,Finalizada,14.63,1099962.69,6.08
CAMP-0898,Feed_Carousel_2023,Marketplace,Beleza,2023-02-25,2023-04-11,111050.38,24633580,1014162,70225,First Click,Pausada,1.43,158802.04,1.58
CAMP-0899,Black_Friday_Main_2025,Google Ads,Lifestyle,2025-05-11,2025-07-17,82232.61,30986602,586736,49231,First Click,Pausada,3.77,310016.94,1.67
CAMP-0900,Fidelidade_Clientes_2025_11,TikTok Ads,Beleza,2025-11-06,2025-12-31,78488.18,26089436,1266570,50196,Last Click,Finalizada,7.57,594155.52,1.56
CAMP-0901,Volta_as_Aulas_2024_06,Influenciador,Beleza,2024-06-24,2024-10-04,54075.0,11685355,332614,18587,Last Click,Finalizada,1.3,70297.5,2.91
CAMP-0902,Volta_as_Aulas_2024,Influenciador,Beleza,2024-05-01,2024-06-02,79514.14,12873131,660297,8322,Linear,Pausada,5.22,415063.81,9.55
CAMP-0903,Branding_Awareness_2023_10,Orgânico,Beleza,2023-10-17,2023-11-28,9116.34,1197283,54581,6198,Last Click,Pausada,4.12,37559.32,1.47
CAMP-0904,Fidelidade_Clientes_2023,Orgânico,Acessórios,2023-05-20,2023-06-03,6922.53,1312936,47227,2748,Linear,Pausada,1.54,10660.7,2.52
CAMP-0905,Performance_Beleza_2025_07,Instagram Ads,Lifestyle,2025-07-27,2025-08-22,68975.76,17919050,551720,25413,Linear,Finalizada,3.3,227620.01,2.71
CAMP-0906,Dia_Das_Maes_2025,TikTok Ads,Lifestyle,2025-01-05,2025-01-20,114872.58,22468327,1082536,99809,Last Click,Finalizada,4.54,521521.51,1.15
CAMP-0907,Lookalike_Gold_2023_11,Influenciador,Lifestyle,2023-11-23,2024-02-15,17004.34,4855026,146724,14476,Linear,Pausada,8.16,138755.41,1.17
CAMP-0908,UGC_Organico_2025_07,Influenciador,Moda,2025-07-02,2025-10-28,94858.47,22523482,853423,68087,Linear,Finalizada,1.84,174539.58,1.39
CAMP-0909,Performance_Beleza_2025,TikTok Ads,Moda,2025-03-26,2025-07-19,68956.24,15853244,662809,20545,Last Click,Pausada,4.3,296511.83,3.36
CAMP-0910,Volta_as_Aulas_2025_03,Marketplace,Acessórios,2025-03-21,2025-04-20,54594.84,18013902,836779,95673,First Click,Finalizada,3.3,180162.97,0.57
CAMP-0911,Black_Friday_Main_2023_01,Email Marketing,Acessórios,2023-01-08,2023-02-03,102697.84,27420371,1314107,90095,Linear,Finalizada,4.08,419007.19,1.14
CAMP-0912,Influenciador_Inverno_2023,Influenciador,Geral,2023-04-25,2025-12-31,37156.1,4172142,149103,16981,First Click,Ativa,8.33,309510.31,2.19
CAMP-0913,LTV_Expansion_2023,Influenciador,Lifestyle,2023-11-07,2023-12-04,118922.23,18379815,1026212,97447,Last Click,Finalizada,13.53,1609017.77,1.22
CAMP-0914,Lookalike_Gold_2023,Instagram Ads,Acessórios,2023-08-28,2023-12-07,45773.9,10206662,293515,9574,First Click,Pausada,2.62,119927.62,4.78
CAMP-0915,Black_Friday_Main_2025,Email Marketing,Geral,2025-09-04,2025-10-07,112895.35,35788440,953271,113905,Linear,Pausada,4.94,557703.03,0.99
CAMP-0916,Semana_Consumidor_2024,Influenciador,Acessórios,2024-09-04,2024-09-13,45727.49,9804178,568657,11945,Last Click,Pausada,12.63,577538.2,3.83
CAMP-0917,Branding_Awareness_2023_12,TikTok Ads,Lifestyle,2023-12-03,2024-03-22,105137.83,8944286,520022,46936,First Click,Finalizada,2.41,253382.17,2.24
CAMP-0918,Dia_Dos_Namorados_2023_03,Google Ads,Geral,2023-03-17,2023-06-20,91522.08,9113591,453162,47717,First Click,Finalizada,3.62,331309.93,1.92
CAMP-0919,Volta_as_Aulas_2023,Marketplace,Beleza,2023-09-05,2023-12-24,43935.15,16518976,807793,10741,Last Click,Pausada,3.5,153773.02,4.09
CAMP-0920,Feed_Carousel_2023_01,Email Marketing,Lifestyle,2023-01-11,2025-12-31,56566.18,17828770,276447,15160,Linear,Ativa,3.39,191759.35,3.73
CAMP-0921,Push_Carrinho_2023_01,Google Ads,Beleza,2023-01-12,2023-01-30,118585.34,13752506,450199,53200,Linear,Finalizada,3.44,407933.57,2.23
CAMP-0922,Fidelidade_Clientes_2024,TikTok Ads,Moda,2024-08-16,2024-09-24,38880.6,9828842,567704,47418,Linear,Pausada,6.37,247669.42,0.82
CAMP-0923,Cyber_Monday_2023_09,Google Ads,Beleza,2023-09-05,2023-09-30,79173.35,25162816,1139823,46793,First Click,Pausada,3.23,255729.92,1.69
CAMP-0924,Upsell_Platinum_2024_12,Orgânico,Lifestyle,2024-12-15,2025-02-26,91235.26,11144046,333709,27608,Linear,Finalizada,4.4,401435.14,3.3
CAMP-0925,UGC_Organico_2025,TikTok Ads,Acessórios,2025-01-26,2025-02-25,17325.95,1575214,77702,2160,Last Click,Pausada,4.63,80219.15,8.02
CAMP-0926,LTV_Expansion_2024,Google Ads,Geral,2024-08-07,2024-09-16,14314.73,2424595,116289,12981,Last Click,Finalizada,3.19,45663.99,1.1
CAMP-0927,Performance_Sempre_Ligada_2025,TikTok Ads,Acessórios,2025-08-22,2025-12-31,102774.48,33324232,722099,69332,First Click,Ativa,7.77,798557.71,1.48
CAMP-0928,CAC_Reducao_2024,Instagram Ads,Beleza,2024-02-04,2024-03-19,104822.15,18684519,573251,67800,First Click,Pausada,6.86,719079.95,1.55
CAMP-0929,Email_Reativacao_2023_03,Marketplace,Geral,2023-03-27,2023-07-11,24001.52,7638979,269884,25853,Linear,Pausada,3.1,74404.71,0.93
CAMP-0930,TikTok_Viral_2023_12,Influenciador,Geral,2023-12-17,2024-01-13,81711.55,23138288,1218576,42514,Linear,Pausada,2.7,220621.19,1.92
CAMP-0931,Natal_Presentes_2024,Marketplace,Beleza,2024-01-13,2024-03-26,107270.59,24646633,371627,42066,Linear,Finalizada,3.83,410846.36,2.55
CAMP-0932,Cyber_Monday_2025_10,Influenciador,Beleza,2025-10-20,2025-11-03,17008.33,3978219,64976,7597,First Click,Finalizada,6.17,104941.4,2.24
CAMP-0933,UGC_Organico_2024_10,Orgânico,Acessórios,2024-10-07,2024-11-27,27311.35,10479256,160362,8684,First Click,Pausada,4.78,130548.25,3.15
CAMP-0934,Lancamento_Colecao_2023,Google Ads,Acessórios,2023-11-09,2023-11-17,62570.31,15502238,746064,56573,First Click,Pausada,3.3,206482.02,1.11
CAMP-0935,Performance_Moda_2024,Email Marketing,Geral,2024-03-03,2024-06-14,105053.21,40323217,408495,41739,Linear,Finalizada,2.87,301502.71,2.52
CAMP-0936,Performance_Beleza_2024_04,Google Ads,Acessórios,2024-04-17,2025-12-31,119713.12,32689001,1279788,63836,Linear,Ativa,3.49,417798.79,1.88
CAMP-0937,Dia_Dos_Namorados_2023,Marketplace,Acessórios,2023-11-04,2023-12-16,108586.82,30934749,776435,64729,First Click,Finalizada,1.33,144420.47,1.68
CAMP-0938,Volta_as_Aulas_2023_10,Orgânico,Acessórios,2023-10-16,2023-12-17,12655.06,4174841,187214,13418,Linear,Finalizada,3.43,43406.86,0.94
CAMP-0939,LTV_Expansion_2025_02,Marketplace,Moda,2025-02-19,2025-05-19,69159.94,8132619,388166,19282,Last Click,Pausada,3.42,236526.99,3.59
CAMP-0940,Performance_Sempre_Ligada_2024_11,Orgânico,Moda,2024-11-26,2025-01-30,112835.6,38387959,1560937,149130,First Click,Pausada,1.86,209874.22,0.76
CAMP-0941,Cyber_Monday_2023_05,Instagram Ads,Lifestyle,2023-05-14,2023-08-22,101961.72,16428536,830547,39737,First Click,Finalizada,3.38,344630.61,2.57
CAMP-0942,Feed_Carousel_2025_11,Influenciador,Acessórios,2025-11-09,2025-12-06,67105.64,23910714,997337,91233,Last Click,Pausada,12.32,826741.48,0.74
CAMP-0943,Parceria_Creator_2024,TikTok Ads,Moda,2024-06-20,2024-10-08,38120.79,6780440,376564,7511,First Click,Pausada,4.73,180311.34,5.08
CAMP-0944,Influenciador_Verao_2023,TikTok Ads,Acessórios,2023-05-28,2023-07-18,96746.52,35472080,1675987,193616,Last Click,Finalizada,2.73,264118.0,0.5
CAMP-0945,Natal_Presentes_2024,Email Marketing,Geral,2024-09-18,2024-12-13,23994.63,2614779,102223,10882,Last Click,Pausada,1.58,37911.52,2.2
CAMP-0946,Retargeting_Carrinho_2024_03,Email Marketing,Lifestyle,2024-03-13,2025-12-31,114737.78,39086960,2116459,89590,First Click,Ativa,2.3,263896.89,1.28
CAMP-0947,Performance_Moda_2023,Marketplace,Moda,2023-09-05,2023-10-17,59440.25,20604329,1218326,45064,First Click,Pausada,4.25,252621.06,1.32
CAMP-0948,UGC_Organico_2023_01,Instagram Ads,Lifestyle,2023-01-28,2023-05-22,49860.2,12783774,479908,26565,Linear,Finalizada,4.0,199440.8,1.88
CAMP-0949,TikTok_Viral_2025,Marketplace,Lifestyle,2025-06-26,2025-08-27,43868.84,16501784,333413,23152,Linear,Finalizada,1.54,67558.01,1.89
CAMP-0950,TikTok_Viral_2025,Google Ads,Geral,2025-03-04,2025-06-19,64336.12,7304622,372296,13052,Linear,Finalizada,3.64,234183.48,4.93
CAMP-0951,Push_Carrinho_2024_05,TikTok Ads,Beleza,2024-05-19,2024-07-23,59756.53,13121276,755320,21789,Last Click,Finalizada,5.73,342404.92,2.74
CAMP-0952,Fidelidade_Clientes_2023_11,Marketplace,Beleza,2023-11-12,2025-12-31,86320.48,22643688,1296628,116766,First Click,Ativa,2.72,234791.71,0.74
CAMP-0953,Push_Carrinho_2025,Marketplace,Beleza,2025-08-10,2025-11-11,39797.88,10441147,559127,63790,Linear,Finalizada,4.92,195805.57,0.62
CAMP-0954,Black_Friday_Main_2025,Influenciador,Moda,2025-01-23,2025-04-15,92999.59,9553316,108035,5996,Linear,Pausada,4.11,382228.31,15.51
CAMP-0955,Remarketing_30d_2023_01,TikTok Ads,Beleza,2023-01-21,2023-05-01,39948.46,4399590,127521,11107,Linear,Pausada,4.15,165786.11,3.6
CAMP-0956,Performance_Moda_2024,Marketplace,Beleza,2024-03-04,2024-04-02,105511.93,25312120,445428,24123,Last Click,Finalizada,3.53,372457.11,4.37
CAMP-0957,Dia_Das_Maes_2025,Marketplace,Moda,2025-05-01,2025-05-15,81988.67,9064413,73330,8679,First Click,Pausada,2.54,208251.22,9.45
CAMP-0958,Influenciador_Verao_2025_06,TikTok Ads,Geral,2025-06-28,2025-12-31,20852.68,5915366,200569,13813,First Click,Ativa,7.17,149513.72,1.51
CAMP-0959,LTV_Expansion_2025_03,Email Marketing,Lifestyle,2025-03-15,2025-07-12,60977.98,20768836,646856,50732,First Click,Pausada,4.83,294523.64,1.2
CAMP-0960,Lancamento_Colecao_2024_02,TikTok Ads,Lifestyle,2024-02-12,2024-05-04,108047.63,25850215,1018037,121866,Linear,Pausada,7.54,814679.13,0.89
CAMP-0961,Dia_Dos_Namorados_2024,TikTok Ads,Acessórios,2024-02-22,2024-04-12,44010.08,6893053,348198,10695,Last Click,Pausada,1.88,82738.95,4.12
CAMP-0962,Semana_Consumidor_2023_09,TikTok Ads,Geral,2023-09-03,2023-10-21,90879.43,25975478,589466,14679,Last Click,Finalizada,7.64,694318.85,6.19
CAMP-0963,Feed_Carousel_2024_02,Marketplace,Acessórios,2024-02-16,2025-12-31,12697.36,3296246,130869,5712,Linear,Ativa,2.15,27299.32,2.22
CAMP-0964,Black_Friday_Main_2025,Orgânico,Moda,2025-01-07,2025-02-22,76983.7,24370133,872041,13248,Linear,Pausada,2.41,185530.72,5.81
CAMP-0965,Cyber_Monday_2025,Instagram Ads,Acessórios,2025-09-17,2025-11-28,81799.78,7714588,147762,8909,First Click,Finalizada,5.56,454806.78,9.18
CAMP-0966,Cyber_Monday_2024,Orgânico,Beleza,2024-04-19,2024-04-27,110665.94,16149430,708124,79079,Last Click,Pausada,3.64,402824.02,1.4
CAMP-0967,TikTok_Viral_2023_06,Google Ads,Acessórios,2023-06-27,2023-07-23,71930.45,20066034,429927,47910,Linear,Pausada,3.86,277651.54,1.5
CAMP-0968,Natal_Presentes_2025_12,Influenciador,Beleza,2025-12-09,2025-12-17,98861.88,19839816,1028039,31709,Linear,Finalizada,9.2,909529.3,3.12
CAMP-0969,Push_Carrinho_2023,Orgânico,Acessórios,2023-12-25,2024-03-25,8648.82,1008467,16401,1591,Linear,Pausada,2.31,19978.77,5.44
CAMP-0970,Push_Carrinho_2024_09,Influenciador,Acessórios,2024-09-10,2024-11-28,13197.35,1560035,79233,8497,First Click,Finalizada,12.77,168530.16,1.55
CAMP-0971,Cyber_Monday_2023_08,Google Ads,Geral,2023-08-16,2025-12-31,27591.68,9563009,168240,15794,Last Click,Ativa,3.44,94915.38,1.75
CAMP-0972,UGC_Organico_2024,Marketplace,Beleza,2024-10-25,2025-12-31,112047.15,36457101,649899,21542,First Click,Ativa,1.06,118769.98,5.2
CAMP-0973,Black_Friday_Main_2023,Influenciador,Lifestyle,2023-06-15,2023-09-12,47079.16,6072797,140730,2392,Linear,Pausada,5.37,252815.09,19.68
CAMP-0974,Liquidacao_Julho_2024_02,Marketplace,Moda,2024-02-27,2024-05-11,66911.01,8422510,489660,7951,First Click,Finalizada,3.07,205416.8,8.42
CAMP-0975,Volta_as_Aulas_2025,Email Marketing,Beleza,2025-06-12,2025-12-31,108202.05,32350391,268730,2788,First Click,Ativa,4.07,440382.34,38.81
CAMP-0976,Stories_Boost_2025,TikTok Ads,Beleza,2025-01-19,2025-01-28,112477.87,32206108,730703,56823,Last Click,Finalizada,3.04,341932.72,1.98
CAMP-0977,Volta_as_Aulas_2024,Email Marketing,Lifestyle,2024-11-15,2024-12-11,64467.27,12586799,195210,15632,First Click,Finalizada,5.0,322336.35,4.12
CAMP-0978,Performance_Moda_2024,Influenciador,Moda,2024-05-05,2025-12-31,49362.5,17846400,933144,110693,Last Click,Ativa,5.62,277417.25,0.45
CAMP-0979,Black_Friday_Main_2024,Marketplace,Acessórios,2024-12-15,2025-02-09,43754.52,8064986,231803,20761,Linear,Finalizada,3.85,168454.9,2.11
CAMP-0980,Lancamento_Colecao_2024_08,Google Ads,Geral,2024-08-18,2024-12-04,45103.03,8037706,228488,14103,Linear,Finalizada,3.3,148840.0,3.2
CAMP-0981,UGC_Organico_2023,Marketplace,Moda,2023-04-11,2023-05-08,112467.21,24537063,1399750,17667,Last Click,Finalizada,3.67,412754.66,6.37
CAMP-0982,Fidelidade_Clientes_2023_11,Orgânico,Geral,2023-11-13,2024-03-01,18251.85,3308640,68741,6271,Linear,Pausada,2.26,41249.18,2.91
CAMP-0983,Upsell_Platinum_2025,Email Marketing,Moda,2025-02-26,2025-12-31,2771.64,1037854,55226,2566,First Click,Ativa,4.61,12777.26,1.08
CAMP-0984,Liquida_Beleza_2023,Orgânico,Beleza,2023-05-27,2025-12-31,74863.16,13547238,745569,44083,First Click,Ativa,2.16,161704.43,1.7
CAMP-0985,LTV_Expansion_2023_03,TikTok Ads,Geral,2023-03-06,2023-05-20,19161.99,4919702,159484,18845,First Click,Finalizada,3.12,59785.41,1.02
CAMP-0986,Lookalike_Gold_2024_02,Orgânico,Beleza,2024-02-25,2025-12-31,105651.77,24437274,801487,75648,Last Click,Ativa,2.45,258846.84,1.4
CAMP-0987,Semana_Consumidor_2023,Email Marketing,Geral,2023-08-01,2023-11-01,106295.34,42103679,2277704,40037,First Click,Finalizada,3.71,394355.71,2.65
CAMP-0988,Liquida_Beleza_2025_06,Instagram Ads,Beleza,2025-06-10,2025-09-25,42694.48,16853334,568412,44566,Last Click,Pausada,3.83,163519.86,0.96
CAMP-0989,Natal_Presentes_2024,Google Ads,Geral,2024-09-01,2024-09-29,77998.73,23724465,514391,61509,Linear,Pausada,3.75,292495.24,1.27
CAMP-0990,LTV_Expansion_2024,Marketplace,Moda,2024-09-02,2025-12-31,117394.19,32839180,1517214,18378,Last Click,Ativa,2.88,338095.27,6.39
CAMP-0991,Fidelidade_Clientes_2025_07,Instagram Ads,Lifestyle,2025-07-11,2025-09-21,48981.97,9281161,529315,47163,First Click,Finalizada,3.41,167028.52,1.04
CAMP-0992,Influenciador_Inverno_2025,Marketplace,Moda,2025-06-28,2025-07-19,97328.46,32896292,446290,8116,First Click,Pausada,3.29,320210.63,11.99
CAMP-0993,CAC_Reducao_2023_01,TikTok Ads,Moda,2023-01-24,2025-12-31,96876.95,34725646,1392774,37865,Linear,Ativa,7.8,755640.21,2.56
CAMP-0994,Retargeting_Carrinho_2025,TikTok Ads,Lifestyle,2025-02-20,2025-12-31,84556.89,12163239,569182,10772,Linear,Ativa,1.52,128526.47,7.85
CAMP-0995,Semana_Consumidor_2023,Google Ads,Beleza,2023-12-03,2024-02-28,57230.08,8191680,486359,37255,Linear,Pausada,3.73,213468.2,1.54
CAMP-0996,TikTok_Viral_2024_03,TikTok Ads,Moda,2024-03-17,2025-12-31,21266.94,3046926,47173,3284,First Click,Ativa,2.31,49126.63,6.48
CAMP-0997,Stories_Boost_2024_04,Google Ads,Beleza,2024-04-06,2024-07-29,72266.16,17497763,399665,22747,First Click,Finalizada,3.24,234142.36,3.18
CAMP-0998,Performance_Beleza_2024,Orgânico,Lifestyle,2024-03-03,2025-12-31,59371.98,21900061,243988,22720,Linear,Ativa,4.06,241050.24,2.61
CAMP-0999,Dia_Das_Maes_2025_11,Marketplace,Moda,2025-11-03,2025-12-31,83829.5,22949347,1328386,96456,Linear,Finalizada,2.8,234722.6,0.87
CAMP-1000,Dia_Das_Maes_2024_08,TikTok Ads,Acessórios,2024-08-10,2024-09-26,27527.77,3704603,162724,8961,Last Click,Pausada,7.5,206458.27,3.07
CAMP-1001,Influenciador_Inverno_2024_03,Marketplace,Acessórios,2024-03-05,2024-04-30,113966.17,40968075,2007017,104285,First Click,Finalizada,2.6,296312.04,1.09
CAMP-1002,Lookalike_Gold_2023,Marketplace,Beleza,2023-10-06,2023-10-15,56780.13,9464386,173040,11196,Linear,Finalizada,4.82,273680.23,5.07
CAMP-1003,Retargeting_Carrinho_2023_08,Influenciador,Beleza,2023-08-20,2023-10-21,113690.24,14909634,870621,14429,Linear,Finalizada,14.32,1628044.24,7.88
CAMP-1004,Performance_Beleza_2024_03,Marketplace,Geral,2024-03-08,2024-05-17,50078.18,4214060,101206,2777,Linear,Pausada,3.47,173771.28,18.03
CAMP-1005,Black_Friday_Main_2023,Instagram Ads,Geral,2023-09-10,2023-11-03,44474.19,17368853,195964,11596,Linear,Pausada,6.72,298866.56,3.84
CAMP-1006,Upsell_Platinum_2025_08,Google Ads,Lifestyle,2025-08-26,2025-10-15,83859.88,30910236,1799119,172671,Linear,Finalizada,3.23,270867.41,0.49
CAMP-1007,Fidelidade_Clientes_2023,Email Marketing,Beleza,2023-08-19,2023-08-28,61413.06,6791452,319266,25093,Linear,Finalizada,2.85,175027.22,2.45
CAMP-1008,Performance_Sempre_Ligada_2024,Influenciador,Moda,2024-07-25,2024-11-07,85486.53,16790442,813387,50521,Linear,Finalizada,5.24,447949.42,1.69
CAMP-1009,Stories_Boost_2023,Marketplace,Geral,2023-05-11,2023-06-27,98931.55,28360638,1639294,124151,First Click,Pausada,1.24,122675.12,0.8
CAMP-1010,Liquidacao_Julho_2024_04,Email Marketing,Geral,2024-04-26,2024-07-31,35921.61,5221450,122168,1608,Last Click,Pausada,1.31,47057.31,22.34
CAMP-1011,Lancamento_Colecao_2024_11,TikTok Ads,Beleza,2024-11-13,2025-02-04,91063.7,10424822,231688,9349,Linear,Finalizada,3.35,305063.4,9.74
CAMP-1012,Performance_Moda_2023_02,Google Ads,Lifestyle,2023-02-02,2023-04-20,44384.87,8028601,365028,25739,First Click,Finalizada,3.32,147357.77,1.72
CAMP-1013,Retargeting_Carrinho_2023,Influenciador,Geral,2023-11-10,2024-02-21,106014.5,10376162,470019,11517,First Click,Pausada,2.53,268216.68,9.21
CAMP-1014,Liquidacao_Julho_2025,Email Marketing,Beleza,2025-04-03,2025-05-25,9922.82,1884774,21897,1183,Last Click,Finalizada,3.57,35424.47,8.39
CAMP-1015,Performance_Sempre_Ligada_2025_02,Orgânico,Beleza,2025-02-27,2025-03-26,91579.14,32782842,649906,10539,Linear,Pausada,1.21,110810.76,8.69
CAMP-1016,Feed_Carousel_2023,Google Ads,Acessórios,2023-01-08,2023-02-03,60169.95,11031804,521915,43699,First Click,Pausada,3.29,197959.14,1.38
CAMP-1017,Email_Reativacao_2025_02,Orgânico,Acessórios,2025-02-02,2025-02-13,27694.82,6571117,171951,3244,First Click,Pausada,4.59,127119.22,8.54
CAMP-1018,Natal_Presentes_2023_09,Marketplace,Beleza,2023-09-01,2023-12-12,32024.48,6397728,180402,18370,Last Click,Finalizada,2.34,74937.28,1.74
CAMP-1019,Black_Friday_Main_2023_11,Influenciador,Acessórios,2023-11-10,2024-01-13,24709.89,2867877,80723,1754,Linear,Finalizada,3.4,84013.63,14.09
CAMP-1020,Natal_Presentes_2025_11,Orgânico,Lifestyle,2025-11-07,2025-12-31,43440.41,4230992,171601,12415,First Click,Finalizada,1.87,81233.57,3.5
CAMP-1021,Fidelidade_Clientes_2023_03,Influenciador,Moda,2023-03-28,2023-06-06,86452.32,19583437,554587,51534,Last Click,Finalizada,8.63,746083.52,1.68
CAMP-1022,Volta_as_Aulas_2023,TikTok Ads,Beleza,2023-10-04,2024-01-28,74389.35,26355634,1508410,169420,First Click,Pausada,6.24,464189.54,0.44
CAMP-1023,Semana_Consumidor_2024_04,Instagram Ads,Moda,2024-04-21,2024-06-21,9316.72,1990012,18237,1727,Last Click,Finalizada,2.71,25248.31,5.39
CAMP-1024,Lancamento_Colecao_2023_11,TikTok Ads,Beleza,2023-11-24,2024-03-11,105658.81,39965848,682545,15278,Linear,Pausada,7.15,755460.49,6.92
CAMP-1025,Fidelidade_Clientes_2024,Orgânico,Geral,2024-05-01,2024-07-08,87825.8,11334301,129077,10917,Last Click,Pausada,2.73,239764.43,8.04
CAMP-1026,CAC_Reducao_2023_10,Marketplace,Beleza,2023-10-02,2024-01-15,85246.23,26429627,490013,19307,Linear,Finalizada,1.75,149180.9,4.42
CAMP-1027,Semana_Consumidor_2025_01,Marketplace,Moda,2025-01-28,2025-05-24,67161.54,20480442,1007271,89357,Linear,Finalizada,2.46,165217.39,0.75
CAMP-1028,Dia_Dos_Namorados_2024,Influenciador,Acessórios,2024-09-06,2024-10-30,38621.21,10990844,320537,23663,First Click,Pausada,11.63,449164.67,1.63
CAMP-1029,Feed_Carousel_2025,TikTok Ads,Acessórios,2025-09-14,2025-11-15,72337.8,26267819,664728,32873,Linear,Pausada,5.0,361689.0,2.2
CAMP-1030,Lookalike_Gold_2024,Google Ads,Moda,2024-09-28,2024-10-23,64917.28,22477230,366159,35832,Linear,Finalizada,3.79,246036.49,1.81
CAMP-1031,Performance_Beleza_2024_02,Marketplace,Moda,2024-02-17,2024-04-30,69140.66,11166872,408967,46479,Last Click,Pausada,3.84,265500.13,1.49
CAMP-1032,Feed_Carousel_2024,Marketplace,Moda,2024-12-27,2025-03-14,62869.9,21513796,417189,20285,First Click,Finalizada,4.95,311206.01,3.1
CAMP-1033,Semana_Consumidor_2023_12,Orgânico,Acessórios,2023-12-25,2024-01-01,59525.31,22207106,980149,42853,Linear,Pausada,4.3,255958.83,1.39
CAMP-1034,Influenciador_Verao_2023,Orgânico,Moda,2023-01-01,2025-12-31,14704.85,2050275,99142,1769,Last Click,Ativa,2.69,39556.05,8.31
CAMP-1035,Branding_Awareness_2023_12,Orgânico,Acessórios,2023-12-20,2024-02-14,25172.12,5465563,211320,13234,First Click,Finalizada,3.72,93640.29,1.9
CAMP-1036,Performance_Beleza_2024_01,Marketplace,Lifestyle,2024-01-09,2024-05-05,90399.57,29500269,884432,65964,First Click,Finalizada,2.96,267582.73,1.37
CAMP-1037,Dia_Das_Maes_2024,Marketplace,Moda,2024-02-16,2024-03-05,29597.66,10234918,417866,8499,Last Click,Pausada,1.97,58307.39,3.48
CAMP-1038,Performance_Sempre_Ligada_2024_09,Instagram Ads,Lifestyle,2024-09-25,2024-11-28,73723.33,8137964,354480,26684,Last Click,Pausada,6.68,492471.84,2.76
CAMP-1039,CAC_Reducao_2023,Instagram Ads,Geral,2023-08-09,2023-10-04,30533.88,3592431,125269,3649,Last Click,Pausada,2.81,85800.2,8.37
CAMP-1040,LTV_Expansion_2024_02,Email Marketing,Lifestyle,2024-02-22,2024-06-15,24054.95,5667326,47016,4482,Last Click,Pausada,1.71,41133.96,5.37
CAMP-1041,Influenciador_Inverno_2023,Instagram Ads,Lifestyle,2023-04-11,2023-07-01,27602.16,6135773,272677,30071,Linear,Finalizada,2.66,73421.75,0.92
CAMP-1042,Branding_Awareness_2024,Email Marketing,Moda,2024-08-12,2024-10-13,85067.38,31241899,848248,59193,Linear,Pausada,2.12,180342.85,1.44
CAMP-1043,Performance_Sempre_Ligada_2023,Orgânico,Acessórios,2023-02-03,2023-05-06,57060.14,13824321,285445,31988,Linear,Finalizada,1.65,94149.23,1.78
CAMP-1044,Cyber_Monday_2024_11,Google Ads,Beleza,2024-11-18,2024-12-28,8204.9,2730585,48185,2672,Last Click,Finalizada,3.2,26255.68,3.07
CAMP-1045,Dia_Das_Maes_2023_06,Google Ads,Acessórios,2023-06-02,2023-06-10,63042.66,10407334,370365,16061,Last Click,Pausada,3.92,247127.23,3.93
CAMP-1046,Performance_Beleza_2023,TikTok Ads,Beleza,2023-11-16,2023-12-20,20855.67,5359290,217616,22731,Linear,Pausada,2.33,48593.71,0.92
CAMP-1047,Liquidacao_Julho_2024,Google Ads,Moda,2024-09-03,2024-10-11,100804.56,19732614,389083,15124,Last Click,Finalizada,3.04,306445.86,6.67
CAMP-1048,Remarketing_30d_2023,TikTok Ads,Acessórios,2023-04-22,2023-06-15,54089.43,18803605,370158,40652,Last Click,Finalizada,4.81,260170.16,1.33
CAMP-1049,Influenciador_Inverno_2023_10,Orgânico,Beleza,2023-10-17,2024-01-30,52042.43,4678223,53562,1035,First Click,Pausada,4.09,212853.54,50.28
CAMP-1050,Fidelidade_Clientes_2024,Influenciador,Lifestyle,2024-05-15,2024-07-04,100391.67,27476665,1533335,159607,Linear,Finalizada,6.1,612389.19,0.63
CAMP-1051,Performance_Moda_2025_10,Email Marketing,Geral,2025-10-20,2025-12-31,56425.51,6156929,206030,9820,Linear,Pausada,1.25,70531.89,5.75
CAMP-1052,Liquidacao_Julho_2024_10,Influenciador,Lifestyle,2024-10-17,2024-12-04,68008.59,13025292,311696,31428,Linear,Pausada,4.54,308759.0,2.16
CAMP-1053,UGC_Organico_2025_03,Marketplace,Beleza,2025-03-26,2025-05-09,82514.99,16146188,584885,26510,First Click,Pausada,3.08,254146.17,3.11
CAMP-1054,Natal_Presentes_2025,Orgânico,Lifestyle,2025-04-07,2025-07-04,22132.72,6356356,215109,7963,Last Click,Finalizada,4.73,104687.77,2.78
CAMP-1055,Remarketing_30d_2023,Email Marketing,Lifestyle,2023-05-20,2025-12-31,15106.63,3028876,110964,5907,Last Click,Ativa,4.74,71605.43,2.56
CAMP-1056,Volta_as_Aulas_2025,Marketplace,Geral,2025-05-17,2025-06-18,6308.97,1368203,80789,6097,First Click,Finalizada,2.25,14195.18,1.03
CAMP-1057,Black_Friday_Main_2024_01,Google Ads,Moda,2024-01-02,2024-02-13,65909.19,10933845,533148,59623,Linear,Pausada,3.04,200363.94,1.11
CAMP-1058,Upsell_Platinum_2023_02,Email Marketing,Moda,2023-02-11,2023-05-21,34245.73,5377185,104654,7995,First Click,Finalizada,3.21,109928.79,4.28
CAMP-1059,Natal_Presentes_2025_10,Google Ads,Moda,2025-10-11,2025-11-08,24536.32,6801834,392007,7851,First Click,Finalizada,3.81,93483.38,3.13
CAMP-1060,CAC_Reducao_2024,Instagram Ads,Beleza,2024-04-08,2024-05-06,110131.54,18659654,152351,12771,Last Click,Pausada,5.0,550657.7,8.62
CAMP-1061,Volta_as_Aulas_2023_02,Marketplace,Beleza,2023-02-28,2025-12-31,85548.52,18958306,880358,46035,Last Click,Ativa,1.09,93247.89,1.86
CAMP-1062,TikTok_Viral_2024_09,Google Ads,Acessórios,2024-09-11,2024-11-20,100618.63,27579290,755506,66016,First Click,Finalizada,3.68,370276.56,1.52
CAMP-1063,Performance_Beleza_2023_04,TikTok Ads,Acessórios,2023-04-11,2023-05-23,85849.07,31549948,874914,93222,First Click,Pausada,7.58,650735.95,0.92
CAMP-1064,Liquidacao_Julho_2024,Orgânico,Moda,2024-12-26,2025-12-31,68684.45,13396667,121450,7043,Last Click,Ativa,1.36,93410.85,9.75
CAMP-1065,Volta_as_Aulas_2024_06,Influenciador,Beleza,2024-06-09,2024-07-07,102466.9,29346813,1149029,113886,First Click,Pausada,5.79,593283.35,0.9
CAMP-1066,CAC_Reducao_2023,Instagram Ads,Beleza,2023-10-23,2023-12-01,63125.41,10204001,160708,4110,First Click,Pausada,6.58,415365.2,15.36
CAMP-1067,Semana_Consumidor_2023_09,Marketplace,Lifestyle,2023-09-03,2023-09-21,68798.56,22744269,1213066,127795,Last Click,Pausada,3.19,219467.41,0.54
CAMP-1068,Dia_Dos_Namorados_2023_04,Google Ads,Beleza,2023-04-20,2023-05-05,32431.49,10722043,383480,36697,First Click,Pausada,3.72,120645.14,0.88
CAMP-1069,Branding_Awareness_2023,Email Marketing,Beleza,2023-01-11,2023-04-26,61686.86,5343917,182946,2973,First Click,Finalizada,2.88,177658.16,20.75
CAMP-1070,Retargeting_Carrinho_2024_10,Google Ads,Geral,2024-10-26,2024-12-03,21182.37,2439369,51000,4101,First Click,Finalizada,3.98,84305.83,5.17
CAMP-1071,Email_Reativacao_2024_09,Instagram Ads,Lifestyle,2024-09-26,2025-01-07,66127.83,20658015,1120020,68688,Linear,Finalizada,3.77,249301.92,0.96
CAMP-1072,Influenciador_Verao_2024_09,Email Marketing,Acessórios,2024-09-14,2025-01-08,15323.53,1404452,16597,1981,Last Click,Finalizada,3.42,52406.47,7.74
CAMP-1073,Feed_Carousel_2024_06,Marketplace,Acessórios,2024-06-01,2024-07-03,26025.34,8536911,401389,23880,Linear,Pausada,4.0,104101.36,1.09
CAMP-1074,LTV_Expansion_2024,TikTok Ads,Lifestyle,2024-04-05,2025-12-31,27403.16,6042077,201275,12337,First Click,Ativa,2.83,77550.94,2.22
CAMP-1075,Parceria_Creator_2023,Marketplace,Moda,2023-03-21,2023-05-04,6563.7,1501962,42206,3455,Linear,Finalizada,2.18,14308.87,1.9
CAMP-1076,Natal_Presentes_2023_08,Email Marketing,Acessórios,2023-08-03,2023-09-03,110653.84,14728305,877647,22865,Linear,Finalizada,1.24,137210.76,4.84
CAMP-1077,LTV_Expansion_2024_01,Google Ads,Geral,2024-01-15,2024-05-03,41761.7,7704795,209064,20516,Last Click,Finalizada,3.44,143660.25,2.04
CAMP-1078,Stories_Boost_2023_11,Marketplace,Geral,2023-11-25,2024-03-06,119837.61,15466913,787035,36452,Last Click,Pausada,3.89,466168.3,3.29
CAMP-1079,Liquidacao_Julho_2023_02,Google Ads,Beleza,2023-02-20,2023-04-18,5218.62,923337,53170,1669,First Click,Pausada,3.8,19830.76,3.13
CAMP-1080,Lancamento_Colecao_2025,Marketplace,Geral,2025-05-07,2025-12-31,8134.15,2886232,62938,3970,First Click,Ativa,4.66,37905.14,2.05
CAMP-1081,Lookalike_Gold_2023_02,Orgânico,Acessórios,2023-02-22,2023-04-13,102101.14,39392038,843790,60282,Linear,Finalizada,3.97,405341.53,1.69
CAMP-1082,Natal_Presentes_2025,Orgânico,Lifestyle,2025-03-22,2025-06-28,96781.44,31846393,660985,65862,Linear,Finalizada,2.31,223565.13,1.47
CAMP-1083,Cyber_Monday_2025_07,Influenciador,Acessórios,2025-07-02,2025-08-16,12958.32,1650255,32392,3115,First Click,Finalizada,7.23,93688.65,4.16
CAMP-1084,Feed_Carousel_2025_06,Instagram Ads,Geral,2025-06-14,2025-08-13,36030.33,5678313,229398,26228,First Click,Finalizada,3.57,128628.28,1.37
CAMP-1085,Volta_as_Aulas_2024,Marketplace,Acessórios,2024-03-14,2024-03-24,112523.76,13258950,268566,28656,Last Click,Finalizada,3.35,376954.6,3.93
CAMP-1086,Stories_Boost_2024,Marketplace,Beleza,2024-04-20,2024-06-09,71838.26,19389342,1015348,21396,Linear,Pausada,1.03,73993.41,3.36
CAMP-1087,Upsell_Platinum_2023_12,Marketplace,Acessórios,2023-12-21,2024-01-03,56650.74,5124573,118654,12196,Last Click,Pausada,4.31,244164.69,4.65
CAMP-1088,Black_Friday_Main_2023_01,Orgânico,Geral,2023-01-06,2023-02-24,4865.28,1296676,77003,5973,Last Click,Pausada,4.16,20239.56,0.81
CAMP-1089,Performance_Moda_2023,TikTok Ads,Acessórios,2023-05-19,2023-09-10,99849.91,17076566,194280,14897,Linear,Pausada,6.54,653018.41,6.7
CAMP-1090,Semana_Consumidor_2025_04,Instagram Ads,Acessórios,2025-04-23,2025-06-19,79868.03,24149760,1210726,59885,Last Click,Finalizada,5.27,420904.52,1.33
CAMP-1091,Lancamento_Colecao_2024,Marketplace,Beleza,2024-11-11,2025-01-16,84447.51,7750191,85677,9104,Linear,Pausada,1.5,126671.26,9.28
CAMP-1092,UGC_Organico_2024_12,Instagram Ads,Lifestyle,2024-12-11,2025-03-19,52353.11,6242475,259088,29454,Linear,Finalizada,3.51,183759.42,1.78
CAMP-1093,Fidelidade_Clientes_2025,Google Ads,Acessórios,2025-01-12,2025-02-12,8113.43,730544,38250,1443,Last Click,Finalizada,3.46,28072.47,5.62
CAMP-1094,CAC_Reducao_2024,TikTok Ads,Lifestyle,2024-03-27,2024-07-02,79076.9,30569614,1439178,151825,Last Click,Finalizada,6.59,521116.77,0.52
CAMP-1095,Liquida_Beleza_2024,Marketplace,Moda,2024-06-05,2025-12-31,17012.85,4152683,140188,5686,First Click,Ativa,2.67,45424.31,2.99
CAMP-1096,Performance_Beleza_2025,Orgânico,Lifestyle,2025-06-26,2025-08-15,12730.75,4161704,243052,7823,Linear,Pausada,3.63,46212.62,1.63
CAMP-1097,Push_Carrinho_2024_09,Orgânico,Geral,2024-09-13,2024-12-04,52305.53,20082259,996371,59826,Last Click,Pausada,2.16,112979.94,0.87
CAMP-1098,Cyber_Monday_2024_01,Instagram Ads,Lifestyle,2024-01-14,2024-05-01,57047.2,20596035,1159773,128214,Linear,Pausada,6.62,377652.46,0.44
CAMP-1099,Cyber_Monday_2024,Google Ads,Acessórios,2024-05-21,2024-09-09,80278.18,21310677,607999,6366,Last Click,Pausada,3.95,317098.81,12.61
CAMP-1100,Stories_Boost_2023_07,Google Ads,Acessórios,2023-07-02,2023-10-19,64323.86,23660762,1345721,15876,Linear,Finalizada,3.79,243787.43,4.05
CAMP-1101,Volta_as_Aulas_2025_11,TikTok Ads,Lifestyle,2025-11-02,2025-12-31,64183.98,16479555,799968,83257,Last Click,Pausada,5.14,329905.66,0.77
CAMP-1102,Natal_Presentes_2025_04,Google Ads,Geral,2025-04-01,2025-04-18,77691.79,29748585,269995,6557,Last Click,Finalizada,3.17,246282.97,11.85
CAMP-1103,Retargeting_Carrinho_2024_03,Orgânico,Lifestyle,2024-03-14,2024-04-10,11893.0,4497424,108359,7547,First Click,Finalizada,1.3,15460.9,1.58
CAMP-1104,Feed_Carousel_2023_04,TikTok Ads,Moda,2023-04-03,2023-07-20,115824.21,13467881,423796,9899,Linear,Finalizada,4.97,575646.32,11.7
CAMP-1105,Upsell_Platinum_2025_10,Instagram Ads,Acessórios,2025-10-09,2025-11-30,42518.17,8678886,154862,17645,First Click,Pausada,6.57,279344.38,2.41
CAMP-1106,Remarketing_30d_2023_06,Instagram Ads,Beleza,2023-06-06,2023-09-09,57547.1,21632440,883504,11730,First Click,Pausada,5.78,332622.24,4.91
CAMP-1107,Performance_Beleza_2024,TikTok Ads,Geral,2024-04-06,2024-07-03,92860.91,29648166,340326,40577,Last Click,Finalizada,7.57,702957.09,2.29
CAMP-1108,Performance_Moda_2024_06,Email Marketing,Acessórios,2024-06-21,2024-07-03,54458.55,4421541,117090,13891,Linear,Pausada,2.35,127977.59,3.92
CAMP-1109,Push_Carrinho_2024,TikTok Ads,Moda,2024-08-03,2025-12-31,11698.09,2884334,137982,10378,Linear,Ativa,7.97,93233.78,1.13
CAMP-1110,CAC_Reducao_2023,TikTok Ads,Lifestyle,2023-10-26,2025-12-31,100260.16,18193350,440770,44270,Last Click,Ativa,2.19,219569.75,2.26
CAMP-1111,Semana_Consumidor_2025,Orgânico,Beleza,2025-05-27,2025-06-22,40924.96,8669934,102900,7038,Last Click,Finalizada,3.95,161653.59,5.81
CAMP-1112,Natal_Presentes_2024,Instagram Ads,Moda,2024-06-06,2024-10-02,111782.96,30508929,1595056,79559,Last Click,Pausada,5.84,652812.49,1.41
CAMP-1113,Remarketing_30d_2025_04,Instagram Ads,Beleza,2025-04-19,2025-05-25,33326.48,11639923,426147,29635,Linear,Pausada,5.56,185295.23,1.12
CAMP-1114,Influenciador_Inverno_2024_09,TikTok Ads,Geral,2024-09-22,2024-11-19,37564.69,13558920,174019,8119,Linear,Pausada,1.95,73251.15,4.63
CAMP-1115,Liquida_Beleza_2024,Instagram Ads,Moda,2024-01-16,2024-03-14,31861.01,8572944,318758,31031,Linear,Pausada,2.93,93352.76,1.03
CAMP-1116,Performance_Sempre_Ligada_2025_01,Orgânico,Moda,2025-01-16,2025-04-23,20490.48,7916154,418914,27675,Last Click,Pausada,3.73,76429.49,0.74
CAMP-1117,Volta_as_Aulas_2024,Email Marketing,Beleza,2024-09-08,2025-12-31,25478.7,7475509,134622,9161,Last Click,Ativa,4.89,124590.84,2.78
CAMP-1118,Stories_Boost_2024_04,Email Marketing,Lifestyle,2024-04-20,2024-05-12,30748.91,8415419,67959,1536,First Click,Finalizada,2.01,61805.31,20.02
CAMP-1119,Volta_as_Aulas_2025,Email Marketing,Beleza,2025-10-04,2025-11-11,85385.97,13138664,275909,4172,First Click,Pausada,1.53,130640.53,20.47
CAMP-1120,Influenciador_Verao_2025_01,Influenciador,Moda,2025-01-21,2025-02-11,49720.03,9408731,294002,7693,Last Click,Pausada,13.1,651332.39,6.46
CAMP-1121,Performance_Beleza_2025_09,Marketplace,Acessórios,2025-09-22,2025-12-22,102959.2,13044205,368354,11301,Last Click,Pausada,1.97,202829.62,9.11
CAMP-1122,Influenciador_Verao_2023,Influenciador,Acessórios,2023-05-01,2023-05-28,93810.89,32531816,1526160,103276,First Click,Pausada,13.28,1245808.62,0.91
CAMP-1123,Lancamento_Colecao_2023_07,Influenciador,Lifestyle,2023-07-25,2025-12-31,94326.29,23531537,905898,43721,Last Click,Ativa,3.41,321652.65,2.16
CAMP-1124,Email_Reativacao_2024_05,TikTok Ads,Acessórios,2024-05-06,2024-07-08,2254.06,349412,11623,396,First Click,Pausada,5.67,12780.52,5.69
CAMP-1125,LTV_Expansion_2025,Instagram Ads,Lifestyle,2025-06-17,2025-07-06,103467.89,25377959,612402,33319,Last Click,Finalizada,2.54,262808.44,3.11
CAMP-1126,TikTok_Viral_2025,Influenciador,Beleza,2025-09-28,2025-12-31,75376.82,29606850,242044,27943,Last Click,Pausada,11.66,878893.72,2.7
CAMP-1127,Volta_as_Aulas_2023,Email Marketing,Lifestyle,2023-08-07,2023-11-15,86561.52,18693096,826111,32973,Linear,Finalizada,3.68,318546.39,2.63
CAMP-1128,Fidelidade_Clientes_2024_02,Email Marketing,Geral,2024-02-13,2024-03-16,39100.86,13861053,368118,34412,Linear,Pausada,1.91,74682.64,1.14
CAMP-1129,Push_Carrinho_2023_10,Instagram Ads,Moda,2023-10-05,2024-01-30,24754.13,5246765,313702,5642,First Click,Pausada,4.21,104214.89,4.39
CAMP-1130,Lancamento_Colecao_2023_06,Google Ads,Beleza,2023-06-04,2025-12-31,1601.4,429175,6117,249,First Click,Ativa,3.89,6229.45,6.43
CAMP-1131,Performance_Sempre_Ligada_2025_02,Influenciador,Beleza,2025-02-03,2025-05-22,5491.63,1650119,59628,4907,Last Click,Pausada,13.93,76498.41,1.12
CAMP-1132,Dia_Dos_Namorados_2024,TikTok Ads,Beleza,2024-06-04,2025-12-31,70028.93,26326643,590739,33661,Linear,Ativa,6.4,448185.15,2.08
CAMP-1133,Liquida_Beleza_2023,Orgânico,Beleza,2023-12-04,2024-02-22,80142.37,11349304,576094,20603,First Click,Pausada,1.78,142653.42,3.89
CAMP-1134,Feed_Carousel_2024_08,Google Ads,Beleza,2024-08-02,2024-09-06,3972.61,1240399,56625,2849,Linear,Pausada,3.3,13109.61,1.39
CAMP-1135,Influenciador_Verao_2025_02,Marketplace,Beleza,2025-02-27,2025-05-05,1113.21,222476,7946,677,First Click,Finalizada,1.34,1491.7,1.64
CAMP-1136,Upsell_Platinum_2023_07,Google Ads,Moda,2023-07-04,2023-10-08,32083.58,7908082,291490,24626,Linear,Pausada,3.59,115180.05,1.3
CAMP-1137,Black_Friday_Main_2023,Influenciador,Acessórios,2023-10-18,2023-11-21,51101.38,14078614,694431,28269,First Click,Finalizada,13.93,711842.22,1.81
CAMP-1138,CAC_Reducao_2024_07,Google Ads,Acessórios,2024-07-25,2024-08-12,95632.9,11530388,124495,11337,Last Click,Pausada,3.11,297418.32,8.44
CAMP-1139,Email_Reativacao_2025_12,Marketplace,Geral,2025-12-27,2025-12-31,62250.94,15717622,315195,7535,Linear,Ativa,4.43,275771.66,8.26
CAMP-1140,CAC_Reducao_2025,Instagram Ads,Beleza,2025-09-03,2025-11-17,31307.05,5831384,87945,2604,First Click,Pausada,6.19,193790.64,12.02
CAMP-1141,Liquida_Beleza_2025,TikTok Ads,Beleza,2025-11-03,2025-12-31,8757.94,2721042,99126,9035,Last Click,Finalizada,5.93,51934.58,0.97
CAMP-1142,TikTok_Viral_2023,Instagram Ads,Moda,2023-01-25,2023-02-04,10219.33,1356878,63222,5062,First Click,Pausada,2.95,30147.02,2.02
CAMP-1143,Email_Reativacao_2025_06,Marketplace,Geral,2025-06-02,2025-09-12,86363.2,34224780,830563,69717,Last Click,Pausada,3.58,309180.26,1.24
CAMP-1144,Influenciador_Inverno_2023_09,Influenciador,Beleza,2023-09-27,2025-12-31,80243.6,20285924,465228,31377,Last Click,Ativa,3.05,244742.98,2.56
CAMP-1145,Volta_as_Aulas_2023_06,Email Marketing,Geral,2023-06-13,2023-08-23,56184.07,5288429,55741,4616,Last Click,Finalizada,2.38,133718.09,12.17
CAMP-1146,Dia_Das_Maes_2025,Instagram Ads,Lifestyle,2025-09-09,2025-11-06,67647.58,10516260,165759,6569,First Click,Finalizada,3.85,260443.18,10.3
CAMP-1147,Push_Carrinho_2023_10,Influenciador,Lifestyle,2023-10-13,2023-12-29,75077.03,7280351,136955,7548,Last Click,Pausada,7.17,538302.31,9.95
CAMP-1148,Lookalike_Gold_2025,TikTok Ads,Moda,2025-11-28,2025-12-28,7928.84,1313804,13720,321,Linear,Pausada,4.94,39168.47,24.7
CAMP-1149,TikTok_Viral_2024,Email Marketing,Moda,2024-11-24,2025-03-20,65787.82,15234180,819349,30636,Linear,Pausada,4.06,267098.55,2.15
CAMP-1150,Performance_Beleza_2024_05,Orgânico,Moda,2024-05-08,2024-05-23,83658.02,23265621,543202,15641,Last Click,Pausada,3.67,307024.93,5.35
CAMP-1151,Feed_Carousel_2023,Marketplace,Lifestyle,2023-01-08,2023-04-21,44317.13,13830185,490593,16447,Last Click,Pausada,2.01,89077.43,2.69
CAMP-1152,Performance_Beleza_2024,TikTok Ads,Moda,2024-05-21,2024-07-12,90967.43,32494248,331460,18018,Linear,Finalizada,3.9,354772.98,5.05
CAMP-1153,Lookalike_Gold_2024_04,Orgânico,Beleza,2024-04-28,2024-05-07,56485.88,10081228,495884,52037,First Click,Pausada,3.12,176235.95,1.09
CAMP-1154,TikTok_Viral_2025_02,TikTok Ads,Beleza,2025-02-12,2025-05-19,99683.79,16760695,766394,18981,Linear,Pausada,1.9,189399.2,5.25
CAMP-1155,Dia_Dos_Namorados_2024_11,Influenciador,Moda,2024-11-21,2025-12-31,102385.25,16015251,891365,29399,Linear,Ativa,3.32,339919.03,3.48
CAMP-1156,LTV_Expansion_2024,Influenciador,Geral,2024-12-04,2025-01-08,96752.57,10528463,473653,28429,Linear,Pausada,11.92,1153290.63,3.4
CAMP-1157,Branding_Awareness_2023_04,Instagram Ads,Geral,2023-04-19,2025-12-31,81518.2,19370838,290654,23497,First Click,Ativa,6.41,522531.66,3.47
CAMP-1158,Stories_Boost_2023_10,Orgânico,Moda,2023-10-25,2024-02-06,118972.35,13146265,761937,79562,First Click,Finalizada,4.46,530616.68,1.5
CAMP-1159,Upsell_Platinum_2023_01,Instagram Ads,Beleza,2023-01-26,2025-12-31,12988.15,4275212,59103,1422,Linear,Ativa,2.07,26885.47,9.13
CAMP-1160,LTV_Expansion_2024_11,Marketplace,Lifestyle,2024-11-23,2025-03-03,98800.3,26749497,1549843,170285,First Click,Finalizada,3.48,343825.04,0.58
CAMP-1161,Influenciador_Verao_2025_06,Marketplace,Lifestyle,2025-06-05,2025-06-21,72522.23,24565045,1308918,105134,First Click,Finalizada,3.16,229170.25,0.69
CAMP-1162,Parceria_Creator_2025_08,Google Ads,Acessórios,2025-08-11,2025-11-01,90831.24,19104469,322316,28855,First Click,Pausada,3.6,326992.46,3.15
CAMP-1163,Push_Carrinho_2024,Instagram Ads,Beleza,2024-05-11,2024-05-27,30766.65,2820517,131979,11928,Linear,Pausada,4.04,124297.27,2.58
CAMP-1164,Influenciador_Verao_2025_01,Instagram Ads,Lifestyle,2025-01-25,2025-03-03,112283.96,24385184,1420363,130408,First Click,Finalizada,2.58,289692.62,0.86
CAMP-1165,Volta_as_Aulas_2023_04,Marketplace,Moda,2023-04-28,2023-07-10,43486.39,9014976,356868,35686,Last Click,Pausada,1.62,70447.95,1.22
CAMP-1166,Liquidacao_Julho_2025_04,Instagram Ads,Lifestyle,2025-04-04,2025-07-18,30632.42,5788629,61977,3549,Last Click,Pausada,4.86,148873.56,8.63
CAMP-1167,Semana_Consumidor_2024,Orgânico,Acessórios,2024-09-21,2024-12-16,118073.6,40858813,943873,109436,First Click,Pausada,4.59,541957.82,1.08
CAMP-1168,Influenciador_Verao_2024,TikTok Ads,Geral,2024-04-11,2024-06-18,49013.38,7245522,301030,23358,Last Click,Pausada,5.84,286238.14,2.1
CAMP-1169,Natal_Presentes_2025_01,Orgânico,Moda,2025-01-17,2025-04-06,96433.73,16533043,288542,3386,First Click,Pausada,3.33,321124.32,28.48
CAMP-1170,Stories_Boost_2025_10,Marketplace,Geral,2025-10-20,2025-12-19,104375.68,30286355,1549894,124909,Linear,Finalizada,3.92,409152.67,0.84
CAMP-1171,UGC_Organico_2023,TikTok Ads,Acessórios,2023-09-10,2025-12-31,94066.98,24962504,1026268,74469,First Click,Ativa,2.17,204125.35,1.26
CAMP-1172,Cyber_Monday_2024_10,TikTok Ads,Geral,2024-10-20,2025-02-13,114403.96,41754321,569297,58245,First Click,Pausada,3.41,390117.5,1.96
CAMP-1173,Lancamento_Colecao_2024_10,TikTok Ads,Acessórios,2024-10-18,2024-11-01,74741.7,6528494,241627,6536,First Click,Finalizada,6.46,482831.38,11.44
CAMP-1174,Cyber_Monday_2023,Orgânico,Acessórios,2023-12-07,2024-03-15,62495.25,9407231,403077,30740,Linear,Pausada,4.59,286853.2,2.03
CAMP-1175,UGC_Organico_2023_05,Google Ads,Geral,2023-05-27,2025-12-31,41493.01,8729759,371069,43777,Last Click,Ativa,3.61,149789.77,0.95
CAMP-1176,Liquidacao_Julho_2023,Instagram Ads,Geral,2023-07-19,2023-10-03,52210.64,8621664,420282,21883,First Click,Pausada,5.15,268884.8,2.39
CAMP-1177,Influenciador_Verao_2024_07,Instagram Ads,Geral,2024-07-04,2024-10-06,92025.62,31133591,756923,35616,First Click,Pausada,3.26,300003.52,2.58
CAMP-1178,Liquida_Beleza_2024_09,TikTok Ads,Lifestyle,2024-09-05,2024-12-22,102001.67,17035142,932634,97003,First Click,Finalizada,4.61,470227.7,1.05
CAMP-1179,Retargeting_Carrinho_2025_09,Instagram Ads,Moda,2025-09-14,2025-12-31,7700.07,751898,38612,3627,First Click,Finalizada,2.41,18557.17,2.12
CAMP-1180,Dia_Das_Maes_2024_01,TikTok Ads,Geral,2024-01-02,2024-02-26,73525.7,12452243,289362,22199,Last Click,Pausada,1.85,136022.55,3.31
CAMP-1181,LTV_Expansion_2025,TikTok Ads,Beleza,2025-09-07,2025-11-09,75311.93,7237155,196523,15746,Last Click,Finalizada,4.72,355472.31,4.78
CAMP-1182,Performance_Sempre_Ligada_2024,Email Marketing,Lifestyle,2024-03-02,2024-05-05,87177.34,28258467,830957,20194,First Click,Pausada,3.22,280711.03,4.32
CAMP-1183,Performance_Sempre_Ligada_2025_11,Orgânico,Acessórios,2025-11-27,2025-12-31,117841.5,30748952,1736984,30132,Linear,Pausada,2.59,305209.48,3.91
CAMP-1184,Black_Friday_Main_2024_02,Orgânico,Geral,2024-02-07,2024-04-12,10884.58,1332849,75215,3713,Last Click,Pausada,2.38,25905.3,2.93
CAMP-1185,Performance_Sempre_Ligada_2025_02,Instagram Ads,Acessórios,2025-02-15,2025-12-31,101975.55,37498088,620300,13139,First Click,Ativa,3.9,397704.65,7.76
CAMP-1186,LTV_Expansion_2023,TikTok Ads,Acessórios,2023-09-22,2023-11-27,65624.31,25754824,709571,21955,Last Click,Finalizada,5.84,383245.97,2.99
CAMP-1187,Liquidacao_Julho_2025_01,Influenciador,Lifestyle,2025-01-24,2025-05-21,5924.72,2112277,49192,724,First Click,Finalizada,4.49,26601.99,8.18
CAMP-1188,Email_Reativacao_2023,Google Ads,Acessórios,2023-11-09,2024-01-05,64194.98,24192447,1332089,121887,First Click,Finalizada,3.17,203498.09,0.53
CAMP-1189,Push_Carrinho_2023,Instagram Ads,Moda,2023-11-03,2024-02-23,12460.09,1767879,61893,7247,Last Click,Pausada,3.7,46102.33,1.72
CAMP-1190,Performance_Beleza_2024,TikTok Ads,Geral,2024-04-25,2024-08-15,104993.04,26520734,1421125,146785,Last Click,Pausada,7.97,836794.53,0.72
CAMP-1191,Upsell_Platinum_2023,Instagram Ads,Lifestyle,2023-10-25,2024-02-03,59240.57,18062579,656016,52501,Last Click,Pausada,6.97,412906.77,1.13
CAMP-1192,Performance_Beleza_2024,Marketplace,Moda,2024-08-08,2024-10-20,103240.11,8770018,418819,21515,First Click,Pausada,4.36,450126.88,4.8
CAMP-1193,Lancamento_Colecao_2024_11,Google Ads,Lifestyle,2024-11-06,2025-12-31,47324.14,17013228,459937,43924,Linear,Ativa,3.94,186457.11,1.08
CAMP-1194,Volta_as_Aulas_2025,Influenciador,Acessórios,2025-03-24,2025-12-31,78225.94,29715020,350137,25478,Linear,Ativa,14.55,1138187.43,3.07
CAMP-1195,Influenciador_Inverno_2025_09,Instagram Ads,Geral,2025-09-25,2025-11-01,74887.75,18976139,924786,97554,First Click,Finalizada,6.46,483774.86,0.77
CAMP-1196,Influenciador_Inverno_2023,TikTok Ads,Lifestyle,2023-10-23,2024-01-22,117006.12,31759126,1395913,91864,Linear,Finalizada,3.44,402501.05,1.27
CAMP-1197,Feed_Carousel_2025_09,Influenciador,Geral,2025-09-21,2025-12-31,10264.89,1960279,79499,5233,Linear,Ativa,13.74,141039.59,1.96
CAMP-1198,Upsell_Platinum_2023,Orgânico,Acessórios,2023-06-06,2023-08-21,53819.98,12531038,451644,52811,Last Click,Finalizada,3.46,186217.13,1.02
CAMP-1199,Liquidacao_Julho_2025_02,Marketplace,Moda,2025-02-24,2025-05-01,73329.75,17422472,630393,65732,Linear,Finalizada,3.02,221455.85,1.12
CAMP-1200,Performance_Beleza_2023_06,TikTok Ads,Beleza,2023-06-17,2023-08-26,94905.26,23753364,1031876,10393,First Click,Pausada,5.56,527673.25,9.13
CAMP-1201,Branding_Awareness_2025,Influenciador,Moda,2025-05-01,2025-08-27,90716.94,18583312,851855,39616,First Click,Finalizada,0.94,85273.92,2.29
CAMP-1202,Influenciador_Inverno_2025,Google Ads,Lifestyle,2025-03-25,2025-07-19,32345.03,4477132,157713,9569,Linear,Finalizada,3.35,108355.85,3.38
CAMP-1203,LTV_Expansion_2025_04,Influenciador,Beleza,2025-04-21,2025-07-24,94786.3,32767498,640743,72702,First Click,Finalizada,13.89,1316581.71,1.3
CAMP-1204,Dia_Das_Maes_2023_05,Influenciador,Acessórios,2023-05-03,2023-06-20,64058.22,12050897,716399,45250,Linear,Pausada,6.14,393317.47,1.42
CAMP-1205,Dia_Dos_Namorados_2025_04,Google Ads,Acessórios,2025-04-28,2025-06-17,12446.04,4422626,251462,5452,Linear,Finalizada,3.37,41943.15,2.28
CAMP-1206,Semana_Consumidor_2024,Marketplace,Geral,2024-07-28,2024-08-06,90767.35,29713693,681627,26438,First Click,Finalizada,3.51,318593.4,3.43
CAMP-1207,UGC_Organico_2025_02,Orgânico,Geral,2025-02-27,2025-12-31,57849.84,13592381,141880,9558,First Click,Ativa,1.94,112228.69,6.05
CAMP-1208,Liquida_Beleza_2023,Instagram Ads,Lifestyle,2023-07-10,2025-12-31,35379.27,4047644,206572,6662,First Click,Ativa,3.83,135502.6,5.31
CAMP-1209,CAC_Reducao_2024_12,TikTok Ads,Acessórios,2024-12-28,2025-01-16,95896.69,21398828,524285,6168,Linear,Pausada,2.47,236864.82,15.55
CAMP-1210,Push_Carrinho_2024_02,TikTok Ads,Moda,2024-02-02,2024-03-02,46075.3,11488778,687888,59549,Linear,Finalizada,1.89,87082.32,0.77
CAMP-1211,Feed_Carousel_2024_01,TikTok Ads,Beleza,2024-01-09,2024-02-15,48382.79,17652909,999667,71290,First Click,Finalizada,4.28,207078.34,0.68
CAMP-1212,Stories_Boost_2025_07,Influenciador,Geral,2025-07-26,2025-10-09,33688.66,11994162,182160,15970,Last Click,Finalizada,13.45,453112.48,2.11
CAMP-1213,Parceria_Creator_2025,Email Marketing,Lifestyle,2025-10-14,2025-12-31,94555.41,33028623,758921,49499,First Click,Finalizada,4.64,438737.1,1.91
CAMP-1214,Cyber_Monday_2024_01,TikTok Ads,Acessórios,2024-01-05,2024-01-12,5336.42,1795806,49151,1732,First Click,Pausada,1.97,10512.75,3.08
CAMP-1215,Performance_Beleza_2024_06,Google Ads,Moda,2024-06-03,2024-07-21,57767.4,14266919,584055,33188,Last Click,Finalizada,3.1,179078.94,1.74
CAMP-1216,LTV_Expansion_2025,Influenciador,Geral,2025-10-13,2025-12-31,17459.87,6777755,297535,33630,Last Click,Finalizada,9.74,170059.13,0.52
CAMP-1217,Retargeting_Carrinho_2025,Orgânico,Lifestyle,2025-07-05,2025-07-28,101546.4,40124312,1789206,198810,First Click,Finalizada,3.1,314793.84,0.51
CAMP-1218,Retargeting_Carrinho_2023,Orgânico,Geral,2023-12-05,2023-12-20,24181.7,3042735,157433,1697,Linear,Pausada,1.24,29985.31,14.25
CAMP-1219,Email_Reativacao_2025,Instagram Ads,Moda,2025-04-14,2025-05-11,86161.84,19663816,182081,5126,Linear,Pausada,5.53,476474.98,16.81
CAMP-1220,Branding_Awareness_2023_06,Marketplace,Beleza,2023-06-16,2023-07-26,67532.55,11142985,167753,4533,Linear,Finalizada,2.3,155324.86,14.9
CAMP-1221,Influenciador_Verao_2025,Instagram Ads,Geral,2025-12-15,2025-12-31,87600.84,18010608,658602,19746,First Click,Pausada,5.23,458152.39,4.44
CAMP-1222,Dia_Das_Maes_2025_04,Instagram Ads,Acessórios,2025-04-07,2025-07-14,111110.24,32191608,1875619,216138,First Click,Pausada,2.91,323330.8,0.51
CAMP-1223,Cyber_Monday_2025_04,Email Marketing,Geral,2025-04-24,2025-05-22,87990.05,29547846,1246235,92681,First Click,Pausada,3.21,282448.06,0.95
CAMP-1224,Lancamento_Colecao_2024_11,Google Ads,Beleza,2024-11-12,2024-12-20,38560.4,14680050,321088,7525,Last Click,Pausada,3.74,144215.9,5.12
CAMP-1225,Stories_Boost_2024_05,Google Ads,Beleza,2024-05-08,2024-07-27,31472.34,5074814,254551,24244,Last Click,Finalizada,3.12,98193.7,1.3
CAMP-1226,Upsell_Platinum_2024_01,Email Marketing,Geral,2024-01-06,2024-03-09,19618.33,3648128,155663,11760,First Click,Pausada,2.99,58658.81,1.67
CAMP-1227,Dia_Dos_Namorados_2025,Google Ads,Acessórios,2025-06-05,2025-08-22,15854.07,1410775,60820,7111,Linear,Pausada,3.4,53903.84,2.23
CAMP-1228,Lancamento_Colecao_2025_04,TikTok Ads,Moda,2025-04-06,2025-12-31,5526.98,1788082,59766,5928,Linear,Ativa,4.87,26916.39,0.93
CAMP-1229,Remarketing_30d_2024_06,TikTok Ads,Geral,2024-06-22,2024-10-01,80148.28,15577344,316428,21785,First Click,Finalizada,6.95,557030.55,3.68
CAMP-1230,Lookalike_Gold_2024,Google Ads,Moda,2024-05-08,2024-08-05,97797.79,34587107,1308787,28849,First Click,Pausada,3.87,378477.45,3.39
CAMP-1231,Performance_Sempre_Ligada_2023,TikTok Ads,Geral,2023-01-25,2025-12-31,69347.18,22839532,1049427,78241,First Click,Ativa,2.1,145629.08,0.89
CAMP-1232,Fidelidade_Clientes_2025_12,Marketplace,Lifestyle,2025-12-17,2025-12-31,109416.2,28940118,1724636,32925,First Click,Pausada,1.37,149900.19,3.32
CAMP-1233,Feed_Carousel_2023,Google Ads,Acessórios,2023-11-05,2023-11-26,19057.07,6810117,381689,44128,First Click,Pausada,3.66,69748.88,0.43
CAMP-1234,Branding_Awareness_2025_11,Instagram Ads,Geral,2025-11-03,2025-12-31,46033.33,5222102,289778,4231,Linear,Ativa,4.23,194720.99,10.88
CAMP-1235,Performance_Beleza_2024_04,Influenciador,Geral,2024-04-07,2024-07-18,4635.36,1219112,37104,1747,Linear,Pausada,3.09,14323.26,2.65
CAMP-1236,Influenciador_Inverno_2025_02,Orgânico,Lifestyle,2025-02-05,2025-03-20,12234.95,2092471,102680,8741,First Click,Pausada,4.69,57381.92,1.4
CAMP-1237,Stories_Boost_2023_03,Email Marketing,Lifestyle,2023-03-20,2023-04-12,100830.97,27148576,1206280,60724,First Click,Pausada,2.52,254094.04,1.66
CAMP-1238,Lancamento_Colecao_2023,TikTok Ads,Moda,2023-12-22,2024-02-11,93550.42,24950536,1268027,120969,Last Click,Pausada,2.27,212359.45,0.77
CAMP-1239,Stories_Boost_2024,Google Ads,Acessórios,2024-09-11,2024-11-06,91556.14,11143000,579545,22329,First Click,Finalizada,3.78,346082.21,4.1
CAMP-1240,Stories_Boost_2023,Google Ads,Acessórios,2023-07-04,2023-07-31,27850.65,6638321,73924,5610,First Click,Finalizada,3.72,103604.42,4.96
CAMP-1241,Liquida_Beleza_2025_01,Marketplace,Acessórios,2025-01-14,2025-02-06,63819.45,24407670,331115,14945,Linear,Finalizada,4.31,275061.83,4.27
CAMP-1242,UGC_Organico_2023_12,Orgânico,Moda,2023-12-23,2024-01-03,7226.01,617066,16590,1817,Linear,Pausada,4.66,33673.21,3.98
CAMP-1243,Liquida_Beleza_2024,Marketplace,Lifestyle,2024-05-20,2025-12-31,53248.91,15796923,946204,48177,Last Click,Ativa,4.78,254529.79,1.11
CAMP-1244,Performance_Sempre_Ligada_2023,Marketplace,Moda,2023-05-15,2023-06-05,66681.98,21747007,1075551,71588,Linear,Pausada,4.22,281397.96,0.93
CAMP-1245,Stories_Boost_2025,TikTok Ads,Acessórios,2025-04-04,2025-05-16,58780.31,12674074,129483,1481,Last Click,Pausada,5.86,344452.62,39.69
CAMP-1246,Lancamento_Colecao_2025,Instagram Ads,Beleza,2025-01-28,2025-03-19,55721.95,7943467,81082,4850,Last Click,Pausada,5.56,309814.04,11.49
CAMP-1247,Liquidacao_Julho_2024,Instagram Ads,Moda,2024-06-17,2024-08-25,24099.44,5017442,69936,2211,Linear,Finalizada,2.91,70129.37,10.9
CAMP-1248,Remarketing_30d_2025_06,TikTok Ads,Geral,2025-06-15,2025-08-15,59641.66,8675464,322600,15069,First Click,Finalizada,7.17,427630.7,3.96
CAMP-1249,Influenciador_Inverno_2023,Email Marketing,Acessórios,2023-08-09,2023-12-07,52529.7,6705539,176812,3014,Last Click,Finalizada,3.8,199612.86,17.43
CAMP-1250,Lancamento_Colecao_2023,Instagram Ads,Moda,2023-05-13,2023-06-01,115816.7,32496781,302107,5274,Linear,Finalizada,4.94,572134.5,21.96
CAMP-1251,CAC_Reducao_2024_01,Marketplace,Moda,2024-01-01,2024-02-10,65356.58,24918667,287390,25474,Linear,Pausada,3.83,250315.7,2.57
CAMP-1252,UGC_Organico_2023,Influenciador,Geral,2023-06-08,2023-09-13,38136.58,5151435,109659,8440,Linear,Pausada,4.82,183818.32,4.52
CAMP-1253,Volta_as_Aulas_2024_10,TikTok Ads,Acessórios,2024-10-17,2025-01-13,77833.62,11174760,432424,36914,Linear,Pausada,5.42,421858.22,2.11
CAMP-1254,Lookalike_Gold_2024,Influenciador,Moda,2024-07-04,2025-12-31,58297.66,22433804,745275,54264,Last Click,Ativa,3.03,176641.91,1.07
CAMP-1255,TikTok_Viral_2023,Marketplace,Beleza,2023-12-23,2024-03-24,70027.1,26038196,1556429,91934,Last Click,Finalizada,4.29,300416.26,0.76
CAMP-1256,Liquida_Beleza_2025,Google Ads,Acessórios,2025-03-01,2025-03-14,98413.68,24896309,421232,8337,Linear,Finalizada,3.66,360194.07,11.8
CAMP-1257,Feed_Carousel_2023_09,Instagram Ads,Lifestyle,2023-09-26,2025-12-31,44451.36,13539059,541439,35965,First Click,Ativa,4.92,218700.69,1.24
CAMP-1258,Upsell_Platinum_2024_01,Instagram Ads,Moda,2024-01-24,2024-04-04,111350.84,27017009,1361564,141131,Last Click,Finalizada,4.0,445403.36,0.79
CAMP-1259,Lancamento_Colecao_2023,Influenciador,Geral,2023-03-25,2025-12-31,113627.01,41212656,1448262,131964,Last Click,Ativa,14.6,1658954.35,0.86
CAMP-1260,Black_Friday_Main_2025,Marketplace,Moda,2025-03-02,2025-04-11,50370.75,9190818,392102,39668,First Click,Pausada,2.52,126934.29,1.27
CAMP-1261,Performance_Beleza_2024,Influenciador,Geral,2024-02-25,2024-03-13,61405.61,14731143,743795,29562,Linear,Pausada,6.64,407733.25,2.08
CAMP-1262,Natal_Presentes_2025_07,Google Ads,Acessórios,2025-07-19,2025-10-19,79817.09,7663088,78493,3846,First Click,Finalizada,3.9,311286.65,20.75
CAMP-1263,Dia_Das_Maes_2024_02,TikTok Ads,Geral,2024-02-12,2024-04-22,21408.11,3659022,199327,17142,Last Click,Pausada,6.2,132730.28,1.25
CAMP-1264,Parceria_Creator_2025,Instagram Ads,Acessórios,2025-11-22,2025-12-22,76871.83,27914128,1567763,136742,Linear,Finalizada,3.88,298262.7,0.56
CAMP-1265,Liquida_Beleza_2025,Google Ads,Lifestyle,2025-07-01,2025-09-11,18372.39,4079825,65086,3070,Last Click,Finalizada,3.98,73122.11,5.98
CAMP-1266,Push_Carrinho_2025_07,Email Marketing,Beleza,2025-07-09,2025-08-01,60403.44,15924672,781039,26883,First Click,Pausada,3.79,228929.04,2.25
CAMP-1267,Retargeting_Carrinho_2024,Email Marketing,Moda,2024-03-09,2024-04-04,72312.71,7362009,67339,6843,First Click,Finalizada,1.86,134501.64,10.57
CAMP-1268,Stories_Boost_2024,Email Marketing,Beleza,2024-11-25,2025-02-21,119829.76,43067114,1945178,42552,First Click,Pausada,2.63,315152.27,2.82
CAMP-1269,Natal_Presentes_2023,Influenciador,Beleza,2023-01-09,2023-03-22,48192.87,15880651,705374,77662,Last Click,Pausada,11.38,548434.86,0.62
CAMP-1270,CAC_Reducao_2023,Google Ads,Lifestyle,2023-10-04,2024-01-02,104790.42,31756176,705851,68218,Linear,Pausada,3.06,320658.69,1.54
CAMP-1271,Push_Carrinho_2025,Marketplace,Moda,2025-03-23,2025-06-06,65695.18,25362041,1164961,122662,Last Click,Pausada,1.58,103798.38,0.54
CAMP-1272,Push_Carrinho_2024_07,Instagram Ads,Acessórios,2024-07-17,2024-08-06,100800.21,28144951,1570321,123937,Linear,Pausada,4.11,414288.86,0.81
CAMP-1273,Dia_Das_Maes_2023_12,Email Marketing,Geral,2023-12-19,2024-03-14,37531.57,9088322,340771,29223,Last Click,Finalizada,2.36,88574.51,1.28
CAMP-1274,Cyber_Monday_2023_02,Influenciador,Moda,2023-02-20,2025-12-31,71973.15,9916896,514989,49395,Last Click,Ativa,10.61,763635.12,1.46
CAMP-1275,Liquidacao_Julho_2024,Orgânico,Moda,2024-02-03,2024-04-04,27402.89,7418567,349716,24856,Last Click,Pausada,2.26,61930.53,1.1
CAMP-1276,Remarketing_30d_2023_09,Orgânico,Beleza,2023-09-19,2023-11-12,45602.15,3760219,34925,2869,Linear,Pausada,1.54,70227.31,15.89
CAMP-1277,Branding_Awareness_2023,Email Marketing,Lifestyle,2023-01-10,2023-03-06,94304.95,29892709,1104569,63888,Last Click,Finalizada,2.31,217844.43,1.48
CAMP-1278,Semana_Consumidor_2023_05,Influenciador,Beleza,2023-05-11,2023-07-03,90800.7,17140752,932595,67923,First Click,Finalizada,11.64,1056920.15,1.34
CAMP-1279,CAC_Reducao_2025_01,Google Ads,Geral,2025-01-14,2025-12-31,102873.07,20394533,1010434,107457,Last Click,Ativa,3.63,373429.24,0.96
CAMP-1280,Liquida_Beleza_2023,Influenciador,Lifestyle,2023-02-13,2023-05-08,27622.47,2684453,118462,9983,First Click,Finalizada,2.22,61321.88,2.77
CAMP-1281,Liquida_Beleza_2024,Influenciador,Beleza,2024-07-16,2024-09-21,48268.08,15659075,624643,33053,First Click,Finalizada,4.57,220585.13,1.46
CAMP-1282,UGC_Organico_2025,Instagram Ads,Lifestyle,2025-05-18,2025-08-14,119206.15,9769918,537645,37126,Last Click,Finalizada,4.58,545964.17,3.21
CAMP-1283,TikTok_Viral_2025,Marketplace,Acessórios,2025-03-07,2025-04-05,53401.78,17696811,154108,15135,Last Click,Finalizada,2.63,140446.68,3.53
CAMP-1284,LTV_Expansion_2025_07,TikTok Ads,Beleza,2025-07-03,2025-12-31,13486.75,1789417,33287,1252,First Click,Ativa,4.61,62173.92,10.77
CAMP-1285,Email_Reativacao_2025_10,Marketplace,Lifestyle,2025-10-24,2025-12-31,55452.27,10653124,538920,15396,First Click,Pausada,1.7,94268.86,3.6
CAMP-1286,Natal_Presentes_2025_04,Instagram Ads,Geral,2025-04-17,2025-05-26,95670.53,37654336,826680,11125,Last Click,Finalizada,3.53,337716.97,8.6
CAMP-1287,Feed_Carousel_2024,Influenciador,Acessórios,2024-12-05,2025-03-30,13546.16,5177729,82929,7332,Linear,Pausada,8.29,112297.67,1.85
CAMP-1288,Performance_Moda_2025,Orgânico,Acessórios,2025-10-24,2025-11-10,52718.93,17267409,824280,30266,First Click,Finalizada,3.71,195587.23,1.74
CAMP-1289,Push_Carrinho_2023,Marketplace,Beleza,2023-04-28,2023-07-12,82272.94,28160980,1539911,75300,First Click,Finalizada,1.24,102018.45,1.09
CAMP-1290,Email_Reativacao_2023_01,Email Marketing,Acessórios,2023-01-09,2023-04-07,4177.38,1148118,56518,1992,Last Click,Pausada,4.32,18046.28,2.1
CAMP-1291,TikTok_Viral_2024_04,Email Marketing,Beleza,2024-04-10,2025-12-31,102969.05,36680798,1796172,164230,Last Click,Ativa,4.49,462331.03,0.63
CAMP-1292,Branding_Awareness_2024,Marketplace,Geral,2024-09-03,2024-10-24,33606.73,5424323,232385,11512,First Click,Pausada,4.3,144508.94,2.92
CAMP-1293,Upsell_Platinum_2024_12,TikTok Ads,Geral,2024-12-03,2025-02-27,54150.31,17922075,243237,19604,Linear,Pausada,6.7,362807.08,2.76
CAMP-1294,Remarketing_30d_2025_10,Influenciador,Beleza,2025-10-04,2025-12-31,54887.9,13214182,559959,59442,Linear,Ativa,9.52,522532.81,0.92
CAMP-1295,Influenciador_Verao_2025_09,Marketplace,Geral,2025-09-25,2025-12-31,36867.79,14573498,481282,42034,Last Click,Pausada,2.1,77422.36,0.88
CAMP-1296,Natal_Presentes_2024,Orgânico,Beleza,2024-07-08,2025-12-31,10927.1,3422890,133859,12348,First Click,Ativa,1.7,18576.07,0.88
CAMP-1297,Push_Carrinho_2025_04,Google Ads,Geral,2025-04-19,2025-07-01,28744.41,9587744,151958,3403,Last Click,Pausada,3.5,100605.43,8.45
CAMP-1298,Influenciador_Verao_2025,TikTok Ads,Beleza,2025-04-06,2025-06-17,85460.54,22070583,419975,10930,First Click,Pausada,1.6,136736.86,7.82
CAMP-1299,CAC_Reducao_2023_02,Google Ads,Moda,2023-02-23,2023-04-30,45652.41,4314110,41198,4224,Linear,Finalizada,3.56,162522.58,10.81
CAMP-1300,Cyber_Monday_2023_01,Marketplace,Acessórios,2023-01-18,2025-12-31,35597.51,7092975,350653,14644,Last Click,Ativa,4.59,163392.57,2.43
CAMP-1301,Dia_Das_Maes_2025,Influenciador,Beleza,2025-02-19,2025-03-04,33308.36,11010820,526918,37166,Linear,Finalizada,4.99,166208.72,0.9
CAMP-1302,Dia_Das_Maes_2023_01,Influenciador,Moda,2023-01-07,2023-01-16,100269.07,20993221,367039,18611,Linear,Finalizada,14.31,1434850.39,5.39
CAMP-1303,LTV_Expansion_2023,Marketplace,Acessórios,2023-06-01,2023-06-13,52055.53,19104575,540211,21367,Last Click,Finalizada,3.59,186879.35,2.44
CAMP-1304,Upsell_Platinum_2025_02,Influenciador,Moda,2025-02-23,2025-03-30,389.96,86979,2160,116,Linear,Finalizada,9.08,3540.84,3.36
CAMP-1305,UGC_Organico_2025_10,Marketplace,Moda,2025-10-01,2025-12-18,51701.6,13206404,307688,7843,Last Click,Pausada,3.26,168547.22,6.59
CAMP-1306,Fidelidade_Clientes_2025_08,Google Ads,Acessórios,2025-08-26,2025-12-31,28242.77,6176798,227811,24773,Linear,Ativa,3.53,99696.98,1.14
CAMP-1307,LTV_Expansion_2025_02,Orgânico,Acessórios,2025-02-12,2025-12-31,96381.52,20934199,562650,57856,Linear,Ativa,2.51,241917.62,1.67
CAMP-1308,UGC_Organico_2023_01,Email Marketing,Beleza,2023-01-03,2025-12-31,105765.31,34318745,914331,94559,First Click,Ativa,3.24,342679.6,1.12
CAMP-1309,Influenciador_Verao_2024_02,Marketplace,Moda,2024-02-18,2024-06-01,112156.01,42735752,2084059,103646,Last Click,Finalizada,2.84,318523.07,1.08
CAMP-1310,Natal_Presentes_2025_12,Influenciador,Moda,2025-12-05,2025-12-31,94130.19,10439324,448835,45703,Linear,Pausada,1.83,172258.25,2.06
CAMP-1311,Upsell_Platinum_2023_07,Email Marketing,Acessórios,2023-07-09,2023-08-03,40245.24,10787461,338321,33570,Linear,Finalizada,4.54,182713.39,1.2
CAMP-1312,Performance_Sempre_Ligada_2024_03,Orgânico,Lifestyle,2024-03-04,2024-04-24,44867.24,15555493,161144,9324,First Click,Finalizada,4.38,196518.51,4.81
CAMP-1313,Branding_Awareness_2024,Google Ads,Lifestyle,2024-01-23,2024-05-02,7791.65,1618913,90849,9887,First Click,Pausada,3.46,26959.11,0.79
CAMP-1314,Performance_Moda_2024,TikTok Ads,Beleza,2024-08-06,2024-10-23,106513.41,38701990,873113,14341,Linear,Finalizada,7.64,813762.45,7.43
CAMP-1315,Feed_Carousel_2025_05,Google Ads,Beleza,2025-05-23,2025-06-10,119243.56,12305477,700957,48819,Last Click,Pausada,3.37,401850.8,2.44
CAMP-1316,Remarketing_30d_2024,Instagram Ads,Moda,2024-09-21,2024-10-05,14117.0,2808950,22621,669,Linear,Pausada,2.55,35998.35,21.1
CAMP-1317,Black_Friday_Main_2023_07,Instagram Ads,Lifestyle,2023-07-03,2023-07-15,27444.05,9369973,461800,7322,Last Click,Finalizada,2.22,60925.79,3.75
CAMP-1318,Email_Reativacao_2025,Instagram Ads,Acessórios,2025-06-22,2025-12-31,114846.34,18611563,826993,98145,Last Click,Ativa,4.87,559301.68,1.17
CAMP-1319,Parceria_Creator_2025,Email Marketing,Lifestyle,2025-05-08,2025-06-02,49701.88,12808499,244560,25512,Last Click,Finalizada,2.03,100894.82,1.95
CAMP-1320,Feed_Carousel_2024,TikTok Ads,Moda,2024-12-03,2025-03-21,117293.02,16972190,410123,28391,First Click,Pausada,6.21,728389.65,4.13
CAMP-1321,Remarketing_30d_2024_01,Instagram Ads,Lifestyle,2024-01-05,2024-03-23,26769.13,3710637,120039,5119,Last Click,Finalizada,5.95,159276.32,5.23
CAMP-1322,Liquidacao_Julho_2025,Marketplace,Lifestyle,2025-04-11,2025-05-07,63686.77,13361618,296580,20767,Linear,Finalizada,2.79,177686.09,3.07
CAMP-1323,Remarketing_30d_2025_05,Email Marketing,Beleza,2025-05-10,2025-07-20,65750.06,25619863,628501,22037,Last Click,Pausada,4.63,304422.78,2.98
CAMP-1324,Retargeting_Carrinho_2025,Marketplace,Beleza,2025-01-11,2025-03-16,111256.04,33988735,967340,57448,Last Click,Finalizada,2.46,273689.86,1.94
CAMP-1325,TikTok_Viral_2025,Google Ads,Beleza,2025-03-24,2025-06-15,64992.89,12131448,580056,12636,First Click,Pausada,3.31,215126.47,5.14
CAMP-1326,Dia_Das_Maes_2023,Orgânico,Geral,2023-04-04,2023-04-23,93513.32,35651879,460880,54610,Linear,Finalizada,4.22,394626.21,1.71
CAMP-1327,Natal_Presentes_2023_11,Marketplace,Acessórios,2023-11-23,2024-02-19,48853.52,13616179,759886,33939,First Click,Pausada,3.79,185154.84,1.44
CAMP-1328,Branding_Awareness_2023_02,Orgânico,Beleza,2023-02-22,2025-12-31,52640.94,9496375,468001,33812,Last Click,Ativa,1.04,54746.58,1.56
CAMP-1329,Lancamento_Colecao_2023_06,TikTok Ads,Moda,2023-06-04,2023-09-29,108799.37,20785885,1028761,87961,Linear,Pausada,5.62,611452.46,1.24
CAMP-1330,Upsell_Platinum_2024_05,Influenciador,Moda,2024-05-02,2024-07-11,91845.2,28043924,1455908,88819,Linear,Pausada,5.63,517088.48,1.03
CAMP-1331,Semana_Consumidor_2025,Email Marketing,Lifestyle,2025-01-08,2025-05-01,5967.71,2353793,54061,4569,First Click,Pausada,4.09,24407.93,1.31
CAMP-1332,Push_Carrinho_2023,Google Ads,Geral,2023-01-09,2023-01-20,51523.31,12472470,552953,51775,Linear,Pausada,3.3,170026.92,1.0
CAMP-1333,Branding_Awareness_2025,Instagram Ads,Beleza,2025-06-20,2025-07-19,41663.76,13332973,737096,62994,First Click,Finalizada,3.81,158738.93,0.66
CAMP-1334,Push_Carrinho_2024,Instagram Ads,Moda,2024-08-19,2024-08-27,47854.46,10389749,576925,58077,Last Click,Pausada,3.93,188068.03,0.82
CAMP-1335,CAC_Reducao_2023,Marketplace,Lifestyle,2023-12-08,2024-02-17,83387.71,10014700,543474,18455,Linear,Finalizada,2.16,180117.45,4.52
CAMP-1336,Dia_Dos_Namorados_2023,Orgânico,Lifestyle,2023-01-01,2023-03-07,91099.78,31965420,811188,8830,First Click,Finalizada,4.31,392640.05,10.32
CAMP-1337,Performance_Moda_2024_06,Marketplace,Beleza,2024-06-09,2025-12-31,47061.33,8069987,257333,9785,Linear,Ativa,1.75,82357.33,4.81
CAMP-1338,Lookalike_Gold_2023_04,Orgânico,Beleza,2023-04-10,2023-04-29,2024.95,672254,25349,2046,Last Click,Pausada,3.71,7512.56,0.99
CAMP-1339,Cyber_Monday_2025,Google Ads,Moda,2025-09-18,2025-11-29,29308.49,3765243,206893,4080,Linear,Finalizada,3.79,111079.18,7.18
CAMP-1340,Feed_Carousel_2025_06,Instagram Ads,Lifestyle,2025-06-15,2025-10-12,38928.66,10159989,179583,5173,First Click,Finalizada,4.12,160386.08,7.53
CAMP-1341,Retargeting_Carrinho_2023_04,Marketplace,Moda,2023-04-14,2023-08-11,95721.27,34758132,533752,27063,Last Click,Pausada,2.02,193356.97,3.54
CAMP-1342,Black_Friday_Main_2023,Instagram Ads,Geral,2023-01-15,2025-12-31,96178.14,33603987,663133,61480,First Click,Ativa,4.16,400101.06,1.56
CAMP-1343,Performance_Sempre_Ligada_2025,Instagram Ads,Geral,2025-11-06,2025-12-31,108847.14,26974338,390416,28505,Linear,Ativa,5.43,591039.97,3.82
CAMP-1344,Lancamento_Colecao_2023_02,Instagram Ads,Acessórios,2023-02-17,2023-05-03,40011.43,10250622,471294,50371,Last Click,Finalizada,5.45,218062.29,0.79
CAMP-1345,Remarketing_30d_2024_09,Google Ads,Moda,2024-09-17,2025-12-31,6231.2,2477356,63575,2288,First Click,Ativa,3.7,23055.44,2.72
CAMP-1346,Branding_Awareness_2024,Instagram Ads,Geral,2024-10-05,2024-12-25,107925.92,36391094,813623,94184,Linear,Finalizada,5.29,570928.12,1.15
CAMP-1347,Cyber_Monday_2025_08,Google Ads,Beleza,2025-08-06,2025-12-31,21480.34,3187692,74325,1785,First Click,Ativa,3.14,67448.27,12.03
CAMP-1348,Dia_Dos_Namorados_2023,Instagram Ads,Lifestyle,2023-05-09,2023-06-20,87790.84,32996847,1740030,160526,Linear,Pausada,4.89,429297.21,0.55
CAMP-1349,Cyber_Monday_2025_03,Google Ads,Moda,2025-03-24,2025-04-01,4526.66,663221,7054,797,First Click,Pausada,3.85,17427.64,5.68
CAMP-1350,Retargeting_Carrinho_2024,Orgânico,Acessórios,2024-06-28,2024-10-02,29395.17,9104058,92445,8824,First Click,Pausada,2.67,78485.1,3.33
CAMP-1351,Dia_Dos_Namorados_2024,Marketplace,Lifestyle,2024-04-01,2024-07-22,41463.23,13839393,276816,27985,Linear,Pausada,2.59,107389.77,1.48
CAMP-1352,Stories_Boost_2025_04,Instagram Ads,Geral,2025-04-05,2025-07-08,78281.0,31078642,393525,33485,Last Click,Pausada,2.37,185525.97,2.34
CAMP-1353,Lookalike_Gold_2023_03,Marketplace,Geral,2023-03-19,2023-06-01,14495.93,4801785,104250,10699,Linear,Pausada,2.1,30441.45,1.35
CAMP-1354,Volta_as_Aulas_2023,Marketplace,Acessórios,2023-03-19,2025-12-31,104262.4,39665953,1183218,13653,Last Click,Ativa,3.23,336767.55,7.64
CAMP-1355,Dia_Dos_Namorados_2024_08,TikTok Ads,Acessórios,2024-08-25,2024-09-06,28217.37,5815046,92776,6748,Last Click,Finalizada,3.85,108636.87,4.18
CAMP-1356,TikTok_Viral_2024_05,Email Marketing,Lifestyle,2024-05-21,2025-12-31,115844.42,23781144,433055,18915,Last Click,Ativa,1.9,220104.4,6.12
CAMP-1357,Semana_Consumidor_2024,Influenciador,Moda,2024-11-20,2025-01-24,15711.2,2106272,31602,3382,Last Click,Pausada,14.55,228597.96,4.65
CAMP-1358,Branding_Awareness_2025_03,Google Ads,Acessórios,2025-03-27,2025-06-25,32133.3,4126487,178748,18503,Last Click,Finalizada,3.53,113430.55,1.74
CAMP-1359,Volta_as_Aulas_2023_12,Email Marketing,Geral,2023-12-20,2024-01-14,86977.72,32214873,1449128,119381,First Click,Pausada,2.05,178304.33,0.73
CAMP-1360,Cyber_Monday_2023_03,Email Marketing,Lifestyle,2023-03-24,2023-05-06,116898.18,16334285,441236,7208,First Click,Finalizada,1.98,231458.4,16.22
CAMP-1361,Stories_Boost_2025,TikTok Ads,Moda,2025-04-03,2025-12-31,100167.57,35205759,1250089,68284,Last Click,Ativa,3.24,324542.93,1.47
CAMP-1362,LTV_Expansion_2025_10,TikTok Ads,Acessórios,2025-10-22,2025-12-10,48284.92,14865672,675922,80394,Last Click,Finalizada,7.46,360205.5,0.6
CAMP-1363,Retargeting_Carrinho_2023_07,Google Ads,Lifestyle,2023-07-12,2023-11-05,47284.69,17872754,695637,45429,Last Click,Finalizada,3.43,162186.49,1.04
CAMP-1364,Retargeting_Carrinho_2023,Google Ads,Moda,2023-06-10,2023-08-24,68807.85,25878203,1467708,162735,First Click,Pausada,3.81,262157.91,0.42
CAMP-1365,Lancamento_Colecao_2025,TikTok Ads,Acessórios,2025-03-11,2025-05-04,47769.57,16726832,291877,30319,Last Click,Finalizada,7.16,342030.12,1.58
CAMP-1366,Performance_Moda_2024_12,Google Ads,Beleza,2024-12-19,2025-01-29,46299.75,17529088,400848,48000,First Click,Pausada,3.54,163901.11,0.96
CAMP-1367,Lancamento_Colecao_2024_02,Google Ads,Beleza,2024-02-10,2024-06-09,25776.22,8739938,275708,15271,Linear,Finalizada,3.23,83257.19,1.69
CAMP-1368,Retargeting_Carrinho_2025_11,Instagram Ads,Moda,2025-11-22,2025-12-31,110386.36,13849999,197402,9972,Linear,Finalizada,6.58,726342.25,11.07
CAMP-1369,Natal_Presentes_2023,Influenciador,Lifestyle,2023-04-12,2023-07-12,88747.1,12104201,656499,43068,Linear,Finalizada,12.74,1130638.05,2.06
CAMP-1370,LTV_Expansion_2023,Orgânico,Acessórios,2023-02-16,2023-03-15,83041.82,17562936,452328,41440,Last Click,Pausada,2.78,230856.26,2.0
CAMP-1371,Feed_Carousel_2024,Google Ads,Geral,2024-07-22,2024-08-22,56270.06,6508872,360418,29203,Last Click,Pausada,3.63,204260.32,1.93
CAMP-1372,Upsell_Platinum_2024,TikTok Ads,Beleza,2024-09-03,2025-12-31,112338.9,20687743,723977,85609,Linear,Ativa,2.49,279723.86,1.31
CAMP-1373,Influenciador_Verao_2023_05,Google Ads,Beleza,2023-05-06,2023-08-05,14565.83,1288643,30487,3549,First Click,Pausada,3.77,54913.18,4.1
CAMP-1374,Dia_Dos_Namorados_2025_11,TikTok Ads,Acessórios,2025-11-23,2025-12-31,119215.86,44193152,809613,25739,Linear,Ativa,6.11,728408.9,4.63
CAMP-1375,LTV_Expansion_2023,TikTok Ads,Acessórios,2023-12-01,2023-12-31,94134.35,17892135,812215,94460,Linear,Finalizada,7.09,667412.54,1.0
CAMP-1376,Semana_Consumidor_2023,Google Ads,Beleza,2023-03-05,2023-06-18,27375.36,7585809,413186,31556,Last Click,Finalizada,3.36,91981.21,0.87
CAMP-1377,Lancamento_Colecao_2024,Orgânico,Beleza,2024-04-05,2024-06-05,60971.65,23842214,772874,15519,First Click,Pausada,1.18,71946.55,3.93
CAMP-1378,Performance_Moda_2024,Marketplace,Geral,2024-02-25,2024-03-23,45859.73,5116776,171680,4662,Linear,Pausada,4.38,200865.62,9.84
CAMP-1379,Feed_Carousel_2025_09,Google Ads,Geral,2025-09-21,2025-12-27,115646.17,27495853,1354866,107480,Last Click,Pausada,3.26,377006.51,1.08
CAMP-1380,Influenciador_Inverno_2024_04,TikTok Ads,Acessórios,2024-04-11,2024-05-21,17588.8,6921139,402374,47494,Linear,Pausada,7.69,135257.87,0.37
CAMP-1381,Performance_Beleza_2025_02,Email Marketing,Moda,2025-02-25,2025-04-05,41663.51,16537274,870180,62886,Linear,Pausada,4.96,206651.01,0.66
CAMP-1382,LTV_Expansion_2023_12,TikTok Ads,Beleza,2023-12-12,2024-02-05,98562.14,27374488,1632587,54229,Linear,Pausada,4.03,397205.42,1.82
CAMP-1383,Fidelidade_Clientes_2023,TikTok Ads,Acessórios,2023-02-28,2023-05-14,32732.41,9779650,328326,7058,First Click,Pausada,5.85,191484.6,4.64
CAMP-1384,Email_Reativacao_2024_02,TikTok Ads,Geral,2024-02-21,2024-03-18,106639.74,10979187,530162,15478,Linear,Pausada,6.6,703822.28,6.89
CAMP-1385,Retargeting_Carrinho_2025,Marketplace,Beleza,2025-12-16,2025-12-31,37796.95,6372249,208751,10389,Linear,Pausada,4.2,158747.19,3.64
CAMP-1386,UGC_Organico_2024,Orgânico,Moda,2024-02-14,2024-03-26,9483.68,3084630,132663,6141,First Click,Pausada,4.73,44857.81,1.54
CAMP-1387,Natal_Presentes_2025,Email Marketing,Acessórios,2025-04-19,2025-07-05,43058.77,5991889,196607,1977,First Click,Finalizada,1.67,71908.15,21.78
CAMP-1388,Feed_Carousel_2023_10,Orgânico,Moda,2023-10-28,2023-11-16,87529.9,9517802,228322,25911,Linear,Pausada,3.87,338740.71,3.38
CAMP-1389,Parceria_Creator_2025,Marketplace,Acessórios,2025-10-21,2025-11-01,26031.21,3456725,115829,7323,First Click,Finalizada,4.94,128594.18,3.55
CAMP-1390,Dia_Dos_Namorados_2025_07,Google Ads,Acessórios,2025-07-22,2025-09-25,83515.25,32439587,1161589,72328,Linear,Finalizada,3.24,270589.41,1.15
CAMP-1391,Stories_Boost_2025_12,Google Ads,Geral,2025-12-10,2025-12-31,75669.84,15309067,368272,4933,Linear,Pausada,3.79,286788.69,15.34
CAMP-1392,Volta_as_Aulas_2023,Influenciador,Beleza,2023-02-05,2025-12-31,14701.96,1501966,77790,7406,Last Click,Ativa,4.45,65423.72,1.99
CAMP-1393,Liquidacao_Julho_2024_08,Email Marketing,Acessórios,2024-08-01,2024-08-08,50619.61,13141051,375485,16525,Last Click,Pausada,2.99,151352.63,3.06
CAMP-1394,CAC_Reducao_2025,Email Marketing,Acessórios,2025-08-10,2025-08-28,97982.65,19930671,519653,44673,First Click,Finalizada,2.32,227319.75,2.19
CAMP-1395,Lancamento_Colecao_2024,Marketplace,Beleza,2024-06-23,2024-07-25,70745.82,14400926,319193,18171,First Click,Pausada,2.77,195965.92,3.89
CAMP-1396,Dia_Dos_Namorados_2025,Orgânico,Geral,2025-06-05,2025-07-30,38667.33,3706438,101148,6195,First Click,Pausada,2.4,92801.59,6.24
CAMP-1397,Push_Carrinho_2024_07,Email Marketing,Beleza,2024-07-22,2024-09-05,118496.29,41836788,1670636,185069,Last Click,Pausada,4.36,516643.82,0.64
CAMP-1398,Cyber_Monday_2024,Email Marketing,Acessórios,2024-05-14,2024-06-21,116690.48,37479833,2004506,227773,Last Click,Finalizada,2.23,260219.77,0.51
CAMP-1399,Lancamento_Colecao_2024,TikTok Ads,Moda,2024-10-04,2024-12-27,90407.18,14246958,636778,66447,Linear,Pausada,3.35,302864.05,1.36
CAMP-1400,Fidelidade_Clientes_2024_01,Influenciador,Acessórios,2024-01-17,2024-05-10,17703.28,1686735,42279,2376,First Click,Pausada,10.99,194559.05,7.45
CAMP-1401,Influenciador_Inverno_2025_09,Email Marketing,Geral,2025-09-19,2025-10-30,30051.43,3400488,28614,3100,First Click,Pausada,1.24,37263.77,9.69
CAMP-1402,UGC_Organico_2023,Instagram Ads,Acessórios,2023-08-11,2023-12-05,23287.42,6559952,320041,16245,First Click,Finalizada,2.66,61944.54,1.43
CAMP-1403,Performance_Sempre_Ligada_2023,Instagram Ads,Beleza,2023-01-10,2023-03-13,45903.87,4613717,210495,7278,Linear,Finalizada,2.71,124399.49,6.31
CAMP-1404,Parceria_Creator_2023_03,TikTok Ads,Lifestyle,2023-03-25,2025-12-31,88113.9,20060953,1056019,110961,Last Click,Ativa,4.05,356861.29,0.79
CAMP-1405,TikTok_Viral_2025,Email Marketing,Lifestyle,2025-11-27,2025-12-04,116508.11,12261548,463860,15782,Last Click,Finalizada,2.44,284279.79,7.38
CAMP-1406,Liquida_Beleza_2025,Google Ads,Lifestyle,2025-06-13,2025-06-30,26894.11,6816385,186028,19970,Last Click,Pausada,3.19,85792.21,1.35
CAMP-1407,TikTok_Viral_2023_04,Google Ads,Beleza,2023-04-07,2023-05-21,31961.75,4683416,63716,2748,Linear,Pausada,3.58,114423.07,11.63
CAMP-1408,Branding_Awareness_2025_01,Orgânico,Acessórios,2025-01-02,2025-04-02,85348.52,31331411,1177816,48130,Linear,Finalizada,1.61,137411.12,1.77
CAMP-1409,Lookalike_Gold_2024_05,Instagram Ads,Acessórios,2024-05-03,2024-06-03,36391.35,12710449,140312,4928,First Click,Pausada,3.83,139378.87,7.38
CAMP-1410,Black_Friday_Main_2025,Google Ads,Beleza,2025-10-09,2025-11-28,53924.99,10125371,540201,60205,First Click,Pausada,3.13,168785.22,0.9
CAMP-1411,Cyber_Monday_2023,Email Marketing,Beleza,2023-03-01,2025-12-31,48272.47,19177787,368354,39251,Last Click,Ativa,1.79,86407.72,1.23
CAMP-1412,Liquidacao_Julho_2023,Marketplace,Acessórios,2023-12-23,2025-12-31,108128.26,35753715,965007,96246,Last Click,Ativa,1.57,169761.37,1.12
CAMP-1413,Cyber_Monday_2024,Email Marketing,Geral,2024-06-08,2024-06-22,33503.68,6649221,72573,8242,Linear,Pausada,3.94,132004.5,4.06
CAMP-1414,Lancamento_Colecao_2024_03,TikTok Ads,Lifestyle,2024-03-08,2025-12-31,32648.22,12201551,600377,9085,Linear,Ativa,1.94,63337.55,3.59
CAMP-1415,Upsell_Platinum_2023_08,TikTok Ads,Moda,2023-08-23,2023-09-19,35262.35,12763052,140922,14032,Linear,Pausada,6.9,243310.21,2.51
CAMP-1416,CAC_Reducao_2025_02,Email Marketing,Acessórios,2025-02-27,2025-05-27,38669.57,6316443,85305,8234,Last Click,Finalizada,1.73,66898.36,4.7
CAMP-1417,Retargeting_Carrinho_2024_11,Instagram Ads,Acessórios,2024-11-18,2025-03-16,18659.52,5538971,225458,10673,Last Click,Finalizada,2.9,54112.61,1.75
CAMP-1418,Cyber_Monday_2025,Email Marketing,Moda,2025-12-11,2025-12-31,85570.86,31896930,1457203,38204,Last Click,Finalizada,3.51,300353.72,2.24
CAMP-1419,Dia_Dos_Namorados_2023,Email Marketing,Moda,2023-02-05,2025-12-31,117523.31,13885644,441705,29367,Linear,Ativa,4.93,579389.92,4.0
CAMP-1420,Influenciador_Verao_2023,Marketplace,Geral,2023-11-03,2023-11-16,35103.5,3213275,130852,4554,Linear,Finalizada,3.35,117596.73,7.71
CAMP-1421,Natal_Presentes_2025,Email Marketing,Lifestyle,2025-06-06,2025-09-15,59380.21,8031310,123597,7928,Linear,Pausada,2.0,118760.42,7.49
CAMP-1422,LTV_Expansion_2023,Marketplace,Beleza,2023-01-12,2023-02-07,13735.83,1873116,81133,6925,First Click,Pausada,3.58,49174.27,1.98
CAMP-1423,Fidelidade_Clientes_2025_09,Google Ads,Moda,2025-09-27,2025-11-10,36384.62,13124183,673831,29325,Linear,Finalizada,3.51,127710.02,1.24
CAMP-1424,CAC_Reducao_2024_08,Influenciador,Moda,2024-08-01,2024-08-09,73739.19,14807375,509215,24661,Linear,Finalizada,5.04,371645.52,2.99
CAMP-1425,Cyber_Monday_2024,Marketplace,Acessórios,2024-10-23,2024-12-19,76232.37,11201964,641611,48602,Last Click,Finalizada,2.07,157801.01,1.57
CAMP-1426,Parceria_Creator_2024,Marketplace,Acessórios,2024-03-06,2024-05-24,2300.92,243384,7001,487,Linear,Pausada,1.54,3543.42,4.72
CAMP-1427,UGC_Organico_2025,Influenciador,Geral,2025-03-05,2025-03-26,38845.12,13856027,780159,43030,Linear,Pausada,5.11,198498.56,0.9
CAMP-1428,Liquida_Beleza_2024_04,Orgânico,Geral,2024-04-14,2024-07-15,77561.16,10482805,423148,18039,Last Click,Pausada,1.17,90746.56,4.3
CAMP-1429,Branding_Awareness_2025_05,Instagram Ads,Lifestyle,2025-05-20,2025-08-17,11832.11,1721856,23352,1915,Linear,Finalizada,2.22,26267.28,6.18
CAMP-1430,Semana_Consumidor_2025,Email Marketing,Beleza,2025-03-03,2025-03-20,102090.35,11249906,574864,55205,First Click,Pausada,3.05,311375.57,1.85
CAMP-1431,Dia_Das_Maes_2025,Orgânico,Lifestyle,2025-03-28,2025-05-27,118973.79,20861502,176043,16546,Linear,Finalizada,2.05,243896.27,7.19
CAMP-1432,Upsell_Platinum_2024_05,Instagram Ads,Acessórios,2024-05-25,2025-12-31,100451.06,8066943,397860,11753,Last Click,Ativa,6.66,669004.06,8.55
CAMP-1433,Influenciador_Verao_2024_04,Orgânico,Geral,2024-04-27,2024-06-14,76609.14,13036276,694197,64131,Linear,Finalizada,3.38,258938.89,1.19
CAMP-1434,Performance_Sempre_Ligada_2024,Google Ads,Beleza,2024-11-06,2025-12-31,17080.94,6450648,322858,9587,First Click,Ativa,3.31,56537.91,1.78
CAMP-1435,TikTok_Viral_2023_10,Instagram Ads,Lifestyle,2023-10-09,2024-01-25,33912.26,7982648,276009,29476,First Click,Pausada,6.33,214664.61,1.15
CAMP-1436,Stories_Boost_2024,Marketplace,Geral,2024-03-27,2024-06-17,69129.0,17184826,719833,47872,First Click,Finalizada,3.2,221212.8,1.44
CAMP-1437,Dia_Das_Maes_2024,Google Ads,Acessórios,2024-07-01,2024-10-11,84806.4,8477599,221158,6996,Last Click,Pausada,3.19,270532.42,12.12
CAMP-1438,Performance_Sempre_Ligada_2023_06,Google Ads,Moda,2023-06-21,2025-12-31,97191.65,16177442,874995,95292,Linear,Ativa,3.94,382935.1,1.02
CAMP-1439,Liquidacao_Julho_2024,Orgânico,Beleza,2024-10-06,2024-12-24,7345.03,1523318,67437,1891,First Click,Pausada,4.73,34741.99,3.88
CAMP-1440,Influenciador_Verao_2023,Google Ads,Geral,2023-09-20,2023-12-22,25895.92,6079551,333199,6385,Linear,Pausada,3.88,100476.17,4.06
CAMP-1441,Influenciador_Inverno_2023,TikTok Ads,Acessórios,2023-07-15,2025-12-31,52199.6,9265684,448482,4525,First Click,Ativa,5.81,303279.68,11.54
CAMP-1442,Stories_Boost_2025,Google Ads,Beleza,2025-10-05,2025-12-31,64959.6,15758716,921608,44629,First Click,Ativa,3.6,233854.56,1.46
CAMP-1443,Feed_Carousel_2024,Email Marketing,Acessórios,2024-12-25,2025-03-31,48846.06,17907404,602341,12316,Last Click,Pausada,3.52,171938.13,3.97
CAMP-1444,Parceria_Creator_2023,TikTok Ads,Geral,2023-01-21,2023-04-06,102784.81,34970472,729583,13319,Last Click,Pausada,4.39,451225.32,7.72
CAMP-1445,Fidelidade_Clientes_2025,Instagram Ads,Acessórios,2025-12-04,2025-12-31,69630.74,17452048,363724,31355,Linear,Finalizada,2.89,201232.84,2.22
CAMP-1446,Influenciador_Inverno_2025_07,Instagram Ads,Beleza,2025-07-13,2025-11-02,64157.22,20811973,828421,40533,First Click,Finalizada,3.62,232249.14,1.58
CAMP-1447,Lancamento_Colecao_2025,Influenciador,Geral,2025-10-19,2025-11-15,39272.81,10711661,459535,36353,First Click,Finalizada,11.2,439855.47,1.08
CAMP-1448,Volta_as_Aulas_2023_08,Email Marketing,Geral,2023-08-09,2023-09-03,50881.55,20164769,480620,45222,Linear,Finalizada,2.94,149591.76,1.13
CAMP-1449,Email_Reativacao_2025,Instagram Ads,Geral,2025-08-10,2025-10-19,67186.17,20114656,1050621,43353,Linear,Finalizada,2.97,199542.92,1.55
CAMP-1450,Push_Carrinho_2024_02,TikTok Ads,Geral,2024-02-14,2024-03-28,62374.71,17562996,328874,29808,Last Click,Finalizada,2.19,136600.61,2.09
CAMP-1451,Influenciador_Verao_2025_01,Influenciador,Geral,2025-01-09,2025-01-17,79613.18,19483438,555549,6161,First Click,Pausada,12.62,1004718.33,12.92
CAMP-1452,Influenciador_Verao_2023,Google Ads,Acessórios,2023-08-02,2023-09-15,2365.77,601370,13271,1349,First Click,Pausada,3.77,8918.95,1.75
CAMP-1453,Stories_Boost_2025_09,Email Marketing,Geral,2025-09-07,2025-12-25,39719.63,7055747,355396,25097,Linear,Pausada,2.89,114789.73,1.58
CAMP-1454,Stories_Boost_2024_07,Instagram Ads,Geral,2024-07-28,2024-08-23,94638.67,35287309,368987,12329,Linear,Finalizada,3.95,373822.75,7.68
CAMP-1455,Push_Carrinho_2025_10,Marketplace,Moda,2025-10-12,2025-10-21,46610.83,5177029,111694,8062,Last Click,Finalizada,3.66,170595.64,5.78
CAMP-1456,Performance_Sempre_Ligada_2025_01,Marketplace,Acessórios,2025-01-17,2025-04-26,78504.6,19615335,322157,34342,First Click,Pausada,1.45,113831.67,2.29
CAMP-1457,Natal_Presentes_2025,Marketplace,Lifestyle,2025-02-02,2025-03-18,113973.33,18311046,719176,81407,Last Click,Finalizada,3.66,417142.39,1.4
CAMP-1458,CAC_Reducao_2024_03,Email Marketing,Acessórios,2024-03-10,2024-05-04,94530.21,11375266,282420,13516,Last Click,Pausada,2.91,275082.91,6.99
CAMP-1459,Fidelidade_Clientes_2023,Marketplace,Beleza,2023-03-04,2023-04-22,26011.49,7368137,311783,18193,Last Click,Pausada,2.23,58005.62,1.43
CAMP-1460,Cyber_Monday_2024,Influenciador,Geral,2024-11-26,2025-02-17,72173.72,13309009,173179,17430,Last Click,Pausada,5.03,363033.81,4.14
CAMP-1461,Volta_as_Aulas_2023_05,TikTok Ads,Moda,2023-05-11,2023-06-14,20113.65,6944194,380350,6161,First Click,Pausada,2.33,46864.8,3.26
CAMP-1462,Push_Carrinho_2025_08,Instagram Ads,Moda,2025-08-08,2025-11-04,76070.22,17363835,280716,26657,Linear,Pausada,5.66,430557.45,2.85
CAMP-1463,CAC_Reducao_2024,Influenciador,Geral,2024-12-22,2025-02-08,21877.17,6430791,108398,11120,Last Click,Pausada,5.03,110042.17,1.97
CAMP-1464,Parceria_Creator_2024,Instagram Ads,Geral,2024-08-12,2024-10-15,6757.75,2521964,89562,7168,Last Click,Pausada,2.46,16624.06,0.94
CAMP-1465,Stories_Boost_2024_08,Marketplace,Lifestyle,2024-08-08,2024-11-04,42923.32,5372572,165446,11280,Last Click,Pausada,2.18,93572.84,3.81
CAMP-1466,Fidelidade_Clientes_2025,Instagram Ads,Lifestyle,2025-05-23,2025-08-11,24092.77,4158488,228166,7380,First Click,Finalizada,4.55,109622.1,3.26
CAMP-1467,Liquidacao_Julho_2023_09,Google Ads,Beleza,2023-09-07,2024-01-03,82668.02,12952978,537601,59689,Linear,Pausada,3.94,325712.0,1.38
CAMP-1468,Liquidacao_Julho_2025_03,Marketplace,Geral,2025-03-26,2025-04-10,95369.59,22275864,728673,8059,Linear,Finalizada,1.74,165943.09,11.83
CAMP-1469,Remarketing_30d_2023_02,Instagram Ads,Lifestyle,2023-02-15,2023-04-15,99841.52,14783155,369974,12914,First Click,Finalizada,4.56,455277.33,7.73
CAMP-1470,Upsell_Platinum_2023_06,Email Marketing,Geral,2023-06-14,2023-07-15,33650.12,6800187,85385,5354,Last Click,Finalizada,1.65,55522.7,6.29
CAMP-1471,Parceria_Creator_2024,Email Marketing,Moda,2024-04-07,2024-05-01,106661.33,30005282,910978,106478,Linear,Finalizada,3.35,357315.46,1.0
CAMP-1472,Lookalike_Gold_2025_01,TikTok Ads,Moda,2025-01-04,2025-12-31,71550.17,13515182,268269,3183,Linear,Ativa,7.55,540203.78,22.48
CAMP-1473,Feed_Carousel_2023_12,Influenciador,Beleza,2023-12-03,2024-01-31,108571.33,14598976,340595,13781,Linear,Finalizada,7.99,867484.93,7.88
CAMP-1474,Email_Reativacao_2025,TikTok Ads,Geral,2025-08-19,2025-09-16,98901.45,36073961,904982,79726,Linear,Finalizada,2.32,229451.36,1.24
CAMP-1475,CAC_Reducao_2025_01,Orgânico,Moda,2025-01-06,2025-12-31,53044.66,14153282,651315,50159,First Click,Ativa,3.52,186717.2,1.06
CAMP-1476,Upsell_Platinum_2024_09,TikTok Ads,Beleza,2024-09-18,2024-12-11,107865.9,24580381,1380531,127792,Last Click,Finalizada,7.78,839196.7,0.84
CAMP-1477,Performance_Moda_2024_04,TikTok Ads,Moda,2024-04-14,2024-08-10,62864.06,12899073,454243,8689,Linear,Pausada,1.69,106240.26,7.23
CAMP-1478,Dia_Das_Maes_2024_09,Email Marketing,Lifestyle,2024-09-04,2024-11-23,73248.6,28967537,1488444,27947,First Click,Pausada,3.31,242452.87,2.62
CAMP-1479,Upsell_Platinum_2025_12,Orgânico,Geral,2025-12-19,2025-12-31,53546.33,14172080,386347,10144,First Click,Pausada,2.69,144039.63,5.28
CAMP-1480,Black_Friday_Main_2023_11,Google Ads,Lifestyle,2023-11-27,2024-03-08,90594.39,20718703,972704,91986,Last Click,Pausada,3.13,283560.44,0.98
CAMP-1481,Influenciador_Inverno_2023,Instagram Ads,Moda,2023-10-08,2023-10-25,29984.65,10627989,154465,11289,Last Click,Pausada,5.23,156819.72,2.66
CAMP-1482,TikTok_Viral_2023_12,Influenciador,Moda,2023-12-14,2025-12-31,7276.68,1818864,92708,9060,Last Click,Ativa,2.28,16590.83,0.8
CAMP-1483,Volta_as_Aulas_2023,Influenciador,Moda,2023-05-07,2023-06-09,8547.52,1622664,71806,6934,First Click,Finalizada,11.48,98125.53,1.23
CAMP-1484,Performance_Moda_2023_12,Marketplace,Moda,2023-12-12,2024-03-04,68288.32,10029877,206452,16114,Last Click,Finalizada,2.34,159794.67,4.24
CAMP-1485,UGC_Organico_2023_06,TikTok Ads,Acessórios,2023-06-21,2023-08-24,10496.6,1962653,55078,2826,Last Click,Pausada,2.71,28445.79,3.71
CAMP-1486,Performance_Sempre_Ligada_2023,TikTok Ads,Moda,2023-07-10,2023-10-11,79270.95,27607070,1528678,94577,Linear,Pausada,7.06,559652.91,0.84
CAMP-1487,Retargeting_Carrinho_2025,Email Marketing,Acessórios,2025-07-14,2025-12-31,109710.69,19133027,671654,34622,Linear,Ativa,4.27,468464.65,3.17
CAMP-1488,Liquidacao_Julho_2023_02,Marketplace,Moda,2023-02-20,2023-04-27,76225.8,11092078,397556,39753,First Click,Finalizada,4.31,328533.2,1.92
CAMP-1489,Influenciador_Inverno_2023,Influenciador,Moda,2023-04-22,2023-04-29,58951.71,8753021,190212,12083,Linear,Pausada,14.04,827682.01,4.88
CAMP-1490,UGC_Organico_2024_11,TikTok Ads,Moda,2024-11-09,2025-01-13,63558.45,16861021,653918,63670,First Click,Pausada,4.18,265674.32,1.0
CAMP-1491,Email_Reativacao_2024_05,Marketplace,Acessórios,2024-05-23,2024-08-22,68446.2,9267795,332734,34737,Last Click,Pausada,2.82,193018.28,1.97
CAMP-1492,LTV_Expansion_2024,TikTok Ads,Lifestyle,2024-02-28,2024-06-20,64608.98,23626349,355831,22775,Linear,Finalizada,2.78,179612.96,2.84
CAMP-1493,Black_Friday_Main_2025_02,Marketplace,Geral,2025-02-26,2025-12-31,46172.95,15988405,353206,31538,First Click,Ativa,2.22,102503.95,1.46
CAMP-1494,Volta_as_Aulas_2025,Email Marketing,Geral,2025-02-17,2025-05-05,53293.86,17009914,986806,34014,Last Click,Finalizada,2.14,114048.86,1.57
CAMP-1495,CAC_Reducao_2024_02,Marketplace,Moda,2024-02-08,2024-05-02,74798.1,8681775,499017,15584,First Click,Pausada,2.68,200458.91,4.8
CAMP-1496,Cyber_Monday_2023_07,Google Ads,Geral,2023-07-05,2023-10-20,116392.63,43720040,503945,52013,Linear,Pausada,3.89,452767.33,2.24
CAMP-1497,Lookalike_Gold_2024_08,Instagram Ads,Lifestyle,2024-08-05,2025-12-31,91003.84,9210600,100792,8659,First Click,Ativa,5.52,502341.2,10.51
CAMP-1498,Influenciador_Inverno_2023_05,Email Marketing,Beleza,2023-05-12,2023-06-18,7327.77,1718147,68792,1435,Last Click,Pausada,1.58,11577.88,5.11
CAMP-1499,Liquida_Beleza_2023,Email Marketing,Acessórios,2023-10-24,2023-12-30,89380.17,35264798,1869337,136792,Last Click,Pausada,2.49,222556.62,0.65
CAMP-1500,Push_Carrinho_2023,TikTok Ads,Lifestyle,2023-03-10,2025-12-31,99919.33,30180344,1298338,37603,First Click,Ativa,6.88,687444.99,2.66
CAMP-1501,Liquida_Beleza_2024_07,Instagram Ads,Beleza,2024-07-17,2024-10-20,25970.45,6024239,94966,5121,First Click,Finalizada,2.28,59212.63,5.07
CAMP-1502,Push_Carrinho_2023,TikTok Ads,Moda,2023-10-11,2023-11-17,107212.85,22784174,342860,24972,First Click,Finalizada,5.29,567155.98,4.29
CAMP-1503,Performance_Sempre_Ligada_2024_10,Influenciador,Acessórios,2024-10-11,2025-12-31,11674.41,1843230,46714,4567,First Click,Ativa,12.08,141026.87,2.56
CAMP-1504,Stories_Boost_2023_04,Email Marketing,Acessórios,2023-04-25,2023-07-24,20765.49,2282703,42499,4225,First Click,Finalizada,3.04,63127.09,4.91
CAMP-1505,Liquidacao_Julho_2024,Orgânico,Acessórios,2024-03-06,2025-12-31,96550.94,15568207,828963,73026,Last Click,Ativa,4.17,402617.42,1.32
CAMP-1506,Influenciador_Inverno_2023_09,Instagram Ads,Geral,2023-09-26,2023-10-11,100141.3,22585088,540516,29607,Last Click,Finalizada,6.13,613866.17,3.38
CAMP-1507,Retargeting_Carrinho_2023,Influenciador,Beleza,2023-06-05,2025-12-31,47797.91,6027442,104976,11573,Linear,Ativa,2.56,122362.65,4.13
CAMP-1508,Performance_Moda_2025,Orgânico,Moda,2025-05-10,2025-07-13,106019.57,21231992,194812,16400,First Click,Finalizada,2.41,255507.16,6.46
CAMP-1509,Lookalike_Gold_2024_07,Google Ads,Beleza,2024-07-03,2024-09-25,86479.97,7585509,443563,10970,Linear,Finalizada,3.69,319111.09,7.88
CAMP-1510,Lookalike_Gold_2023_07,Email Marketing,Lifestyle,2023-07-02,2025-12-31,12934.82,3797310,93500,10501,Last Click,Ativa,1.36,17591.36,1.23
CAMP-1511,Liquidacao_Julho_2025_05,Email Marketing,Acessórios,2025-05-24,2025-08-07,30784.85,7940054,390178,42885,Last Click,Finalizada,1.51,46485.12,0.72
CAMP-1512,UGC_Organico_2023_09,Marketplace,Moda,2023-09-17,2023-11-21,3031.55,969321,29848,2456,First Click,Finalizada,1.44,4365.43,1.23
CAMP-1513,Lookalike_Gold_2025_10,Marketplace,Lifestyle,2025-10-05,2025-12-31,36232.91,3482439,131310,11800,First Click,Ativa,4.07,147467.94,3.07
CAMP-1514,Branding_Awareness_2025,Marketplace,Geral,2025-11-05,2025-12-31,117561.76,19885900,437267,25394,First Click,Finalizada,3.02,355036.52,4.63
CAMP-1515,Fidelidade_Clientes_2025_07,Google Ads,Geral,2025-07-11,2025-08-10,85787.02,7130022,81480,2307,Linear,Pausada,3.69,316554.1,37.19
CAMP-1516,Stories_Boost_2024_06,Google Ads,Moda,2024-06-01,2024-09-13,437.0,37843,1382,71,Last Click,Pausada,3.71,1621.27,6.15
CAMP-1517,Influenciador_Verao_2025,Marketplace,Beleza,2025-02-20,2025-12-31,62035.73,16312663,790569,94804,First Click,Ativa,2.62,162533.61,0.65
CAMP-1518,UGC_Organico_2023_07,Instagram Ads,Geral,2023-07-19,2023-10-14,98483.92,12254983,413146,46569,Linear,Pausada,5.37,528858.65,2.11
CAMP-1519,Retargeting_Carrinho_2025_12,Orgânico,Acessórios,2025-12-20,2025-12-31,1266.98,423741,10812,754,Linear,Ativa,4.77,6043.49,1.68
CAMP-1520,Cyber_Monday_2024,Marketplace,Acessórios,2024-07-08,2025-12-31,2962.31,802644,41528,3108,First Click,Ativa,2.0,5924.62,0.95
CAMP-1521,Influenciador_Inverno_2024,Instagram Ads,Beleza,2024-02-04,2024-02-21,11277.54,3082391,128164,11069,Last Click,Finalizada,5.8,65409.73,1.02
CAMP-1522,Lancamento_Colecao_2023,Google Ads,Moda,2023-11-09,2024-02-09,8395.95,1218294,58060,2354,Linear,Pausada,3.32,27874.55,3.57
CAMP-1523,LTV_Expansion_2024,Email Marketing,Geral,2024-05-19,2024-06-29,51946.7,6620417,71439,1174,First Click,Finalizada,3.58,185969.19,44.25
CAMP-1524,Influenciador_Inverno_2025_09,TikTok Ads,Beleza,2025-09-03,2025-09-29,78383.67,19146658,747027,70501,Last Click,Pausada,7.75,607473.44,1.11
CAMP-1525,Black_Friday_Main_2025,Google Ads,Moda,2025-06-17,2025-08-26,82721.5,30569485,987809,95682,First Click,Finalizada,3.41,282080.32,0.86
CAMP-1526,Influenciador_Verao_2024,Google Ads,Lifestyle,2024-01-01,2024-01-28,119100.34,30871329,470893,41030,First Click,Pausada,3.69,439480.25,2.9
CAMP-1527,Liquidacao_Julho_2025,Orgânico,Beleza,2025-06-12,2025-07-25,13907.79,1253735,40322,1170,First Click,Finalizada,2.63,36577.49,11.89
CAMP-1528,LTV_Expansion_2025,Instagram Ads,Beleza,2025-04-17,2025-12-31,10582.58,1150474,61788,6785,Linear,Ativa,2.64,27938.01,1.56
CAMP-1529,Liquidacao_Julho_2023,Orgânico,Acessórios,2023-06-03,2025-12-31,78652.7,12949178,462056,23642,Last Click,Ativa,2.74,215508.4,3.33
CAMP-1530,Cyber_Monday_2024,Google Ads,Lifestyle,2024-07-24,2025-12-31,105063.25,30429395,1657773,195006,Last Click,Ativa,3.85,404493.51,0.54
CAMP-1531,Fidelidade_Clientes_2023_10,Marketplace,Moda,2023-10-03,2023-10-10,60006.63,19077724,773562,25175,Last Click,Finalizada,4.38,262829.04,2.38
CAMP-1532,Performance_Beleza_2025_07,Google Ads,Lifestyle,2025-07-03,2025-08-31,19749.19,3588666,47660,4038,Last Click,Pausada,3.95,78009.3,4.89
CAMP-1533,Natal_Presentes_2025_07,Marketplace,Moda,2025-07-28,2025-11-15,112206.7,42436836,2067731,237370,Linear,Finalizada,4.93,553179.03,0.47
CAMP-1534,Dia_Dos_Namorados_2025_08,Marketplace,Acessórios,2025-08-17,2025-09-27,56901.94,19662931,834580,61425,Last Click,Finalizada,1.06,60316.06,0.93
CAMP-1535,Stories_Boost_2024,Instagram Ads,Geral,2024-09-19,2024-11-03,15241.38,2746896,60809,2009,Linear,Pausada,4.1,62489.66,7.59
CAMP-1536,Remarketing_30d_2025,TikTok Ads,Acessórios,2025-03-04,2025-04-23,101248.5,27688670,1303109,36485,Last Click,Finalizada,2.62,265271.07,2.78
CAMP-1537,Retargeting_Carrinho_2024_11,Orgânico,Lifestyle,2024-11-27,2025-12-31,15022.23,4425335,176340,16779,Last Click,Ativa,3.12,46869.36,0.9
CAMP-1538,Natal_Presentes_2025_07,Google Ads,Moda,2025-07-08,2025-08-27,60153.05,21443360,1070606,95970,Last Click,Finalizada,3.59,215949.45,0.63
CAMP-1539,LTV_Expansion_2024,Email Marketing,Moda,2024-07-09,2024-07-18,101639.72,34689512,2068677,62043,First Click,Finalizada,2.48,252066.51,1.64
CAMP-1540,Lookalike_Gold_2023,Orgânico,Lifestyle,2023-12-06,2023-12-16,85046.32,8190510,325881,37351,Last Click,Pausada,4.78,406521.41,2.28
CAMP-1541,Lancamento_Colecao_2025,Google Ads,Moda,2025-12-21,2025-12-31,118497.02,17163516,193073,16773,Linear,Pausada,3.55,420664.42,7.06
CAMP-1542,TikTok_Viral_2023,Email Marketing,Geral,2023-02-03,2023-02-14,25340.82,9479360,309898,7079,First Click,Pausada,2.99,75769.05,3.58
CAMP-1543,Dia_Dos_Namorados_2025,Email Marketing,Acessórios,2025-09-14,2025-12-31,89955.96,32661241,1548105,166036,Linear,Ativa,3.73,335535.73,0.54
CAMP-1544,Dia_Dos_Namorados_2025,TikTok Ads,Moda,2025-09-09,2025-12-31,77832.1,27282355,1120728,112478,Linear,Ativa,7.49,582962.43,0.69
CAMP-1545,Lookalike_Gold_2023_08,Instagram Ads,Moda,2023-08-11,2023-10-24,84799.02,7398105,414119,29564,Linear,Pausada,4.22,357851.86,2.87
CAMP-1546,Influenciador_Verao_2023_08,Instagram Ads,Acessórios,2023-08-20,2023-11-26,56260.2,21522783,290573,3784,Last Click,Pausada,5.9,331935.18,14.87
CAMP-1547,Cyber_Monday_2023,TikTok Ads,Beleza,2023-04-22,2023-08-04,30307.44,7180778,102483,3256,Last Click,Finalizada,1.76,53341.09,9.31
CAMP-1548,Natal_Presentes_2023,Email Marketing,Moda,2023-03-26,2023-04-03,94168.5,21561485,1260367,16967,Last Click,Finalizada,3.68,346540.08,5.55
CAMP-1549,Push_Carrinho_2023_07,Google Ads,Beleza,2023-07-06,2023-10-26,47006.23,4332867,258465,19713,Last Click,Pausada,3.35,157470.87,2.38
CAMP-1550,Upsell_Platinum_2025_08,Influenciador,Acessórios,2025-08-01,2025-10-03,8141.93,2266045,32079,2360,Linear,Finalizada,5.79,47141.77,3.45
CAMP-1551,Performance_Sempre_Ligada_2024,Google Ads,Moda,2024-01-24,2025-12-31,48907.36,8579396,133409,2400,Last Click,Ativa,3.22,157481.7,20.38
CAMP-1552,Email_Reativacao_2024_03,Instagram Ads,Geral,2024-03-10,2024-06-14,74476.33,26589897,1011749,42231,First Click,Pausada,2.33,173529.85,1.76
CAMP-1553,Retargeting_Carrinho_2023,Instagram Ads,Lifestyle,2023-12-14,2024-04-02,97722.88,17711852,352269,9232,Linear,Pausada,3.89,380142.0,10.59
CAMP-1554,Retargeting_Carrinho_2024,Influenciador,Geral,2024-12-10,2025-03-28,27884.39,9973563,398465,18448,Last Click,Pausada,1.86,51864.97,1.51
CAMP-1555,Fidelidade_Clientes_2024,Instagram Ads,Moda,2024-08-14,2024-09-09,60766.61,20580626,1007141,104850,Last Click,Finalizada,3.23,196276.15,0.58
CAMP-1556,Feed_Carousel_2023_09,Influenciador,Moda,2023-09-25,2025-12-31,53995.0,12832309,641273,15864,Linear,Ativa,8.66,467596.7,3.4
CAMP-1557,Influenciador_Inverno_2024,Instagram Ads,Lifestyle,2024-05-05,2024-08-01,91538.78,31111414,996085,34842,Last Click,Pausada,3.48,318554.95,2.63
CAMP-1558,Lancamento_Colecao_2024_07,Marketplace,Lifestyle,2024-07-25,2024-08-19,43100.74,9537924,89851,2910,Last Click,Pausada,1.49,64220.1,14.81
CAMP-1559,Cyber_Monday_2025,TikTok Ads,Lifestyle,2025-08-18,2025-11-29,57842.3,18003487,346723,22028,First Click,Pausada,4.95,286319.39,2.63
CAMP-1560,Feed_Carousel_2023,Marketplace,Lifestyle,2023-05-17,2023-08-22,80671.93,16349235,268517,7787,Linear,Finalizada,2.58,208133.58,10.36
CAMP-1561,Performance_Beleza_2024_03,Marketplace,Beleza,2024-03-18,2024-05-02,53953.65,11716329,176653,10419,Last Click,Pausada,1.83,98735.18,5.18
CAMP-1562,Stories_Boost_2024_04,Instagram Ads,Beleza,2024-04-24,2024-06-21,50224.76,6241742,245890,8352,Last Click,Finalizada,4.52,227015.92,6.01
CAMP-1563,Liquida_Beleza_2024_11,Email Marketing,Moda,2024-11-23,2025-12-31,31736.9,11867290,417875,22261,Last Click,Ativa,1.23,39036.39,1.43
CAMP-1564,CAC_Reducao_2023,TikTok Ads,Lifestyle,2023-05-01,2023-05-11,57016.99,15101939,703668,81111,Last Click,Pausada,4.42,252015.1,0.7
CAMP-1565,Dia_Das_Maes_2024,TikTok Ads,Moda,2024-04-22,2024-06-09,54137.77,17094462,581382,62209,First Click,Finalizada,3.74,202475.26,0.87
CAMP-1566,Volta_as_Aulas_2025,Marketplace,Moda,2025-12-28,2025-12-31,99774.59,24806956,388289,11610,First Click,Ativa,4.0,399098.36,8.59
CAMP-1567,LTV_Expansion_2023,Marketplace,Beleza,2023-01-23,2023-04-22,57961.01,6610649,78670,4808,Linear,Pausada,2.96,171564.59,12.06
CAMP-1568,Push_Carrinho_2023,Instagram Ads,Acessórios,2023-07-06,2025-12-31,35484.45,9842399,356749,8041,Linear,Ativa,4.02,142647.49,4.41
CAMP-1569,Liquidacao_Julho_2024,Google Ads,Moda,2024-03-04,2024-05-24,25038.18,8865341,153520,2034,Linear,Pausada,3.99,99902.34,12.31
CAMP-1570,Lancamento_Colecao_2023,TikTok Ads,Geral,2023-02-09,2023-04-07,59555.59,6240133,186952,2389,First Click,Finalizada,7.24,431182.47,24.93
CAMP-1571,Lookalike_Gold_2024,Google Ads,Moda,2024-04-15,2024-04-27,82293.06,31373071,726056,23096,Last Click,Finalizada,3.46,284733.99,3.56
CAMP-1572,Upsell_Platinum_2025_04,Influenciador,Acessórios,2025-04-28,2025-12-31,97039.12,12728728,286257,16830,Linear,Ativa,8.55,829684.48,5.77
CAMP-1573,Dia_Das_Maes_2023_12,Google Ads,Geral,2023-12-13,2024-01-30,7491.7,2711339,108509,8398,Linear,Finalizada,3.11,23299.19,0.89
CAMP-1574,Cyber_Monday_2023_03,Google Ads,Geral,2023-03-15,2023-06-27,21785.85,7746553,126450,9228,First Click,Finalizada,3.35,72982.6,2.36
CAMP-1575,Performance_Moda_2024,Influenciador,Geral,2024-01-05,2024-04-12,54416.99,15600378,793298,47516,First Click,Finalizada,4.9,266643.25,1.15
CAMP-1576,Liquidacao_Julho_2024_10,Email Marketing,Acessórios,2024-10-24,2024-12-17,54426.7,4364072,229883,13294,Last Click,Pausada,3.99,217162.53,4.09
CAMP-1577,Retargeting_Carrinho_2023,TikTok Ads,Acessórios,2023-03-02,2023-06-02,67892.36,23733097,401834,6071,Last Click,Pausada,7.38,501045.62,11.18
CAMP-1578,Liquida_Beleza_2025,TikTok Ads,Beleza,2025-01-09,2025-03-30,70256.83,9517894,153786,17728,First Click,Pausada,1.54,108195.52,3.96
CAMP-1579,Dia_Das_Maes_2023,Google Ads,Lifestyle,2023-01-05,2023-04-05,41417.49,16214787,225436,24194,Linear,Finalizada,3.28,135849.37,1.71
CAMP-1580,Liquida_Beleza_2023,Orgânico,Moda,2023-07-19,2023-10-04,83478.08,12238587,221143,21082,First Click,Finalizada,2.18,181982.21,3.96
CAMP-1581,Influenciador_Verao_2025_07,Marketplace,Beleza,2025-07-05,2025-12-31,64580.96,12333818,577522,39976,Last Click,Ativa,1.51,97517.25,1.62
CAMP-1582,Parceria_Creator_2023_03,TikTok Ads,Lifestyle,2023-03-19,2025-12-31,93653.07,30009645,853076,93705,First Click,Ativa,2.37,221957.78,1.0
CAMP-1583,Parceria_Creator_2023,Instagram Ads,Beleza,2023-08-13,2023-10-20,37217.0,7404042,120854,13258,Last Click,Finalizada,5.87,218463.79,2.81
CAMP-1584,Dia_Dos_Namorados_2025,Orgânico,Moda,2025-04-15,2025-08-01,70397.63,9704994,302889,26450,Last Click,Pausada,1.93,135867.43,2.66
CAMP-1585,Liquidacao_Julho_2024_08,Google Ads,Acessórios,2024-08-11,2024-12-05,30374.57,3429999,188981,16466,First Click,Finalizada,3.12,94768.66,1.84
CAMP-1586,Dia_Dos_Namorados_2025,Instagram Ads,Moda,2025-10-06,2025-12-31,37985.52,4709336,52633,1488,Last Click,Finalizada,5.46,207400.94,25.53
CAMP-1587,CAC_Reducao_2024,Influenciador,Moda,2024-02-09,2024-05-24,12224.03,3480806,82058,6833,Linear,Pausada,6.9,84345.81,1.79
CAMP-1588,Natal_Presentes_2024_08,Marketplace,Beleza,2024-08-20,2024-10-13,103224.35,13322561,171302,11987,Linear,Finalizada,3.51,362317.47,8.61
CAMP-1589,UGC_Organico_2023,Influenciador,Geral,2023-10-06,2023-10-13,92644.96,21733841,220712,14169,First Click,Finalizada,3.37,312213.52,6.54
CAMP-1590,Semana_Consumidor_2025_10,Google Ads,Beleza,2025-10-18,2025-11-06,104738.33,39976727,664745,40815,Last Click,Finalizada,3.96,414763.79,2.57
CAMP-1591,Remarketing_30d_2024,Instagram Ads,Geral,2024-11-17,2025-01-08,99579.17,25220961,1477402,66882,Last Click,Pausada,4.39,437152.56,1.49
CAMP-1592,Performance_Moda_2023_12,TikTok Ads,Beleza,2023-12-17,2024-02-23,79083.77,26038644,699019,78036,Linear,Pausada,7.19,568612.31,1.01
CAMP-1593,Performance_Beleza_2025_07,Influenciador,Moda,2025-07-06,2025-08-04,104375.25,8638023,116847,3525,Last Click,Pausada,14.04,1465428.51,29.61
CAMP-1594,Cyber_Monday_2024_03,Google Ads,Lifestyle,2024-03-18,2024-06-08,105721.26,30316428,385420,43950,First Click,Finalizada,3.92,414427.34,2.41
CAMP-1595,Branding_Awareness_2025_03,Influenciador,Geral,2025-03-20,2025-12-31,1810.68,551701,16391,470,Last Click,Ativa,2.45,4436.17,3.85
CAMP-1596,Retargeting_Carrinho_2024,Instagram Ads,Lifestyle,2024-01-19,2024-02-19,8197.05,2848517,118625,1431,First Click,Pausada,2.25,18443.36,5.73
CAMP-1597,Volta_as_Aulas_2023_06,Email Marketing,Beleza,2023-06-25,2023-09-19,16309.36,2859375,91818,1795,Linear,Pausada,4.41,71924.28,9.09
CAMP-1598,Lookalike_Gold_2023,Instagram Ads,Acessórios,2023-09-05,2023-12-05,38580.42,6555419,90246,7703,Last Click,Pausada,2.27,87577.55,5.01
CAMP-1599,Retargeting_Carrinho_2024,TikTok Ads,Beleza,2024-05-07,2024-08-13,1436.74,378123,7513,218,Last Click,Finalizada,4.39,6307.29,6.59
CAMP-1600,TikTok_Viral_2023,Orgânico,Beleza,2023-11-04,2024-03-01,94422.79,11018495,456513,44364,Last Click,Pausada,1.37,129359.22,2.13
CAMP-1601,Volta_as_Aulas_2023_12,Influenciador,Beleza,2023-12-04,2024-01-15,14133.24,4517507,144144,8797,Last Click,Finalizada,8.09,114337.91,1.61
CAMP-1602,Fidelidade_Clientes_2024_12,Marketplace,Moda,2024-12-07,2025-03-01,21771.28,8532098,431528,46087,Last Click,Finalizada,2.31,50291.66,0.47
CAMP-1603,Liquida_Beleza_2025,Instagram Ads,Geral,2025-08-01,2025-11-22,74442.76,19405903,329253,28548,First Click,Finalizada,3.44,256083.09,2.61
CAMP-1604,UGC_Organico_2024_05,Marketplace,Lifestyle,2024-05-03,2024-05-31,32386.45,7030716,178808,5650,Linear,Pausada,2.02,65420.63,5.73
CAMP-1605,Natal_Presentes_2023_06,TikTok Ads,Moda,2023-06-28,2023-09-11,89493.8,17999002,856309,47938,First Click,Finalizada,5.97,534277.99,1.87
CAMP-1606,LTV_Expansion_2024,Google Ads,Geral,2024-12-23,2025-03-23,117514.49,9521979,243981,15881,Linear,Pausada,3.31,388972.96,7.4
CAMP-1607,Performance_Beleza_2023,Influenciador,Beleza,2023-07-24,2023-09-10,100260.44,9063588,440605,27522,Last Click,Pausada,6.7,671744.95,3.64
CAMP-1608,Lancamento_Colecao_2025_02,Marketplace,Acessórios,2025-02-10,2025-04-22,33241.72,7520994,215110,11028,Last Click,Finalizada,4.37,145266.32,3.01
CAMP-1609,Semana_Consumidor_2024,Marketplace,Lifestyle,2024-08-05,2024-09-30,48615.03,18273282,1002638,96289,First Click,Pausada,4.53,220226.09,0.5
CAMP-1610,Email_Reativacao_2025,Email Marketing,Lifestyle,2025-12-20,2025-12-31,54446.81,20463338,341343,35070,First Click,Pausada,2.23,121416.39,1.55
CAMP-1611,Branding_Awareness_2025,Orgânico,Acessórios,2025-09-13,2025-12-31,117159.9,22994867,1084224,61935,First Click,Ativa,1.91,223775.41,1.89
CAMP-1612,Remarketing_30d_2024,Marketplace,Lifestyle,2024-10-17,2024-10-27,58069.03,12822229,243256,24305,First Click,Finalizada,4.55,264214.09,2.39
CAMP-1613,Lancamento_Colecao_2023_12,Email Marketing,Beleza,2023-12-06,2024-04-04,109364.7,31230116,1510203,117152,Linear,Finalizada,3.03,331375.04,0.93
CAMP-1614,Liquida_Beleza_2023_09,Marketplace,Lifestyle,2023-09-25,2023-12-17,46587.86,14929431,563994,18317,Linear,Pausada,3.79,176567.99,2.54
CAMP-1615,Influenciador_Verao_2024,Email Marketing,Geral,2024-07-01,2024-08-17,101809.63,35636384,1465141,106677,First Click,Finalizada,3.78,384840.4,0.95
CAMP-1616,Lookalike_Gold_2024,Influenciador,Geral,2024-12-25,2025-12-31,103745.36,30967375,960752,52634,First Click,Ativa,1.39,144206.05,1.97
CAMP-1617,Push_Carrinho_2025_11,Marketplace,Beleza,2025-11-01,2025-12-31,92055.18,22357483,894677,75170,Last Click,Pausada,4.72,434500.45,1.22
CAMP-1618,Push_Carrinho_2023_07,Instagram Ads,Geral,2023-07-23,2023-11-20,92759.28,14348166,182260,16609,Last Click,Pausada,4.11,381240.64,5.58
CAMP-1619,Retargeting_Carrinho_2023_07,Email Marketing,Lifestyle,2023-07-19,2023-07-29,86212.0,23211261,1014844,84369,First Click,Pausada,3.7,318984.4,1.02
CAMP-1620,Parceria_Creator_2025_11,Influenciador,Lifestyle,2025-11-20,2025-12-11,43183.35,11270243,663552,39455,Linear,Finalizada,3.1,133868.39,1.09
CAMP-1621,Performance_Beleza_2024_04,Influenciador,Geral,2024-04-01,2024-06-24,115039.08,19199723,714102,47408,First Click,Pausada,11.9,1368965.05,2.43
CAMP-1622,Performance_Moda_2025,Orgânico,Beleza,2025-11-27,2025-12-31,49831.38,11991390,674227,35396,First Click,Pausada,2.08,103649.27,1.41
CAMP-1623,Performance_Beleza_2024_11,Orgânico,Moda,2024-11-17,2025-02-28,12534.15,3611806,76335,7249,Linear,Pausada,1.57,19678.62,1.73
CAMP-1624,Branding_Awareness_2024_01,Email Marketing,Moda,2024-01-07,2024-04-22,13909.63,1354905,53047,1441,First Click,Pausada,2.79,38807.87,9.65
CAMP-1625,Email_Reativacao_2025,Google Ads,Moda,2025-11-18,2025-12-31,76946.5,27483287,1447493,86804,Last Click,Ativa,3.17,243920.4,0.89
CAMP-1626,Performance_Beleza_2025_05,Email Marketing,Beleza,2025-05-27,2025-08-09,90321.46,8098315,423009,25524,Last Click,Finalizada,3.32,299867.25,3.54
CAMP-1627,LTV_Expansion_2025_11,Email Marketing,Beleza,2025-11-15,2025-12-03,50390.01,4066388,230674,19698,First Click,Pausada,4.58,230786.25,2.56
CAMP-1628,Performance_Moda_2024,Google Ads,Acessórios,2024-07-05,2025-12-31,4164.61,511039,4533,356,First Click,Ativa,3.76,15658.93,11.7
CAMP-1629,LTV_Expansion_2025_05,Marketplace,Beleza,2025-05-09,2025-06-26,75699.65,10510270,222399,26646,First Click,Finalizada,2.94,222556.97,2.84
CAMP-1630,Retargeting_Carrinho_2023,Instagram Ads,Beleza,2023-12-24,2024-03-24,35931.14,10435891,286409,15712,First Click,Pausada,6.69,240379.33,2.29
CAMP-1631,Feed_Carousel_2024,Google Ads,Acessórios,2024-04-01,2024-05-12,48727.27,16627497,741906,27815,First Click,Finalizada,3.45,168109.08,1.75
CAMP-1632,Liquidacao_Julho_2023_07,TikTok Ads,Lifestyle,2023-07-11,2025-12-31,91829.64,27613710,281259,13791,First Click,Ativa,3.16,290181.66,6.66
CAMP-1633,Email_Reativacao_2024_06,Orgânico,Geral,2024-06-25,2024-09-26,116513.5,41896538,2137041,85305,First Click,Pausada,3.19,371678.07,1.37
CAMP-1634,Volta_as_Aulas_2024,Influenciador,Geral,2024-08-08,2024-09-19,49451.44,19765744,1145582,40542,Linear,Finalizada,12.2,603307.57,1.22
CAMP-1635,LTV_Expansion_2025_07,TikTok Ads,Geral,2025-07-10,2025-08-02,69860.92,18263267,606327,66848,Linear,Finalizada,2.63,183734.22,1.05
CAMP-1636,Upsell_Platinum_2023_10,Instagram Ads,Lifestyle,2023-10-17,2023-11-14,67728.33,8209992,229545,12348,Last Click,Finalizada,4.85,328482.4,5.48
CAMP-1637,Dia_Das_Maes_2024,Google Ads,Beleza,2024-07-20,2024-11-17,70640.93,22316587,1096604,99507,Linear,Pausada,3.75,264903.49,0.71
CAMP-1638,Liquida_Beleza_2025,Marketplace,Acessórios,2025-09-15,2025-11-18,44785.84,14775586,127699,2982,Last Click,Pausada,1.2,53743.01,15.02
CAMP-1639,Performance_Sempre_Ligada_2023,Email Marketing,Beleza,2023-06-07,2023-09-17,117130.58,31840423,510956,12194,Last Click,Pausada,4.59,537629.36,9.61
CAMP-1640,Performance_Moda_2025,Influenciador,Moda,2025-11-23,2025-12-31,100841.08,31442303,1794806,206805,First Click,Pausada,10.09,1017486.5,0.49
CAMP-1641,Push_Carrinho_2025_10,TikTok Ads,Lifestyle,2025-10-03,2025-10-25,24654.2,8374754,282871,7567,First Click,Pausada,4.56,112423.15,3.26
CAMP-1642,Performance_Sempre_Ligada_2025,Email Marketing,Geral,2025-07-21,2025-10-21,35795.3,11366099,485227,42070,Linear,Finalizada,2.32,83045.1,0.85
CAMP-1643,Influenciador_Verao_2023_09,Orgânico,Beleza,2023-09-06,2023-12-28,3911.43,1480070,88290,5040,Last Click,Pausada,3.49,13650.89,0.78
CAMP-1644,Fidelidade_Clientes_2024,Email Marketing,Geral,2024-03-19,2024-07-09,77954.39,27622209,798820,19561,First Click,Pausada,3.64,283753.98,3.99
CAMP-1645,Performance_Moda_2024_10,Orgânico,Moda,2024-10-14,2024-12-27,68710.14,27004090,430786,40533,Last Click,Finalizada,4.85,333244.18,1.7
CAMP-1646,Performance_Beleza_2024,TikTok Ads,Moda,2024-04-26,2024-07-04,14637.81,1936251,38198,686,Last Click,Finalizada,5.52,80800.71,21.34
CAMP-1647,UGC_Organico_2023,Instagram Ads,Moda,2023-08-16,2023-11-13,8978.3,3564253,93311,3250,First Click,Pausada,5.81,52163.92,2.76
CAMP-1648,Stories_Boost_2025,Instagram Ads,Beleza,2025-06-27,2025-10-18,70976.2,17389428,313975,19013,Last Click,Pausada,2.92,207250.5,3.73
CAMP-1649,Feed_Carousel_2024_08,TikTok Ads,Lifestyle,2024-08-10,2024-08-17,59307.2,5231800,245838,16913,First Click,Finalizada,2.97,176142.38,3.51
CAMP-1650,Dia_Dos_Namorados_2024_06,Instagram Ads,Acessórios,2024-06-03,2024-08-26,94414.03,26583212,1563830,133999,Linear,Pausada,2.45,231314.37,0.7
CAMP-1651,Remarketing_30d_2025,Google Ads,Beleza,2025-10-12,2025-12-31,42330.7,5995187,127704,9776,First Click,Ativa,3.35,141807.85,4.33
CAMP-1652,Performance_Beleza_2025_12,Influenciador,Lifestyle,2025-12-03,2025-12-31,38651.12,13421744,289235,25746,Linear,Pausada,5.8,224176.5,1.5
CAMP-1653,Semana_Consumidor_2024,Orgânico,Moda,2024-01-21,2024-03-28,6259.3,523393,10877,1100,Last Click,Pausada,2.28,14271.2,5.69
CAMP-1654,Feed_Carousel_2024,Instagram Ads,Geral,2024-01-25,2024-05-11,21549.69,7270154,67284,2219,Linear,Pausada,2.8,60339.13,9.71
CAMP-1655,Push_Carrinho_2023_09,Orgânico,Moda,2023-09-12,2023-11-27,82202.23,13907333,814264,74758,First Click,Finalizada,3.16,259759.05,1.1
CAMP-1656,Stories_Boost_2023,Marketplace,Lifestyle,2023-10-23,2023-12-17,83107.49,25511844,478235,15499,First Click,Finalizada,2.67,221897.0,5.36
CAMP-1657,Push_Carrinho_2025_08,Instagram Ads,Beleza,2025-08-10,2025-08-19,91498.04,31927153,1064574,69851,First Click,Pausada,4.41,403506.36,1.31
CAMP-1658,Semana_Consumidor_2023_11,Email Marketing,Beleza,2023-11-23,2025-12-31,83975.12,9207876,475430,47759,First Click,Ativa,4.46,374529.04,1.76
CAMP-1659,Volta_as_Aulas_2025,Instagram Ads,Beleza,2025-03-26,2025-04-14,40367.23,6790440,173850,2638,Linear,Pausada,3.2,129175.14,15.3
CAMP-1660,Cyber_Monday_2025,Instagram Ads,Moda,2025-11-13,2025-12-31,119304.56,40037479,1719860,47266,Last Click,Ativa,5.0,596522.8,2.52
CAMP-1661,Performance_Beleza_2024_08,Orgânico,Moda,2024-08-09,2024-09-20,57733.67,17518222,859757,90265,Linear,Finalizada,4.09,236130.71,0.64
CAMP-1662,Liquidacao_Julho_2024_02,Google Ads,Moda,2024-02-10,2024-02-26,87557.52,23159428,692552,67311,Last Click,Finalizada,3.13,274055.04,1.3
CAMP-1663,Performance_Sempre_Ligada_2024_12,Google Ads,Beleza,2024-12-25,2025-01-01,28004.28,2362301,110910,2007,Last Click,Finalizada,3.13,87653.4,13.95
CAMP-1664,Cyber_Monday_2024,TikTok Ads,Geral,2024-01-07,2024-03-20,6000.56,2262213,24195,871,First Click,Finalizada,4.32,25922.42,6.89
CAMP-1665,UGC_Organico_2023_12,Influenciador,Moda,2023-12-17,2024-01-04,32064.63,2647402,96209,2239,First Click,Finalizada,1.14,36553.68,14.32
CAMP-1666,Lancamento_Colecao_2025,Google Ads,Moda,2025-04-21,2025-12-31,43907.41,3840043,83095,2275,Linear,Ativa,3.76,165091.86,19.3
CAMP-1667,Liquidacao_Julho_2024_04,Marketplace,Geral,2024-04-28,2025-12-31,77982.22,10896871,309536,4782,Last Click,Ativa,1.17,91239.2,16.31
CAMP-1668,Upsell_Platinum_2024_11,Influenciador,Acessórios,2024-11-11,2024-12-22,5452.6,934933,34550,2644,Linear,Pausada,5.28,28789.73,2.06
CAMP-1669,Feed_Carousel_2025_01,Instagram Ads,Moda,2025-01-21,2025-04-29,41873.72,8044993,152780,16423,Last Click,Finalizada,3.65,152839.08,2.55
CAMP-1670,Remarketing_30d_2025,Google Ads,Beleza,2025-11-12,2025-12-31,59300.15,14137944,344607,18889,Last Click,Ativa,3.41,202213.51,3.14
CAMP-1671,Volta_as_Aulas_2024_09,TikTok Ads,Beleza,2024-09-14,2025-12-31,1456.1,325658,13449,1255,First Click,Ativa,1.6,2329.76,1.16
CAMP-1672,Performance_Moda_2024_09,Influenciador,Moda,2024-09-12,2025-12-31,45060.17,6474934,53270,3118,Last Click,Ativa,14.29,643909.83,14.45
CAMP-1673,Semana_Consumidor_2024_07,Marketplace,Moda,2024-07-02,2024-09-03,44935.68,6172260,146378,4832,Last Click,Pausada,2.77,124471.83,9.3
CAMP-1674,Influenciador_Verao_2024_12,Instagram Ads,Acessórios,2024-12-24,2025-01-12,83388.71,33022302,1067016,17056,Linear,Finalizada,4.86,405269.13,4.89
CAMP-1675,Push_Carrinho_2025_10,Instagram Ads,Geral,2025-10-18,2025-12-31,101743.97,21313025,408571,18921,Last Click,Finalizada,3.18,323545.82,5.38
CAMP-1676,Cyber_Monday_2024,Orgânico,Geral,2024-05-21,2024-07-25,65723.25,5403304,236159,3639,Linear,Finalizada,4.98,327301.79,18.06
CAMP-1677,Fidelidade_Clientes_2025,Marketplace,Acessórios,2025-02-18,2025-06-14,96724.14,10841200,191365,2451,First Click,Pausada,1.97,190546.56,39.46
CAMP-1678,Push_Carrinho_2025,TikTok Ads,Beleza,2025-12-20,2025-12-31,25397.93,10145286,294754,11347,Last Click,Pausada,7.49,190230.5,2.24
CAMP-1679,Cyber_Monday_2024_08,Google Ads,Beleza,2024-08-13,2024-11-03,31142.82,6869319,383027,30034,Last Click,Pausada,3.72,115851.29,1.04
CAMP-1680,Remarketing_30d_2023,Orgânico,Beleza,2023-03-08,2023-03-17,30313.19,12043554,137217,10682,Last Click,Pausada,1.7,51532.42,2.84
CAMP-1681,Retargeting_Carrinho_2023,Influenciador,Beleza,2023-05-16,2023-08-08,106757.07,8851195,380413,17671,Last Click,Pausada,5.26,561542.19,6.04
CAMP-1682,Influenciador_Verao_2023_07,Orgânico,Lifestyle,2023-07-02,2023-09-03,52482.82,15782233,636993,20505,Linear,Finalizada,1.12,58780.76,2.56
CAMP-1683,Lancamento_Colecao_2024,TikTok Ads,Acessórios,2024-04-07,2024-05-07,119148.85,37163244,588237,14182,First Click,Finalizada,2.92,347914.64,8.4
CAMP-1684,Volta_as_Aulas_2025,Marketplace,Geral,2025-01-13,2025-02-27,3587.6,1208481,9884,706,Last Click,Finalizada,4.19,15032.04,5.08
CAMP-1685,Branding_Awareness_2023,Email Marketing,Lifestyle,2023-10-17,2023-11-10,10360.76,3561089,147059,14267,Last Click,Finalizada,1.53,15851.96,0.73
CAMP-1686,Lookalike_Gold_2025_11,Influenciador,Moda,2025-11-28,2025-12-31,60859.48,13204610,394195,20039,First Click,Finalizada,13.93,847772.56,3.04
CAMP-1687,Liquidacao_Julho_2023_12,Instagram Ads,Moda,2023-12-13,2024-02-23,76188.27,25449571,1452649,155628,Last Click,Finalizada,5.64,429701.84,0.49
CAMP-1688,Fidelidade_Clientes_2024_06,Email Marketing,Acessórios,2024-06-20,2024-09-10,12717.57,4783074,282243,24523,Linear,Pausada,3.99,50743.1,0.52
CAMP-1689,Semana_Consumidor_2025,Orgânico,Lifestyle,2025-02-09,2025-05-17,4318.93,1368365,74185,7383,Linear,Finalizada,3.39,14641.17,0.58
CAMP-1690,Push_Carrinho_2024,Google Ads,Beleza,2024-07-10,2024-08-02,117048.09,18999617,528423,12884,Linear,Pausada,3.59,420202.64,9.08
CAMP-1691,Stories_Boost_2025,TikTok Ads,Moda,2025-02-11,2025-04-30,27511.82,2344303,104063,3129,First Click,Finalizada,6.04,166171.39,8.79
CAMP-1692,Stories_Boost_2025_09,Google Ads,Beleza,2025-09-23,2025-12-02,20880.47,7613879,313103,14875,Last Click,Finalizada,3.5,73081.65,1.4
CAMP-1693,CAC_Reducao_2025_09,Instagram Ads,Geral,2025-09-05,2025-09-28,54140.1,15470382,645802,10564,Last Click,Pausada,3.45,186783.35,5.12
CAMP-1694,Push_Carrinho_2024_12,Email Marketing,Moda,2024-12-03,2025-01-04,69149.04,13720892,328056,30258,Last Click,Finalizada,4.89,338138.81,2.29
CAMP-1695,Performance_Sempre_Ligada_2025,Marketplace,Moda,2025-06-17,2025-08-19,68170.81,22835143,411614,34826,Last Click,Finalizada,4.43,301996.69,1.96
CAMP-1696,LTV_Expansion_2024,Google Ads,Beleza,2024-02-02,2024-02-16,50178.26,10183233,151579,3165,Last Click,Pausada,3.32,166591.82,15.85
CAMP-1697,Liquida_Beleza_2024,Orgânico,Geral,2024-05-11,2024-07-23,38832.35,12446332,331578,21316,Last Click,Finalizada,2.02,78441.35,1.82
CAMP-1698,Volta_as_Aulas_2023,Influenciador,Moda,2023-01-13,2023-03-04,97041.12,34339703,794649,12971,Last Click,Finalizada,5.62,545371.09,7.48
CAMP-1699,Liquidacao_Julho_2023,Instagram Ads,Beleza,2023-05-28,2023-06-12,111967.81,9134361,453860,46135,Last Click,Finalizada,6.56,734508.83,2.43
CAMP-1700,Remarketing_30d_2023_06,Instagram Ads,Geral,2023-06-27,2023-07-09,54425.71,21044575,615067,9234,First Click,Pausada,6.68,363563.74,5.89
CAMP-1701,Feed_Carousel_2025_07,Google Ads,Geral,2025-07-02,2025-10-19,87812.38,22214631,1027781,35527,Linear,Finalizada,3.87,339833.91,2.47
CAMP-1702,CAC_Reducao_2024,Instagram Ads,Beleza,2024-11-19,2025-12-31,92464.93,26273948,1335530,83229,Linear,Ativa,6.6,610268.54,1.11
CAMP-1703,Lancamento_Colecao_2024_06,Marketplace,Beleza,2024-06-05,2024-06-26,43636.91,12000400,424629,18204,Last Click,Pausada,1.82,79419.18,2.4
CAMP-1704,Push_Carrinho_2024_09,TikTok Ads,Acessórios,2024-09-01,2024-11-10,68849.85,20419886,1106555,82208,Linear,Pausada,1.79,123241.23,0.84
CAMP-1705,Influenciador_Inverno_2023_12,Marketplace,Moda,2023-12-20,2024-01-14,96211.41,37543905,991018,67735,Last Click,Pausada,2.33,224172.59,1.42
CAMP-1706,Lancamento_Colecao_2024_04,Email Marketing,Moda,2024-04-28,2024-05-10,11745.01,3736235,159086,9835,Last Click,Pausada,2.45,28775.27,1.19
CAMP-1707,Remarketing_30d_2023_09,Instagram Ads,Lifestyle,2023-09-14,2023-12-17,24335.7,5847267,276224,6686,Last Click,Pausada,5.21,126789.0,3.64
CAMP-1708,Volta_as_Aulas_2024_02,Orgânico,Geral,2024-02-19,2024-03-28,20364.17,7438625,71549,5774,Last Click,Pausada,3.87,78809.34,3.53
CAMP-1709,UGC_Organico_2024,Google Ads,Acessórios,2024-08-10,2024-09-12,101946.92,22622513,1004197,52453,Linear,Pausada,3.21,327249.61,1.94
CAMP-1710,Dia_Dos_Namorados_2024,Orgânico,Moda,2024-02-26,2024-06-14,56354.94,13536956,315882,8255,Linear,Pausada,4.29,241762.69,6.83
CAMP-1711,Parceria_Creator_2025,Influenciador,Acessórios,2025-09-19,2025-11-18,28420.87,6458751,100171,8205,Linear,Pausada,7.79,221398.58,3.46
CAMP-1712,CAC_Reducao_2023_04,Instagram Ads,Beleza,2023-04-16,2023-07-05,4502.21,1530825,72976,4168,Linear,Pausada,6.0,27013.26,1.08
CAMP-1713,Dia_Das_Maes_2023,Orgânico,Acessórios,2023-11-18,2024-01-23,69794.81,21290587,248488,24107,Linear,Finalizada,2.26,157736.27,2.9
CAMP-1714,Parceria_Creator_2025,Email Marketing,Moda,2025-09-20,2025-12-31,89923.85,20510375,234804,17410,Linear,Finalizada,1.23,110606.34,5.17
CAMP-1715,Black_Friday_Main_2025,Influenciador,Lifestyle,2025-10-25,2025-12-20,48717.45,12470546,427583,30167,First Click,Pausada,8.11,395098.52,1.61
CAMP-1716,Dia_Das_Maes_2024_02,Instagram Ads,Acessórios,2024-02-05,2024-04-03,21812.72,8275949,404613,30867,Linear,Pausada,5.69,124114.38,0.71
CAMP-1717,Performance_Sempre_Ligada_2023_03,TikTok Ads,Geral,2023-03-19,2023-06-03,101710.68,33658520,441302,41646,Last Click,Finalizada,5.72,581785.09,2.44
CAMP-1718,UGC_Organico_2024_12,Instagram Ads,Acessórios,2024-12-25,2025-03-18,104794.54,9962198,383336,13086,Last Click,Pausada,4.77,499869.96,8.01
CAMP-1719,Branding_Awareness_2023_04,Email Marketing,Geral,2023-04-09,2023-06-20,79430.08,21794900,689030,10393,Last Click,Finalizada,2.68,212872.61,7.64
CAMP-1720,Lancamento_Colecao_2025_07,Marketplace,Geral,2025-07-28,2025-11-05,119585.94,16876309,445944,26341,First Click,Pausada,1.94,231996.72,4.54
CAMP-1721,Performance_Moda_2025,TikTok Ads,Beleza,2025-04-04,2025-05-24,81825.2,26645734,822790,90142,Last Click,Pausada,2.11,172651.17,0.91
CAMP-1722,Retargeting_Carrinho_2025,Email Marketing,Geral,2025-12-08,2025-12-31,31756.22,5702702,336781,23276,Last Click,Finalizada,2.25,71451.49,1.36
CAMP-1723,Feed_Carousel_2025,Marketplace,Moda,2025-12-04,2025-12-31,102129.65,14656082,525555,30921,Linear,Finalizada,2.57,262473.2,3.3
CAMP-1724,Semana_Consumidor_2025_01,Email Marketing,Moda,2025-01-19,2025-05-18,74225.64,18710249,999743,25627,Linear,Finalizada,4.22,313232.2,2.9
CAMP-1725,Liquidacao_Julho_2024_09,Influenciador,Lifestyle,2024-09-10,2024-11-16,3163.82,1023845,20537,1949,First Click,Finalizada,14.33,45337.54,1.62
CAMP-1726,Lancamento_Colecao_2023,Instagram Ads,Acessórios,2023-03-20,2023-04-23,60822.62,8920247,126572,9372,First Click,Finalizada,5.53,336349.09,6.49
CAMP-1727,Lookalike_Gold_2025,Email Marketing,Beleza,2025-08-08,2025-12-31,47341.64,12264291,571982,50433,Linear,Ativa,1.35,63911.21,0.94
CAMP-1728,Stories_Boost_2025,Influenciador,Lifestyle,2025-03-27,2025-04-25,11038.33,3901516,180609,3176,First Click,Finalizada,4.19,46250.6,3.48
CAMP-1729,Dia_Dos_Namorados_2024_01,Email Marketing,Acessórios,2024-01-15,2024-02-29,95406.16,33477915,1502120,79259,Linear,Finalizada,3.97,378762.46,1.2
CAMP-1730,Dia_Das_Maes_2024,Influenciador,Geral,2024-11-03,2025-01-11,88938.7,33393951,1325989,75205,First Click,Finalizada,0.69,61367.7,1.18
CAMP-1731,Semana_Consumidor_2025_11,Google Ads,Moda,2025-11-04,2025-12-31,77534.55,29594427,1608294,33576,Linear,Pausada,3.84,297732.67,2.31
CAMP-1732,Remarketing_30d_2025,Marketplace,Acessórios,2025-01-23,2025-05-14,83340.58,28292095,649747,59096,First Click,Pausada,3.88,323361.45,1.41
CAMP-1733,Performance_Sempre_Ligada_2024_11,Email Marketing,Acessórios,2024-11-21,2024-12-23,97466.55,21045051,1101551,53168,Linear,Pausada,3.3,321639.61,1.83
CAMP-1734,Liquidacao_Julho_2025,Email Marketing,Acessórios,2025-03-04,2025-04-04,45377.97,10305223,403848,20810,First Click,Finalizada,4.81,218268.04,2.18
CAMP-1735,Natal_Presentes_2025_07,Google Ads,Lifestyle,2025-07-08,2025-10-26,16304.39,5734082,84040,7127,Linear,Pausada,3.61,58858.85,2.29
CAMP-1736,Lancamento_Colecao_2023,Instagram Ads,Moda,2023-12-15,2024-03-01,106954.17,25265899,1013017,11929,Last Click,Pausada,5.07,542257.64,8.97
CAMP-1737,Upsell_Platinum_2024_07,Google Ads,Lifestyle,2024-07-04,2024-07-14,25512.39,8383282,219843,13272,Last Click,Pausada,3.36,85721.63,1.92
CAMP-1738,Performance_Moda_2023_02,Google Ads,Acessórios,2023-02-18,2023-04-28,45677.28,4625966,177622,16438,Linear,Pausada,3.38,154389.21,2.78
CAMP-1739,Branding_Awareness_2024,Orgânico,Lifestyle,2024-10-25,2024-11-24,82300.03,16476573,886464,88033,Linear,Finalizada,1.11,91353.03,0.93
CAMP-1740,LTV_Expansion_2023_12,Influenciador,Moda,2023-12-26,2024-01-10,99842.87,32965571,728423,30404,Last Click,Pausada,8.47,845669.11,3.28
CAMP-1741,Stories_Boost_2025,Google Ads,Beleza,2025-09-08,2025-10-23,90652.39,35004936,400366,44747,First Click,Finalizada,3.74,339039.94,2.03
CAMP-1742,Lookalike_Gold_2024,Influenciador,Acessórios,2024-10-27,2024-12-18,13911.91,4214450,162655,11037,First Click,Pausada,5.09,70811.62,1.26
CAMP-1743,Remarketing_30d_2024_01,Google Ads,Moda,2024-01-19,2024-02-26,59566.54,13065500,168903,5299,First Click,Finalizada,3.37,200739.24,11.24
CAMP-1744,Liquidacao_Julho_2025,Instagram Ads,Moda,2025-12-18,2025-12-31,37579.98,10008866,248998,28190,Last Click,Pausada,4.41,165727.71,1.33
CAMP-1745,Influenciador_Inverno_2023,Google Ads,Moda,2023-08-26,2023-11-11,11858.67,3283009,95470,6462,Last Click,Finalizada,3.33,39489.37,1.84
CAMP-1746,Retargeting_Carrinho_2024_11,TikTok Ads,Moda,2024-11-18,2024-11-25,103674.24,35563354,1498653,55274,Last Click,Pausada,3.92,406403.02,1.88
CAMP-1747,TikTok_Viral_2023_07,Google Ads,Beleza,2023-07-02,2025-12-31,23589.47,3283801,112025,11893,Linear,Ativa,3.94,92942.51,1.98
CAMP-1748,Natal_Presentes_2023,Instagram Ads,Lifestyle,2023-03-10,2023-03-29,94633.71,8397674,245720,3448,Linear,Finalizada,3.6,340681.36,27.45
CAMP-1749,Branding_Awareness_2023,Email Marketing,Beleza,2023-02-28,2023-04-07,101886.78,25082301,368551,38261,First Click,Pausada,4.96,505358.43,2.66
CAMP-1750,CAC_Reducao_2023_03,TikTok Ads,Geral,2023-03-22,2023-05-15,16952.61,1505561,87271,7968,First Click,Finalizada,1.99,33735.69,2.13
CAMP-1751,Black_Friday_Main_2024,Influenciador,Geral,2024-04-08,2024-05-09,77080.73,15135379,528000,60767,Linear,Pausada,2.8,215826.04,1.27
CAMP-1752,Liquidacao_Julho_2024_07,Email Marketing,Lifestyle,2024-07-22,2024-08-14,36652.66,8803644,207034,20384,First Click,Pausada,4.17,152841.59,1.8
CAMP-1753,Performance_Beleza_2025,Influenciador,Geral,2025-07-14,2025-08-12,87615.96,23364534,620180,36031,First Click,Pausada,7.37,645729.63,2.43
CAMP-1754,Volta_as_Aulas_2025_11,Influenciador,Geral,2025-11-21,2025-12-31,99679.22,19336536,994122,20014,Last Click,Finalizada,14.74,1469271.7,4.98
CAMP-1755,Liquidacao_Julho_2025_02,Influenciador,Lifestyle,2025-02-09,2025-04-06,44493.89,7066174,291537,4858,Last Click,Pausada,4.85,215795.37,9.16
CAMP-1756,Volta_as_Aulas_2023_04,Marketplace,Lifestyle,2023-04-13,2023-07-18,19278.62,6959778,337045,38553,Last Click,Finalizada,2.74,52823.42,0.5
CAMP-1757,Cyber_Monday_2024,Orgânico,Beleza,2024-04-18,2024-07-22,15448.36,4368995,208948,14764,First Click,Finalizada,1.62,25026.34,1.05
CAMP-1758,Black_Friday_Main_2024,Orgânico,Acessórios,2024-10-05,2024-11-24,9999.19,2850820,150800,13083,Linear,Finalizada,3.98,39796.78,0.76
CAMP-1759,Volta_as_Aulas_2024_04,Google Ads,Lifestyle,2024-04-22,2024-07-08,60125.31,13067219,558954,7196,First Click,Finalizada,3.73,224267.41,8.36
CAMP-1760,Volta_as_Aulas_2024,Influenciador,Geral,2024-10-21,2025-01-13,49950.61,9662200,190146,21695,Linear,Pausada,13.51,674832.74,2.3
CAMP-1761,Liquida_Beleza_2025,Orgânico,Beleza,2025-08-03,2025-12-31,2969.95,1003988,32777,1696,First Click,Ativa,4.1,12176.79,1.75
CAMP-1762,Influenciador_Verao_2025,Instagram Ads,Lifestyle,2025-10-14,2025-12-30,66800.65,8335394,383924,28073,Last Click,Pausada,6.9,460924.48,2.38
CAMP-1763,Liquida_Beleza_2025_05,TikTok Ads,Beleza,2025-05-26,2025-07-22,38933.1,6577777,101927,7501,Linear,Pausada,4.03,156900.39,5.19
CAMP-1764,Performance_Sempre_Ligada_2024_04,Influenciador,Lifestyle,2024-04-27,2024-05-17,16815.62,6353601,335151,25052,Linear,Finalizada,3.62,60872.54,0.67
CAMP-1765,Parceria_Creator_2025,Influenciador,Geral,2025-02-22,2025-12-31,77115.33,23505144,656496,27661,Linear,Ativa,6.44,496622.73,2.79
CAMP-1766,Performance_Sempre_Ligada_2025_09,Instagram Ads,Acessórios,2025-09-08,2025-10-13,4136.81,1596388,21689,1051,Linear,Pausada,2.57,10631.6,3.94
CAMP-1767,Liquidacao_Julho_2025_05,Google Ads,Geral,2025-05-24,2025-09-05,23523.55,3625440,212259,7152,Linear,Pausada,3.83,90095.2,3.29
CAMP-1768,Retargeting_Carrinho_2025,TikTok Ads,Beleza,2025-05-18,2025-06-30,99097.85,25226199,1108703,21893,Last Click,Pausada,7.12,705576.69,4.53
CAMP-1769,Retargeting_Carrinho_2023_02,Email Marketing,Beleza,2023-02-09,2023-02-27,48174.71,18889412,719191,63390,First Click,Pausada,4.09,197034.56,0.76
CAMP-1770,Retargeting_Carrinho_2025,TikTok Ads,Lifestyle,2025-03-02,2025-05-19,102415.25,38535322,1118230,78133,Linear,Finalizada,7.2,737389.8,1.31
CAMP-1771,Influenciador_Inverno_2024,Instagram Ads,Beleza,2024-03-04,2024-06-17,31086.47,11393252,644810,27894,First Click,Pausada,6.98,216983.56,1.11
CAMP-1772,Branding_Awareness_2023_07,Influenciador,Beleza,2023-07-02,2023-09-19,58382.48,22217315,861304,28074,Last Click,Pausada,1.66,96914.92,2.08
CAMP-1773,LTV_Expansion_2024,Instagram Ads,Moda,2024-02-07,2024-05-24,70039.42,12538447,652939,7694,First Click,Pausada,4.32,302570.29,9.1
CAMP-1774,Upsell_Platinum_2025_11,Google Ads,Geral,2025-11-03,2025-11-25,100877.85,22899322,935758,41999,Linear,Pausada,3.7,373248.05,2.4
CAMP-1775,Performance_Moda_2024,Google Ads,Acessórios,2024-09-12,2024-10-26,22665.17,2333588,85907,9968,Linear,Finalizada,3.5,79328.1,2.27
CAMP-1776,Dia_Das_Maes_2023,Instagram Ads,Acessórios,2023-10-10,2024-01-07,14452.65,2469478,25904,2282,First Click,Pausada,3.09,44658.69,6.33
CAMP-1777,Performance_Moda_2025,Marketplace,Geral,2025-07-22,2025-08-06,65834.53,22418474,572366,68579,Last Click,Finalizada,2.99,196845.24,0.96
CAMP-1778,Email_Reativacao_2023,Instagram Ads,Moda,2023-11-12,2024-02-19,112121.62,25708848,931323,81515,Last Click,Pausada,6.57,736639.04,1.38
CAMP-1779,Dia_Das_Maes_2025_05,Marketplace,Acessórios,2025-05-17,2025-08-08,117743.17,10573355,142848,16991,Last Click,Pausada,2.73,321438.85,6.93
CAMP-1780,Volta_as_Aulas_2023,Orgânico,Acessórios,2023-06-12,2023-07-26,102238.19,14206410,585075,11412,Linear,Pausada,1.53,156424.43,8.96
CAMP-1781,Influenciador_Verao_2024_01,Influenciador,Acessórios,2024-01-09,2024-01-17,2902.13,271949,6334,759,First Click,Finalizada,12.66,36740.97,3.82
CAMP-1782,Performance_Moda_2025,TikTok Ads,Acessórios,2025-11-14,2025-12-24,94536.9,23050404,1116965,23776,Last Click,Pausada,7.87,744005.4,3.98
CAMP-1783,Stories_Boost_2025,Marketplace,Geral,2025-01-22,2025-05-11,58406.2,14695908,123457,6770,Last Click,Pausada,1.45,84688.99,8.63
CAMP-1784,Email_Reativacao_2023_04,TikTok Ads,Beleza,2023-04-05,2023-05-05,66816.75,11415689,409533,25315,Linear,Pausada,2.75,183746.06,2.64
CAMP-1785,Influenciador_Verao_2024,Email Marketing,Geral,2024-01-01,2024-01-12,54394.06,18320507,363936,39264,Last Click,Finalizada,4.74,257827.84,1.39
CAMP-1786,Upsell_Platinum_2024,Orgânico,Moda,2024-04-11,2024-06-13,19934.89,5697413,220982,24659,First Click,Pausada,2.75,54820.95,0.81
CAMP-1787,Influenciador_Verao_2024_09,Orgânico,Lifestyle,2024-09-02,2024-11-07,3699.44,1392924,12388,223,Linear,Pausada,3.49,12911.05,16.59
CAMP-1788,Fidelidade_Clientes_2024,Influenciador,Beleza,2024-02-20,2024-06-03,94439.87,22984053,1267163,142279,Last Click,Pausada,8.56,808405.29,0.66
CAMP-1789,Dia_Dos_Namorados_2025,Influenciador,Beleza,2025-01-06,2025-12-31,61290.74,15797625,627681,7835,Linear,Ativa,7.72,473164.51,7.82
CAMP-1790,Lancamento_Colecao_2025_04,Orgânico,Moda,2025-04-15,2025-07-29,80182.6,8912376,453133,35463,First Click,Pausada,2.0,160365.2,2.26
CAMP-1791,Feed_Carousel_2025,TikTok Ads,Acessórios,2025-10-01,2025-11-19,114947.03,42851023,2090310,157106,Last Click,Finalizada,1.64,188513.13,0.73
CAMP-1792,Performance_Sempre_Ligada_2025_01,Google Ads,Geral,2025-01-27,2025-03-30,82798.56,16143363,257773,19810,Linear,Pausada,3.38,279859.13,4.18
CAMP-1793,Retargeting_Carrinho_2024,Instagram Ads,Acessórios,2024-07-15,2024-09-17,44676.31,16350527,201368,9065,Last Click,Finalizada,6.63,296203.94,4.93
CAMP-1794,Parceria_Creator_2023_05,Orgânico,Geral,2023-05-19,2023-06-02,43054.18,12193195,422195,13252,Linear,Pausada,3.46,148967.46,3.25
CAMP-1795,Performance_Beleza_2024_05,Email Marketing,Acessórios,2024-05-10,2024-09-01,103189.82,14210477,706840,70171,Linear,Finalizada,1.74,179550.29,1.47
CAMP-1796,Cyber_Monday_2023,Google Ads,Lifestyle,2023-04-10,2023-07-24,33014.02,7441298,108293,2400,Last Click,Pausada,3.94,130075.24,13.76
CAMP-1797,Liquida_Beleza_2024,Email Marketing,Moda,2024-09-11,2024-10-24,46223.89,16035568,597824,30889,First Click,Pausada,2.48,114635.25,1.5
CAMP-1798,Remarketing_30d_2023_11,Google Ads,Beleza,2023-11-05,2023-12-25,43188.59,16320691,850517,38645,Last Click,Finalizada,3.14,135612.17,1.12
CAMP-1799,Liquida_Beleza_2024,Google Ads,Moda,2024-01-27,2025-12-31,52322.99,7263619,391151,30469,Last Click,Ativa,3.1,162201.27,1.72
CAMP-1800,Liquida_Beleza_2023,Google Ads,Geral,2023-03-01,2023-04-29,65080.58,21223529,1168757,57865,Last Click,Finalizada,3.9,253814.26,1.12
CAMP-1801,Branding_Awareness_2024,Email Marketing,Beleza,2024-01-13,2024-02-05,90232.61,35260780,504148,17831,Last Click,Finalizada,2.21,199414.07,5.06
CAMP-1802,Cyber_Monday_2023,Instagram Ads,Beleza,2023-01-14,2025-12-31,70287.63,8012630,163831,6026,Last Click,Ativa,4.45,312779.95,11.66
CAMP-1803,Performance_Beleza_2023_01,Instagram Ads,Geral,2023-01-02,2023-02-01,51748.37,10379197,182452,8658,Last Click,Finalizada,3.4,175944.46,5.98
CAMP-1804,Semana_Consumidor_2025,Instagram Ads,Geral,2025-06-12,2025-07-28,87305.87,23170757,934378,101694,Last Click,Pausada,5.97,521216.04,0.86
CAMP-1805,Semana_Consumidor_2023_12,Orgânico,Beleza,2023-12-08,2025-12-31,46331.48,13010244,418989,40223,Last Click,Ativa,2.33,107952.35,1.15
CAMP-1806,Retargeting_Carrinho_2023,Marketplace,Lifestyle,2023-08-01,2023-08-23,113408.71,21874045,945818,82213,Last Click,Finalizada,3.68,417344.05,1.38
CAMP-1807,Remarketing_30d_2025,Marketplace,Acessórios,2025-07-11,2025-12-31,21380.06,4932338,269351,15080,Linear,Ativa,3.3,70554.2,1.42
CAMP-1808,Performance_Beleza_2024_09,Instagram Ads,Lifestyle,2024-09-02,2024-09-18,18874.38,2995176,129118,6841,First Click,Pausada,6.64,125325.88,2.76
CAMP-1809,Influenciador_Inverno_2025,Marketplace,Acessórios,2025-07-07,2025-07-31,23971.02,5647912,203527,15149,Linear,Pausada,2.51,60167.26,1.58
CAMP-1810,Stories_Boost_2025,Email Marketing,Lifestyle,2025-09-12,2025-11-21,10158.54,3562163,140798,4390,Last Click,Pausada,1.98,20113.91,2.31
CAMP-1811,Performance_Moda_2025_09,TikTok Ads,Beleza,2025-09-19,2025-10-15,84424.07,8730112,134849,7835,Last Click,Pausada,4.76,401858.57,10.78
CAMP-1812,UGC_Organico_2023,Marketplace,Geral,2023-03-16,2023-05-30,12573.12,3657715,67626,5757,Last Click,Finalizada,1.29,16219.32,2.18
CAMP-1813,Liquidacao_Julho_2023,Google Ads,Geral,2023-01-04,2025-12-31,33119.95,11878649,598153,58870,First Click,Ativa,3.39,112276.63,0.56
CAMP-1814,Fidelidade_Clientes_2023_06,Marketplace,Acessórios,2023-06-03,2023-08-11,119212.1,21588745,560490,64930,Last Click,Pausada,4.8,572218.08,1.84
CAMP-1815,Remarketing_30d_2024,Orgânico,Acessórios,2024-07-20,2024-09-17,63566.39,15485978,597935,16486,Linear,Finalizada,3.31,210404.75,3.86
CAMP-1816,Upsell_Platinum_2023,Influenciador,Moda,2023-05-14,2023-06-30,115037.15,30502126,1783646,100006,First Click,Pausada,5.34,614298.38,1.15
CAMP-1817,UGC_Organico_2024_03,Google Ads,Moda,2024-03-25,2024-05-24,21682.91,8289170,385149,33599,Last Click,Finalizada,3.78,81961.4,0.65
CAMP-1818,Semana_Consumidor_2023_02,Orgânico,Lifestyle,2023-02-05,2023-03-22,104267.45,30254015,1659547,50558,Last Click,Finalizada,4.57,476502.25,2.06
CAMP-1819,Black_Friday_Main_2024,Email Marketing,Moda,2024-06-16,2024-08-21,44954.92,16025802,370964,30455,Linear,Pausada,1.92,86313.45,1.48
CAMP-1820,Upsell_Platinum_2023_05,Email Marketing,Beleza,2023-05-15,2023-09-06,92945.72,13178003,547488,58521,Linear,Pausada,3.27,303932.5,1.59
CAMP-1821,Remarketing_30d_2023_12,Influenciador,Lifestyle,2023-12-13,2024-03-27,1607.74,230038,9378,785,Linear,Finalizada,14.7,23633.78,2.05
CAMP-1822,Semana_Consumidor_2023_02,Marketplace,Beleza,2023-02-03,2023-06-03,3442.58,1321012,13934,1500,Last Click,Pausada,3.01,10362.17,2.3
CAMP-1823,Liquida_Beleza_2024_09,Google Ads,Acessórios,2024-09-07,2024-12-19,50858.58,11414437,433353,5427,Linear,Pausada,3.94,200382.81,9.37
CAMP-1824,LTV_Expansion_2024_08,Email Marketing,Geral,2024-08-24,2024-09-10,45866.63,16171785,667667,25272,Linear,Pausada,2.74,125674.57,1.81
CAMP-1825,Upsell_Platinum_2025_06,Google Ads,Moda,2025-06-14,2025-09-20,13824.21,1936704,41834,2119,First Click,Pausada,3.56,49214.19,6.52
CAMP-1826,TikTok_Viral_2025_01,Influenciador,Moda,2025-01-03,2025-12-31,39949.92,8200976,268254,25907,Linear,Ativa,13.47,538125.42,1.54
CAMP-1827,Dia_Dos_Namorados_2023,Instagram Ads,Geral,2023-04-17,2023-07-06,34443.78,9788176,109481,1834,Linear,Pausada,4.03,138808.43,18.78
CAMP-1828,Branding_Awareness_2025,Influenciador,Moda,2025-04-27,2025-07-09,33077.97,9481217,311175,18791,Linear,Pausada,3.36,111141.98,1.76
CAMP-1829,Upsell_Platinum_2023,Orgânico,Moda,2023-07-17,2023-09-10,53795.97,12688244,639657,45019,First Click,Finalizada,3.43,184520.18,1.19
CAMP-1830,Liquidacao_Julho_2024_10,Marketplace,Moda,2024-10-17,2025-01-14,58151.19,6565608,84415,4240,Linear,Pausada,4.92,286103.85,13.71
CAMP-1831,Liquidacao_Julho_2023,Marketplace,Moda,2023-10-19,2024-02-09,52737.18,13992523,630586,20315,First Click,Finalizada,1.26,66448.85,2.6
CAMP-1832,Influenciador_Inverno_2023,Orgânico,Lifestyle,2023-06-18,2023-07-19,42913.14,10836337,418057,23585,First Click,Finalizada,3.18,136463.79,1.82
CAMP-1833,TikTok_Viral_2023_10,Influenciador,Beleza,2023-10-21,2024-02-02,34018.18,6944022,293675,5981,Linear,Pausada,7.49,254796.17,5.69
CAMP-1834,Performance_Sempre_Ligada_2025_06,Instagram Ads,Moda,2025-06-18,2025-08-18,65856.75,18013187,338952,33768,Linear,Finalizada,2.76,181764.63,1.95
CAMP-1835,Remarketing_30d_2023_08,Influenciador,Beleza,2023-08-06,2023-10-01,71184.73,24171350,472377,21177,First Click,Finalizada,11.21,797980.82,3.36
CAMP-1836,Performance_Sempre_Ligada_2023_09,Google Ads,Lifestyle,2023-09-12,2023-11-12,116200.04,9460288,343476,34347,Linear,Pausada,3.54,411348.14,3.38
CAMP-1837,Lancamento_Colecao_2025,Marketplace,Beleza,2025-01-21,2025-05-14,66757.27,20615170,343854,21737,First Click,Pausada,4.68,312424.02,3.07
CAMP-1838,Branding_Awareness_2024_03,Instagram Ads,Geral,2024-03-11,2025-12-31,87952.03,25399792,1420360,45204,First Click,Ativa,2.04,179422.14,1.95
CAMP-1839,Stories_Boost_2023,Google Ads,Moda,2023-03-23,2023-04-17,35565.35,6148735,118446,10015,Linear,Pausada,3.66,130169.18,3.55
CAMP-1840,TikTok_Viral_2024,Orgânico,Acessórios,2024-02-25,2024-06-11,112174.13,33306050,1275399,79356,Last Click,Finalizada,3.44,385879.01,1.41
CAMP-1841,TikTok_Viral_2024,TikTok Ads,Acessórios,2024-08-14,2024-11-06,62977.02,9764535,224132,8799,First Click,Finalizada,3.88,244350.84,7.16
CAMP-1842,UGC_Organico_2023_11,TikTok Ads,Lifestyle,2023-11-13,2024-01-05,93683.69,26205741,1514004,45500,Last Click,Pausada,1.99,186430.54,2.06
CAMP-1843,Fidelidade_Clientes_2025,Google Ads,Geral,2025-01-15,2025-12-31,83254.88,19401470,400617,6212,Linear,Ativa,3.79,315536.0,13.4
CAMP-1844,Influenciador_Inverno_2024_01,Instagram Ads,Moda,2024-01-24,2024-02-05,47756.46,16486356,261677,2873,Linear,Pausada,4.01,191503.4,16.62
CAMP-1845,TikTok_Viral_2025_05,Email Marketing,Beleza,2025-05-28,2025-07-17,103649.34,38757020,719796,32427,Last Click,Finalizada,1.83,189678.29,3.2
CAMP-1846,Performance_Moda_2023_02,Instagram Ads,Geral,2023-02-10,2023-04-18,98220.61,19939692,1165585,102800,Last Click,Pausada,3.94,386989.2,0.96
CAMP-1847,Influenciador_Inverno_2023,Orgânico,Beleza,2023-01-07,2025-12-31,119390.76,28457224,432916,35635,First Click,Ativa,4.11,490696.02,3.35
CAMP-1848,TikTok_Viral_2025_06,Influenciador,Acessórios,2025-06-09,2025-08-30,118622.45,28395746,416959,4289,Linear,Pausada,13.27,1574119.91,27.66
CAMP-1849,Feed_Carousel_2023,Orgânico,Beleza,2023-09-13,2023-10-01,80051.46,16061276,143079,2784,First Click,Finalizada,2.35,188120.93,28.75
CAMP-1850,CAC_Reducao_2024_02,TikTok Ads,Beleza,2024-02-13,2024-03-16,105517.17,31944656,584704,20927,First Click,Pausada,5.76,607778.9,5.04
CAMP-1851,UGC_Organico_2025_04,Marketplace,Geral,2025-04-26,2025-12-31,108867.53,10690422,106489,1678,Linear,Ativa,1.94,211203.01,64.88
CAMP-1852,Retargeting_Carrinho_2023_12,Marketplace,Geral,2023-12-01,2024-01-16,20984.12,6001103,343950,16148,Linear,Pausada,2.34,49102.84,1.3
CAMP-1853,Feed_Carousel_2025,TikTok Ads,Beleza,2025-11-02,2025-12-08,110830.8,33915186,1388303,77588,First Click,Pausada,4.21,466597.67,1.43
CAMP-1854,Lancamento_Colecao_2025,Email Marketing,Moda,2025-02-05,2025-05-09,62485.55,11973033,708508,66396,Last Click,Finalizada,4.58,286183.82,0.94
CAMP-1855,Cyber_Monday_2023_06,TikTok Ads,Acessórios,2023-06-23,2023-10-14,4553.04,872510,31864,1062,Linear,Pausada,1.55,7057.21,4.29
CAMP-1856,Parceria_Creator_2023_10,Marketplace,Acessórios,2023-10-15,2023-11-28,11540.81,3081967,44655,1961,Last Click,Pausada,1.93,22273.76,5.89
CAMP-1857,LTV_Expansion_2025,Orgânico,Lifestyle,2025-01-25,2025-03-24,51371.47,15453838,202619,13064,Linear,Finalizada,1.5,77057.21,3.93
CAMP-1858,Lancamento_Colecao_2024_04,Email Marketing,Beleza,2024-04-14,2024-07-15,3144.06,984679,28180,2687,First Click,Finalizada,4.7,14777.08,1.17
CAMP-1859,Lookalike_Gold_2023_07,Email Marketing,Beleza,2023-07-14,2023-09-24,68471.14,20547621,642573,34492,First Click,Pausada,2.3,157483.62,1.99
CAMP-1860,Dia_Das_Maes_2025,Email Marketing,Geral,2025-12-18,2025-12-25,35113.78,9368154,468763,33852,Last Click,Finalizada,2.37,83219.66,1.04
CAMP-1861,Stories_Boost_2023,Marketplace,Acessórios,2023-07-11,2023-11-02,45745.79,4024715,207705,22917,Last Click,Finalizada,3.13,143184.32,2.0
CAMP-1862,UGC_Organico_2025_05,Instagram Ads,Moda,2025-05-04,2025-05-24,39693.44,10179761,181204,3206,Last Click,Finalizada,6.79,269518.46,12.38
CAMP-1863,Feed_Carousel_2024_02,TikTok Ads,Acessórios,2024-02-18,2024-03-06,101013.32,18048893,546585,8837,Linear,Pausada,1.78,179803.71,11.43
CAMP-1864,Cyber_Monday_2024,Email Marketing,Beleza,2024-05-20,2024-06-19,67429.14,24576435,643366,39204,First Click,Finalizada,3.57,240722.03,1.72
CAMP-1865,Natal_Presentes_2023,Email Marketing,Beleza,2023-02-04,2023-03-02,76107.69,7642621,262700,26773,First Click,Finalizada,1.68,127860.92,2.84
CAMP-1866,LTV_Expansion_2024,Marketplace,Geral,2024-03-06,2024-06-29,49087.3,7238540,102725,7364,Last Click,Pausada,1.17,57432.14,6.67
CAMP-1867,Cyber_Monday_2023,Orgânico,Beleza,2023-03-26,2023-04-24,78214.75,16856205,362361,35707,Linear,Finalizada,2.88,225258.48,2.19
CAMP-1868,Dia_Dos_Namorados_2023_12,Orgânico,Lifestyle,2023-12-26,2024-04-24,96849.8,31383679,748937,85426,Linear,Pausada,4.61,446477.58,1.13
CAMP-1869,Retargeting_Carrinho_2024,TikTok Ads,Acessórios,2024-01-24,2024-04-03,43554.06,7720272,439026,14960,Linear,Pausada,3.32,144599.48,2.91
CAMP-1870,CAC_Reducao_2025_11,Marketplace,Geral,2025-11-27,2025-12-31,80017.6,28744393,987288,95293,Last Click,Pausada,1.91,152833.62,0.84
CAMP-1871,Performance_Sempre_Ligada_2024,Orgânico,Geral,2024-11-06,2025-02-27,26056.95,10244653,524047,35076,Last Click,Finalizada,4.44,115692.86,0.74
CAMP-1872,Black_Friday_Main_2025_08,Marketplace,Lifestyle,2025-08-01,2025-10-24,29395.64,9624269,402516,38182,Linear,Finalizada,3.63,106706.17,0.77
CAMP-1873,Remarketing_30d_2023,Influenciador,Lifestyle,2023-12-14,2024-03-18,104009.17,9374929,86591,7762,Linear,Finalizada,1.36,141452.47,13.4
CAMP-1874,Black_Friday_Main_2023_09,Instagram Ads,Geral,2023-09-09,2023-10-07,6326.17,905044,15345,1817,Linear,Pausada,4.84,30618.66,3.48
CAMP-1875,Cyber_Monday_2023_12,Marketplace,Acessórios,2023-12-16,2024-04-09,32503.0,10801074,280381,22199,First Click,Finalizada,3.25,105634.75,1.46
CAMP-1876,Performance_Sempre_Ligada_2023_06,Instagram Ads,Acessórios,2023-06-18,2023-07-09,4806.5,588554,26046,274,Linear,Finalizada,5.29,25426.38,17.54
CAMP-1877,Feed_Carousel_2023_06,Instagram Ads,Lifestyle,2023-06-08,2023-07-02,71675.68,23435738,1024295,87372,Last Click,Finalizada,4.46,319673.53,0.82
CAMP-1878,Dia_Dos_Namorados_2025,Google Ads,Moda,2025-12-04,2025-12-31,28832.27,5559718,52917,6313,Last Click,Ativa,3.18,91686.62,4.57
CAMP-1879,Email_Reativacao_2023,TikTok Ads,Lifestyle,2023-09-14,2023-11-08,96773.7,18393072,808905,54676,Linear,Pausada,2.75,266127.67,1.77
CAMP-1880,Dia_Das_Maes_2024_05,Orgânico,Lifestyle,2024-05-11,2024-06-20,117220.54,39318069,1998830,157585,Last Click,Finalizada,1.38,161764.35,0.74
CAMP-1881,Influenciador_Verao_2024_06,Orgânico,Lifestyle,2024-06-11,2024-07-16,83884.81,31508645,936742,58199,First Click,Finalizada,2.66,223133.59,1.44
CAMP-1882,CAC_Reducao_2024_07,Google Ads,Acessórios,2024-07-04,2024-07-28,80202.53,27729680,761919,43086,Last Click,Pausada,3.75,300759.49,1.86
CAMP-1883,Upsell_Platinum_2023_07,Influenciador,Moda,2023-07-01,2023-09-13,61437.45,20319303,629652,17363,Linear,Pausada,1.36,83554.93,3.54
CAMP-1884,Fidelidade_Clientes_2025,Google Ads,Moda,2025-07-08,2025-12-31,101321.07,38030163,1486259,170147,Last Click,Ativa,3.94,399205.02,0.6
CAMP-1885,Performance_Beleza_2025,Influenciador,Moda,2025-06-24,2025-09-14,110138.7,13218148,571200,51175,First Click,Pausada,12.16,1339286.59,2.15
CAMP-1886,Branding_Awareness_2024_04,TikTok Ads,Beleza,2024-04-27,2024-07-14,37167.46,7066649,400392,32965,Linear,Pausada,2.44,90688.6,1.13
CAMP-1887,Influenciador_Inverno_2024,TikTok Ads,Beleza,2024-05-12,2025-12-31,81606.72,20969063,1024182,37003,Last Click,Ativa,4.56,372126.64,2.21
CAMP-1888,Email_Reativacao_2024_03,Marketplace,Acessórios,2024-03-20,2024-04-10,35277.99,3096367,70697,2719,First Click,Finalizada,4.4,155223.16,12.97
CAMP-1889,Fidelidade_Clientes_2023_07,Orgânico,Lifestyle,2023-07-20,2023-11-05,106414.52,31862243,1672742,138991,Linear,Pausada,1.47,156429.34,0.77
CAMP-1890,Lancamento_Colecao_2023,Instagram Ads,Lifestyle,2023-07-05,2023-07-26,72673.81,14879569,724299,34310,First Click,Finalizada,3.07,223108.6,2.12
CAMP-1891,Push_Carrinho_2024,Email Marketing,Moda,2024-03-22,2024-07-02,87792.28,20765944,1051692,28519,Linear,Pausada,1.98,173828.71,3.08
CAMP-1892,Performance_Sempre_Ligada_2024,Instagram Ads,Lifestyle,2024-04-22,2024-08-06,13846.22,1226908,18549,1233,Last Click,Finalizada,4.21,58292.59,11.23
CAMP-1893,Influenciador_Inverno_2025,Influenciador,Geral,2025-10-27,2025-12-20,6966.27,1168469,12453,1232,Last Click,Pausada,11.75,81853.67,5.65
CAMP-1894,Email_Reativacao_2023_09,Orgânico,Geral,2023-09-16,2023-09-27,89424.18,16015615,416461,6697,Last Click,Pausada,2.6,232502.87,13.35
CAMP-1895,Dia_Dos_Namorados_2025,Instagram Ads,Beleza,2025-01-09,2025-12-31,93748.36,31159826,691854,59037,First Click,Ativa,3.49,327181.78,1.59
CAMP-1896,CAC_Reducao_2023,Email Marketing,Beleza,2023-07-18,2023-07-30,106662.17,36866012,1569813,92783,First Click,Pausada,4.0,426648.68,1.15
CAMP-1897,Dia_Dos_Namorados_2024_07,Google Ads,Beleza,2024-07-02,2025-12-31,37398.42,4773800,62651,4316,First Click,Ativa,3.8,142114.0,8.67
CAMP-1898,Cyber_Monday_2025_04,Instagram Ads,Geral,2025-04-22,2025-08-19,62852.03,19582979,805508,27748,Linear,Finalizada,4.69,294776.02,2.27
CAMP-1899,Liquidacao_Julho_2025_12,Orgânico,Moda,2025-12-16,2025-12-31,72107.87,16518047,570444,50032,First Click,Finalizada,2.93,211276.06,1.44
CAMP-1900,Natal_Presentes_2024,Instagram Ads,Moda,2024-03-03,2024-06-09,93709.09,36479782,2024368,121953,First Click,Pausada,4.8,449803.63,0.77
CAMP-1901,Parceria_Creator_2025_06,TikTok Ads,Geral,2025-06-04,2025-08-08,63584.54,6733388,92427,8865,Linear,Pausada,3.22,204742.22,7.17
CAMP-1902,Retargeting_Carrinho_2024,Influenciador,Lifestyle,2024-06-14,2024-07-09,41425.23,8477064,118458,3609,Last Click,Finalizada,3.93,162801.15,11.48
CAMP-1903,Feed_Carousel_2025_11,Orgânico,Moda,2025-11-17,2025-12-31,101605.59,15948588,421481,9154,Last Click,Pausada,4.32,438936.15,11.1
CAMP-1904,Branding_Awareness_2023_06,Email Marketing,Beleza,2023-06-12,2023-08-16,23632.54,8288913,292492,26973,First Click,Pausada,1.66,39230.02,0.88
CAMP-1905,Performance_Beleza_2025,Google Ads,Lifestyle,2025-07-03,2025-10-18,106312.41,14489403,435575,39213,Last Click,Finalizada,3.11,330631.6,2.71
CAMP-1906,Liquidacao_Julho_2025_05,Marketplace,Moda,2025-05-06,2025-05-26,22431.15,5465008,75745,4063,Last Click,Finalizada,1.83,41049.0,5.52
CAMP-1907,Feed_Carousel_2023_05,Influenciador,Acessórios,2023-05-13,2023-07-27,71260.0,26278272,1476906,49933,First Click,Finalizada,14.44,1028994.4,1.43
CAMP-1908,Liquida_Beleza_2025_04,Instagram Ads,Lifestyle,2025-04-16,2025-07-14,48307.43,7373849,382207,36006,First Click,Pausada,5.73,276801.57,1.34
CAMP-1909,Stories_Boost_2023,TikTok Ads,Geral,2023-11-21,2023-12-05,39713.7,6011754,68230,7495,First Click,Finalizada,7.59,301426.98,5.3
CAMP-1910,TikTok_Viral_2023,Email Marketing,Moda,2023-09-15,2023-11-26,33835.74,4050297,72962,1431,Last Click,Pausada,3.33,112673.01,23.64
CAMP-1911,Branding_Awareness_2024_06,Orgânico,Moda,2024-06-22,2024-09-15,99949.16,23254229,530491,41151,First Click,Finalizada,2.26,225885.1,2.43
CAMP-1912,Influenciador_Verao_2023_02,Instagram Ads,Acessórios,2023-02-09,2023-04-09,118543.8,22985970,1065721,75472,First Click,Finalizada,6.97,826250.29,1.57
CAMP-1913,Parceria_Creator_2024,Marketplace,Moda,2024-04-21,2024-08-15,48884.6,7716007,460213,14732,Last Click,Finalizada,2.84,138832.26,3.32
CAMP-1914,Retargeting_Carrinho_2024_03,TikTok Ads,Lifestyle,2024-03-24,2024-05-23,50342.58,8942264,262429,16711,First Click,Pausada,2.08,104712.57,3.01
CAMP-1915,Lookalike_Gold_2025,Email Marketing,Geral,2025-10-19,2025-12-31,63742.07,24431255,1081824,24363,First Click,Ativa,1.05,66929.17,2.62
CAMP-1916,Lookalike_Gold_2024,Marketplace,Acessórios,2024-04-26,2024-05-24,46804.29,15763321,692557,39042,Last Click,Pausada,1.97,92204.45,1.2
CAMP-1917,Liquida_Beleza_2024,Email Marketing,Geral,2024-05-19,2025-12-31,101776.59,18253746,717493,11616,Linear,Ativa,3.41,347058.17,8.76
CAMP-1918,Feed_Carousel_2025_06,Influenciador,Lifestyle,2025-06-17,2025-09-20,108475.88,37153558,750124,56819,First Click,Finalizada,12.55,1361372.29,1.91
CAMP-1919,Parceria_Creator_2025,Marketplace,Lifestyle,2025-04-20,2025-05-15,93308.05,34097781,460447,45565,First Click,Finalizada,3.8,354570.59,2.05
CAMP-1920,TikTok_Viral_2023,Influenciador,Geral,2023-11-24,2024-03-16,99882.16,35722536,1953936,213968,Linear,Finalizada,14.88,1486246.54,0.47
CAMP-1921,Cyber_Monday_2023,Google Ads,Acessórios,2023-02-23,2023-03-31,43089.3,4793845,90178,8565,Last Click,Finalizada,3.09,133145.94,5.03
CAMP-1922,Performance_Moda_2025_04,Google Ads,Moda,2025-04-01,2025-07-19,71818.33,17726290,821040,78219,Linear,Finalizada,3.59,257827.8,0.92
CAMP-1923,TikTok_Viral_2024_10,Orgânico,Lifestyle,2024-10-18,2025-01-13,109777.04,9910160,587019,45341,Last Click,Finalizada,1.43,156981.17,2.42
CAMP-1924,Upsell_Platinum_2024,Orgânico,Beleza,2024-11-25,2025-01-24,61085.03,6187523,115843,13429,First Click,Finalizada,2.72,166151.28,4.55
CAMP-1925,CAC_Reducao_2023,Marketplace,Beleza,2023-08-22,2023-10-05,84820.4,11678335,173953,5024,First Click,Pausada,4.78,405441.51,16.88
CAMP-1926,Performance_Sempre_Ligada_2025,Orgânico,Geral,2025-12-08,2025-12-22,80910.38,12832607,592135,34182,Linear,Finalizada,1.38,111656.32,2.37
CAMP-1927,Lookalike_Gold_2024,Instagram Ads,Lifestyle,2024-05-06,2024-07-22,18805.1,7433278,71378,6155,First Click,Finalizada,5.77,108505.43,3.06
CAMP-1928,Natal_Presentes_2024,Orgânico,Geral,2024-08-14,2024-09-01,80263.26,19642123,828568,97593,Linear,Pausada,1.03,82671.16,0.82
CAMP-1929,Lookalike_Gold_2024,Influenciador,Moda,2024-08-12,2024-10-27,107691.13,24724439,609106,61757,First Click,Pausada,5.21,561070.79,1.74
CAMP-1930,Dia_Das_Maes_2023,Orgânico,Geral,2023-09-27,2024-01-22,80154.19,27491197,320854,25902,First Click,Pausada,3.47,278135.04,3.09
CAMP-1931,Parceria_Creator_2025_03,Orgânico,Geral,2025-03-02,2025-03-31,57738.13,17757939,541700,44980,First Click,Pausada,1.69,97577.44,1.28
CAMP-1932,Performance_Beleza_2023,Email Marketing,Lifestyle,2023-04-18,2023-07-06,11325.25,1143125,58049,5576,Linear,Finalizada,1.06,12004.77,2.03
CAMP-1933,Liquidacao_Julho_2024,TikTok Ads,Beleza,2024-03-09,2024-07-03,35427.92,7125792,306509,20340,Last Click,Pausada,2.74,97072.5,1.74
CAMP-1934,Parceria_Creator_2025,Orgânico,Geral,2025-10-08,2025-11-16,56822.25,6410051,370292,25161,First Click,Pausada,2.02,114780.95,2.26
CAMP-1935,Natal_Presentes_2024,Email Marketing,Acessórios,2024-05-06,2024-08-14,46169.54,12856882,192141,8891,First Click,Pausada,1.82,84028.56,5.19
CAMP-1936,Cyber_Monday_2023_09,Email Marketing,Lifestyle,2023-09-21,2023-12-03,73131.68,26424241,1477127,151831,Linear,Finalizada,3.28,239871.91,0.48
CAMP-1937,Performance_Sempre_Ligada_2024_06,TikTok Ads,Acessórios,2024-06-07,2024-06-26,48701.94,4594370,146152,14364,Linear,Finalizada,1.74,84741.38,3.39
CAMP-1938,Volta_as_Aulas_2024,TikTok Ads,Geral,2024-05-05,2024-07-09,112160.46,44360093,2060869,159011,Last Click,Pausada,4.86,545099.84,0.71
CAMP-1939,CAC_Reducao_2025,Marketplace,Acessórios,2025-09-20,2025-11-24,49148.24,5606700,249019,25914,Last Click,Pausada,4.47,219692.63,1.9
CAMP-1940,TikTok_Viral_2023_05,Email Marketing,Moda,2023-05-20,2023-06-06,3352.76,1082236,53590,2072,Last Click,Pausada,4.73,15858.55,1.62
CAMP-1941,Performance_Beleza_2024_08,Instagram Ads,Lifestyle,2024-08-27,2024-10-28,206.17,38839,1407,92,Last Click,Finalizada,2.48,511.3,2.24
CAMP-1942,UGC_Organico_2024_10,Orgânico,Lifestyle,2024-10-24,2024-11-26,83376.45,32541007,882926,95033,First Click,Finalizada,3.07,255965.7,0.88
CAMP-1943,LTV_Expansion_2023_11,Influenciador,Lifestyle,2023-11-11,2024-01-09,58239.81,10452725,157388,13899,Linear,Pausada,3.08,179378.61,4.19
CAMP-1944,Performance_Beleza_2024_12,Marketplace,Moda,2024-12-18,2025-02-05,15099.72,5841615,303256,14055,Linear,Finalizada,4.44,67042.76,1.07
CAMP-1945,Performance_Moda_2024,Influenciador,Acessórios,2024-12-06,2025-04-03,61796.64,20557725,837061,78403,First Click,Finalizada,4.67,288590.31,0.79
CAMP-1946,Influenciador_Inverno_2025_01,TikTok Ads,Acessórios,2025-01-22,2025-03-11,26644.02,8271074,102546,9708,Linear,Finalizada,4.36,116167.93,2.74
CAMP-1947,LTV_Expansion_2024_02,Marketplace,Geral,2024-02-26,2024-03-30,91139.22,26035205,890226,45024,Last Click,Pausada,3.83,349063.21,2.02
CAMP-1948,Performance_Beleza_2024,Influenciador,Geral,2024-08-02,2024-09-27,49911.48,4817144,87208,4924,Linear,Finalizada,4.58,228594.58,10.14
CAMP-1949,Lancamento_Colecao_2024,Email Marketing,Lifestyle,2024-09-25,2025-01-05,28068.97,7070838,304482,8086,First Click,Pausada,3.72,104416.57,3.47
CAMP-1950,Performance_Beleza_2024,Marketplace,Moda,2024-04-27,2025-12-31,53690.77,9104931,242018,14707,First Click,Ativa,2.65,142280.54,3.65
CAMP-1951,Natal_Presentes_2024,Marketplace,Beleza,2024-08-18,2024-08-30,97683.34,16097155,543783,51698,Linear,Finalizada,3.74,365335.69,1.89
CAMP-1952,CAC_Reducao_2025_12,Google Ads,Lifestyle,2025-12-11,2025-12-31,42626.16,6005285,282218,27260,First Click,Ativa,3.03,129157.26,1.56
CAMP-1953,Semana_Consumidor_2024,Marketplace,Acessórios,2024-07-18,2024-07-28,104679.89,9129003,484402,27290,Last Click,Finalizada,3.39,354864.83,3.84
CAMP-1954,TikTok_Viral_2023,Google Ads,Lifestyle,2023-02-11,2023-05-27,78278.54,11471523,462801,7590,Last Click,Pausada,3.05,238749.55,10.31
CAMP-1955,Remarketing_30d_2024_06,Orgânico,Moda,2024-06-13,2024-08-23,29211.75,5052508,109621,4040,Linear,Pausada,2.33,68063.38,7.23
CAMP-1956,Feed_Carousel_2023_06,Marketplace,Lifestyle,2023-06-06,2023-10-01,112990.09,24580760,237409,20224,First Click,Pausada,1.05,118639.59,5.59
CAMP-1957,Lookalike_Gold_2023_10,Influenciador,Acessórios,2023-10-24,2025-12-31,7379.61,1170146,28081,3337,First Click,Ativa,6.61,48779.22,2.21
CAMP-1958,Stories_Boost_2025_10,Email Marketing,Geral,2025-10-19,2025-12-31,119235.49,12849336,170815,18369,Last Click,Finalizada,4.85,578292.13,6.49
CAMP-1959,Performance_Sempre_Ligada_2023,Marketplace,Acessórios,2023-05-24,2023-07-27,110813.35,26975576,1287651,70717,Last Click,Finalizada,2.12,234924.3,1.57
CAMP-1960,Dia_Dos_Namorados_2024_07,Orgânico,Geral,2024-07-22,2024-11-06,65797.7,8364440,334023,30543,Linear,Finalizada,2.62,172389.97,2.15
CAMP-1961,Fidelidade_Clientes_2023_09,Email Marketing,Lifestyle,2023-09-21,2023-11-02,84225.76,25379726,207800,6203,Last Click,Pausada,2.69,226567.29,13.58
CAMP-1962,Retargeting_Carrinho_2024,TikTok Ads,Moda,2024-05-27,2024-07-03,21133.27,2742699,58078,2845,Last Click,Finalizada,4.96,104821.02,7.43
CAMP-1963,CAC_Reducao_2024,Instagram Ads,Lifestyle,2024-05-15,2024-06-18,30548.99,9611761,326971,9299,First Click,Pausada,3.51,107226.95,3.29
CAMP-1964,Retargeting_Carrinho_2024_10,Instagram Ads,Beleza,2024-10-09,2024-10-18,109975.6,16749025,573428,46427,Linear,Pausada,4.69,515785.56,2.37
CAMP-1965,Black_Friday_Main_2024_05,Orgânico,Acessórios,2024-05-28,2024-08-04,11642.34,1267329,23553,1184,Last Click,Finalizada,1.03,11991.61,9.83
CAMP-1966,Liquida_Beleza_2023,Email Marketing,Lifestyle,2023-05-14,2023-07-28,42041.56,16155613,915289,87263,Last Click,Pausada,3.78,158917.1,0.48
CAMP-1967,Push_Carrinho_2024_06,Email Marketing,Geral,2024-06-20,2024-07-04,84764.64,25155884,1474643,163440,Last Click,Finalizada,4.92,417042.03,0.52
CAMP-1968,Feed_Carousel_2023,Influenciador,Geral,2023-07-15,2023-10-09,25972.84,3786083,198384,14806,First Click,Pausada,14.34,372450.53,1.75
CAMP-1969,Semana_Consumidor_2025_01,Email Marketing,Moda,2025-01-07,2025-01-22,103964.61,14607563,213431,16378,First Click,Finalizada,4.66,484475.08,6.35
CAMP-1970,Fidelidade_Clientes_2024,Orgânico,Geral,2024-10-15,2024-11-21,100881.9,31814294,422603,7169,Last Click,Pausada,4.62,466074.38,14.07
CAMP-1971,Retargeting_Carrinho_2024_12,Instagram Ads,Moda,2024-12-13,2025-12-31,30085.14,5606331,231753,11557,First Click,Ativa,3.6,108306.5,2.6
CAMP-1972,Dia_Dos_Namorados_2024_05,Google Ads,Moda,2024-05-01,2024-07-15,80671.89,9030302,94525,11341,Last Click,Pausada,3.61,291225.52,7.11
CAMP-1973,Push_Carrinho_2024,Orgânico,Lifestyle,2024-08-14,2024-11-19,28638.23,9624462,239917,25790,First Click,Finalizada,3.97,113693.77,1.11
CAMP-1974,Stories_Boost_2023_03,Email Marketing,Geral,2023-03-14,2023-07-08,41080.94,4010504,96063,1827,First Click,Finalizada,4.21,172950.76,22.49
CAMP-1975,Performance_Moda_2025_12,Marketplace,Moda,2025-12-13,2025-12-31,2268.87,831438,45052,4662,Linear,Pausada,1.53,3471.37,0.49
CAMP-1976,Liquida_Beleza_2025_02,Influenciador,Beleza,2025-02-13,2025-04-14,18403.01,1965257,98555,4843,Last Click,Pausada,9.93,182741.89,3.8
CAMP-1977,Performance_Sempre_Ligada_2025,TikTok Ads,Geral,2025-07-05,2025-12-31,23387.62,3899109,147357,16587,Linear,Ativa,1.57,36718.56,1.41
CAMP-1978,Liquida_Beleza_2025_11,Google Ads,Beleza,2025-11-21,2025-12-31,59174.74,19126475,701290,42179,First Click,Finalizada,3.15,186400.43,1.4
CAMP-1979,Retargeting_Carrinho_2024_09,Orgânico,Acessórios,2024-09-11,2024-12-21,30639.82,4327564,138829,3252,First Click,Pausada,2.18,66794.81,9.42
CAMP-1980,Volta_as_Aulas_2024,Orgânico,Moda,2024-11-17,2025-03-06,84838.35,10789262,440753,29425,Linear,Pausada,1.18,100109.25,2.88
CAMP-1981,Dia_Das_Maes_2023_05,Instagram Ads,Beleza,2023-05-01,2023-06-22,106391.78,17481957,1007663,54318,Linear,Finalizada,2.21,235125.83,1.96
CAMP-1982,Dia_Das_Maes_2023_11,Instagram Ads,Lifestyle,2023-11-17,2024-02-06,52391.06,20335053,437171,6068,Last Click,Finalizada,5.14,269290.05,8.63
CAMP-1983,Parceria_Creator_2023_09,Marketplace,Beleza,2023-09-18,2023-11-29,87415.03,17648520,531741,62787,First Click,Finalizada,4.32,377632.93,1.39
CAMP-1984,Black_Friday_Main_2025_01,Google Ads,Acessórios,2025-01-14,2025-05-14,101232.84,8844676,111315,2309,First Click,Pausada,3.56,360388.91,43.84
CAMP-1985,Feed_Carousel_2025,Influenciador,Acessórios,2025-05-22,2025-09-18,90489.11,25058930,479742,5677,Last Click,Pausada,10.95,990855.75,15.94
CAMP-1986,Stories_Boost_2025_06,TikTok Ads,Geral,2025-06-24,2025-07-22,37103.16,9962896,470061,18124,Last Click,Finalizada,1.81,67156.72,2.05
CAMP-1987,Stories_Boost_2024_03,Google Ads,Lifestyle,2024-03-18,2024-05-09,114886.07,24221269,464630,7523,Linear,Pausada,3.22,369933.15,15.27
CAMP-1988,TikTok_Viral_2024,Orgânico,Acessórios,2024-01-26,2024-05-22,97800.16,24370877,1171059,119235,Linear,Finalizada,3.64,355992.58,0.82
CAMP-1989,Email_Reativacao_2025_11,Google Ads,Lifestyle,2025-11-18,2025-12-31,63159.35,8382501,300924,3062,First Click,Pausada,3.22,203373.11,20.63
CAMP-1990,Performance_Sempre_Ligada_2023,Influenciador,Beleza,2023-07-17,2023-09-16,81844.7,28332753,941152,51806,Last Click,Finalizada,9.36,766066.39,1.58
CAMP-1991,Performance_Moda_2025,Influenciador,Lifestyle,2025-04-16,2025-07-25,69028.95,23877409,780721,20393,Last Click,Finalizada,3.41,235388.72,3.38
CAMP-1992,TikTok_Viral_2025_12,Influenciador,Lifestyle,2025-12-11,2025-12-31,33089.65,10149654,590701,11559,Linear,Finalizada,9.72,321631.4,2.86
CAMP-1993,Liquidacao_Julho_2024,Marketplace,Beleza,2024-08-11,2024-12-03,94831.09,26365125,792768,37110,Last Click,Pausada,2.42,229491.24,2.56
CAMP-1994,Branding_Awareness_2025_07,Instagram Ads,Lifestyle,2025-07-10,2025-10-03,52983.85,14392138,292942,26215,First Click,Finalizada,4.83,255912.0,2.02
CAMP-1995,Performance_Moda_2023_01,Influenciador,Geral,2023-01-27,2025-12-31,94157.15,32755347,408288,37156,First Click,Ativa,9.77,919915.36,2.53
CAMP-1996,UGC_Organico_2023_09,Influenciador,Beleza,2023-09-09,2023-12-26,36776.1,10742369,179445,9326,Last Click,Pausada,9.61,353418.32,3.94
CAMP-1997,CAC_Reducao_2023,Marketplace,Moda,2023-11-28,2023-12-09,1171.18,170142,9412,667,First Click,Finalizada,2.33,2728.85,1.76
CAMP-1998,Cyber_Monday_2024,Marketplace,Beleza,2024-09-13,2024-12-24,12698.36,2421508,52263,2918,Last Click,Finalizada,3.34,42412.52,4.35
CAMP-1999,Volta_as_Aulas_2024_08,Instagram Ads,Geral,2024-08-28,2024-12-08,76032.45,9434985,142220,11264,Last Click,Finalizada,6.63,504095.14,6.75
CAMP-2000,Stories_Boost_2023_02,Email Marketing,Geral,2023-02-20,2023-05-28,49170.41,15559655,873290,23484,First Click,Finalizada,1.17,57529.38,2.09
CAMP-2001,Retargeting_Carrinho_2025_11,Influenciador,Lifestyle,2025-11-27,2025-12-31,103335.26,30540202,965296,102536,Last Click,Pausada,13.76,1421893.18,1.01
CAMP-2002,Lookalike_Gold_2024_04,Google Ads,Acessórios,2024-04-20,2024-06-27,34770.85,7181421,223932,17253,Last Click,Finalizada,3.48,121002.56,2.02
CAMP-2003,Influenciador_Verao_2025,Instagram Ads,Geral,2025-10-04,2025-10-19,58096.28,11532349,184116,15564,Linear,Finalizada,5.97,346834.79,3.73
CAMP-2004,Email_Reativacao_2024_04,TikTok Ads,Beleza,2024-04-22,2025-12-31,110134.81,30658447,528791,49456,Last Click,Ativa,6.57,723585.7,2.23
CAMP-2005,Stories_Boost_2024,Orgânico,Geral,2024-05-15,2024-07-05,93659.81,24946445,247179,2981,Linear,Finalizada,3.45,323126.34,31.42
CAMP-2006,Influenciador_Inverno_2025,TikTok Ads,Beleza,2025-05-08,2025-07-09,78937.68,8887715,468478,45947,Linear,Finalizada,6.22,490992.37,1.72
CAMP-2007,Branding_Awareness_2023,Influenciador,Geral,2023-08-13,2023-11-16,35955.29,4171426,79033,5952,First Click,Pausada,10.13,364227.09,6.04
CAMP-2008,TikTok_Viral_2025_05,Instagram Ads,Lifestyle,2025-05-15,2025-06-20,73824.47,12115024,514731,51499,First Click,Finalizada,4.68,345498.52,1.43
CAMP-2009,Volta_as_Aulas_2024,Google Ads,Lifestyle,2024-08-17,2024-09-25,26945.44,4486855,261372,20838,Linear,Pausada,3.53,95117.4,1.29
CAMP-2010,Stories_Boost_2023_10,Influenciador,Acessórios,2023-10-22,2023-11-28,64461.52,25098493,656951,7845,Last Click,Pausada,8.94,576285.99,8.22
CAMP-2011,Performance_Moda_2024_08,Marketplace,Geral,2024-08-12,2024-08-31,48413.74,6280369,343486,23494,First Click,Finalizada,3.56,172352.91,2.06
CAMP-2012,Lancamento_Colecao_2023_04,Marketplace,Beleza,2023-04-24,2023-08-09,53395.94,9407647,302744,11406,First Click,Finalizada,3.53,188487.67,4.68
CAMP-2013,Branding_Awareness_2025,Influenciador,Acessórios,2025-10-16,2025-12-31,116908.37,14009758,366545,16541,First Click,Pausada,8.01,936436.04,7.07
CAMP-2014,Parceria_Creator_2024,Marketplace,Lifestyle,2024-12-25,2025-01-16,3242.71,890819,25113,304,Linear,Finalizada,3.71,12030.45,10.67
CAMP-2015,Liquidacao_Julho_2023,TikTok Ads,Moda,2023-08-24,2025-12-31,46109.47,12140123,505061,36974,First Click,Ativa,6.05,278962.29,1.25
CAMP-2016,Feed_Carousel_2024_11,Email Marketing,Lifestyle,2024-11-04,2025-02-09,13359.07,4480638,170585,16353,Linear,Pausada,4.17,55707.32,0.82
CAMP-2017,Parceria_Creator_2024_11,Marketplace,Acessórios,2024-11-08,2024-12-10,58519.48,9178715,493061,48080,Last Click,Finalizada,2.63,153906.23,1.22
CAMP-2018,Performance_Sempre_Ligada_2023,Instagram Ads,Acessórios,2023-03-18,2023-04-28,116051.23,17843440,463235,10057,First Click,Pausada,2.37,275041.42,11.54
CAMP-2019,Stories_Boost_2024_05,Instagram Ads,Geral,2024-05-06,2024-06-21,51979.15,18314389,1025422,45632,Last Click,Pausada,4.84,251579.09,1.14
CAMP-2020,Performance_Moda_2025,TikTok Ads,Moda,2025-05-17,2025-06-18,79770.33,29717268,1278564,44898,Last Click,Pausada,4.34,346203.23,1.78
CAMP-2021,UGC_Organico_2024,Email Marketing,Beleza,2024-01-17,2024-05-11,21940.67,8717731,257907,28024,Linear,Finalizada,4.78,104876.4,0.78
CAMP-2022,Remarketing_30d_2023_09,TikTok Ads,Moda,2023-09-28,2023-11-23,112689.13,12754109,639400,53673,First Click,Finalizada,6.71,756144.06,2.1
CAMP-2023,Parceria_Creator_2024,Influenciador,Beleza,2024-03-26,2024-04-15,94808.23,24166366,1206227,31533,Last Click,Finalizada,13.04,1236299.32,3.01
CAMP-2024,Retargeting_Carrinho_2024,TikTok Ads,Lifestyle,2024-05-21,2024-07-15,84067.96,11590980,506466,22726,First Click,Finalizada,2.21,185790.19,3.7
CAMP-2025,Branding_Awareness_2025,TikTok Ads,Geral,2025-12-11,2025-12-31,45969.17,10299233,356177,4278,Linear,Ativa,2.84,130552.44,10.75
CAMP-2026,Retargeting_Carrinho_2023_12,Orgânico,Geral,2023-12-19,2024-04-11,61656.33,20328298,730334,79430,Linear,Finalizada,2.04,125778.91,0.78
CAMP-2027,Liquida_Beleza_2023,Google Ads,Beleza,2023-02-09,2023-03-19,29303.5,4847623,53821,1115,Last Click,Pausada,3.54,103734.39,26.28
CAMP-2028,Performance_Beleza_2023,Instagram Ads,Beleza,2023-09-16,2023-11-12,56351.8,13216157,609005,6797,First Click,Finalizada,4.42,249074.96,8.29
CAMP-2029,Influenciador_Verao_2024,Email Marketing,Beleza,2024-07-05,2024-08-28,58085.31,16806741,736643,12688,First Click,Pausada,3.0,174255.93,4.58
CAMP-2030,Performance_Beleza_2025_09,Influenciador,Geral,2025-09-13,2025-12-13,12536.77,2567253,97205,1450,Last Click,Finalizada,2.85,35729.79,8.65
CAMP-2031,Cyber_Monday_2024_05,Orgânico,Lifestyle,2024-05-20,2024-07-04,70740.92,7545272,74881,6662,First Click,Pausada,3.44,243348.76,10.62
CAMP-2032,TikTok_Viral_2025_01,Marketplace,Lifestyle,2025-01-19,2025-05-02,77491.72,11889537,175915,17517,Last Click,Finalizada,4.85,375834.84,4.42
CAMP-2033,Lancamento_Colecao_2023_09,Orgânico,Moda,2023-09-03,2023-10-27,22701.82,9033290,139062,7375,First Click,Pausada,2.11,47900.84,3.08
CAMP-2034,Influenciador_Verao_2023,Influenciador,Beleza,2023-10-08,2023-12-04,93758.87,17729520,300291,29292,Linear,Pausada,6.64,622558.9,3.2
CAMP-2035,Dia_Dos_Namorados_2025,TikTok Ads,Moda,2025-12-17,2025-12-31,61825.01,7746714,401575,30673,Linear,Finalizada,5.04,311598.05,2.02
CAMP-2036,Semana_Consumidor_2023,TikTok Ads,Lifestyle,2023-11-27,2023-12-14,49108.78,10978908,593302,27226,Last Click,Pausada,3.7,181702.49,1.8
CAMP-2037,Push_Carrinho_2023,Marketplace,Geral,2023-12-23,2024-01-02,88181.68,15640133,863053,81271,First Click,Pausada,1.98,174599.73,1.09
CAMP-2038,Upsell_Platinum_2024,Email Marketing,Lifestyle,2024-09-21,2024-11-28,111821.48,21071631,999534,76283,Last Click,Pausada,2.97,332109.8,1.47
CAMP-2039,Performance_Sempre_Ligada_2023_01,Orgânico,Moda,2023-01-12,2023-03-17,107211.56,18988103,279839,30812,Last Click,Pausada,2.32,248730.82,3.48
CAMP-2040,Lookalike_Gold_2023,Influenciador,Geral,2023-11-21,2024-01-08,28840.32,5862059,125806,11720,Last Click,Pausada,6.35,183136.03,2.46
CAMP-2041,Performance_Beleza_2023_01,TikTok Ads,Acessórios,2023-01-13,2023-02-28,113020.73,32768961,1479489,110345,First Click,Finalizada,5.63,636306.71,1.02
CAMP-2042,Dia_Das_Maes_2025_08,TikTok Ads,Moda,2025-08-25,2025-09-30,21410.24,5687547,169775,17174,Last Click,Pausada,7.43,159078.08,1.25
CAMP-2043,Influenciador_Verao_2023,Influenciador,Lifestyle,2023-01-10,2023-03-26,70480.51,21446588,1268080,113860,Last Click,Pausada,8.35,588512.26,0.62
CAMP-2044,Influenciador_Verao_2024_05,Marketplace,Moda,2024-05-06,2024-07-10,98151.89,30407268,715865,44745,Last Click,Finalizada,1.43,140357.2,2.19
CAMP-2045,Volta_as_Aulas_2024,Email Marketing,Acessórios,2024-05-15,2024-08-16,50315.64,11453203,396398,38421,First Click,Finalizada,3.73,187677.34,1.31
CAMP-2046,CAC_Reducao_2024,Influenciador,Geral,2024-05-22,2025-12-31,24545.46,2045453,70340,8105,Last Click,Ativa,5.56,136472.76,3.03
CAMP-2047,Parceria_Creator_2024,Instagram Ads,Acessórios,2024-12-19,2025-01-18,8307.98,2045499,115442,11082,Last Click,Finalizada,5.84,48518.6,0.75
CAMP-2048,UGC_Organico_2024,Marketplace,Acessórios,2024-10-12,2025-01-23,68426.47,25029419,729005,37461,Linear,Pausada,1.73,118377.79,1.83
CAMP-2049,Liquidacao_Julho_2023_11,TikTok Ads,Acessórios,2023-11-26,2025-12-31,113573.03,36680977,2178648,51312,Linear,Ativa,2.62,297561.34,2.21
CAMP-2050,Black_Friday_Main_2024_09,TikTok Ads,Moda,2024-09-21,2024-11-03,19842.82,2810329,160091,5860,First Click,Pausada,5.51,109333.94,3.39
CAMP-2051,Cyber_Monday_2024,Influenciador,Lifestyle,2024-01-26,2024-05-02,100175.31,38529276,1065256,126062,First Click,Pausada,10.36,1037816.21,0.79
CAMP-2052,Fidelidade_Clientes_2024,Marketplace,Geral,2024-11-05,2025-01-07,38909.62,4863077,116164,2906,First Click,Finalizada,3.86,150191.13,13.39
CAMP-2053,UGC_Organico_2024,Instagram Ads,Acessórios,2024-05-17,2024-08-03,34614.76,8073562,462197,17098,Linear,Finalizada,5.16,178612.16,2.02
CAMP-2054,Semana_Consumidor_2024_03,TikTok Ads,Moda,2024-03-12,2024-04-27,63622.99,5221388,108992,6413,Last Click,Pausada,7.81,496895.55,9.92
CAMP-2055,Influenciador_Inverno_2024_09,Influenciador,Moda,2024-09-28,2024-11-28,65413.9,5806933,100937,3548,First Click,Finalizada,2.95,192971.01,18.44
CAMP-2056,Push_Carrinho_2023_02,Instagram Ads,Acessórios,2023-02-20,2023-04-09,115742.08,43426563,2495892,237922,Linear,Finalizada,6.06,701397.0,0.49
CAMP-2057,UGC_Organico_2023,Email Marketing,Acessórios,2023-09-16,2024-01-03,30341.48,3956581,95374,4754,Last Click,Pausada,4.27,129558.12,6.38
CAMP-2058,Performance_Sempre_Ligada_2024,Orgânico,Geral,2024-05-10,2025-12-31,1199.37,170674,2987,212,First Click,Ativa,1.08,1295.32,5.66
CAMP-2059,Performance_Sempre_Ligada_2023_09,Orgânico,Moda,2023-09-16,2023-12-19,18177.55,1577533,68492,6189,Last Click,Pausada,1.33,24176.14,2.94
CAMP-2060,Volta_as_Aulas_2024_05,Influenciador,Lifestyle,2024-05-03,2024-07-16,74417.78,21635892,956331,15407,Last Click,Finalizada,6.52,485203.93,4.83
CAMP-2061,Fidelidade_Clientes_2023,Influenciador,Moda,2023-06-06,2023-09-08,30492.91,4106152,43696,4607,Last Click,Finalizada,8.25,251566.51,6.62
CAMP-2062,Performance_Sempre_Ligada_2023_04,Influenciador,Geral,2023-04-01,2023-05-25,17182.7,2682742,98940,5319,First Click,Finalizada,6.68,114780.44,3.23
CAMP-2063,Parceria_Creator_2024_08,TikTok Ads,Lifestyle,2024-08-20,2024-09-13,58354.1,9670742,411106,19587,First Click,Finalizada,5.62,327950.04,2.98
CAMP-2064,Influenciador_Verao_2023,Instagram Ads,Lifestyle,2023-12-04,2024-02-12,80383.27,7143404,105112,1902,First Click,Finalizada,6.24,501591.6,42.26
CAMP-2065,UGC_Organico_2023_04,Email Marketing,Lifestyle,2023-04-08,2023-06-26,101044.91,34964471,1325788,137364,First Click,Finalizada,2.36,238465.99,0.74
CAMP-2066,Parceria_Creator_2024,Email Marketing,Moda,2024-09-21,2024-11-08,9463.57,3307912,164428,13327,First Click,Pausada,1.66,15709.53,0.71
CAMP-2067,Liquida_Beleza_2024_08,TikTok Ads,Acessórios,2024-08-10,2024-08-31,109785.89,19288124,967425,97651,Last Click,Finalizada,4.01,440241.42,1.12
CAMP-2068,Cyber_Monday_2025_09,Email Marketing,Moda,2025-09-08,2025-10-07,78445.61,30185109,1760637,194801,Linear,Finalizada,4.04,316920.26,0.4
CAMP-2069,Fidelidade_Clientes_2024,Marketplace,Acessórios,2024-03-25,2024-04-25,23866.85,8655775,456300,35814,Last Click,Finalizada,1.66,39618.97,0.67
CAMP-2070,Upsell_Platinum_2023,Influenciador,Acessórios,2023-06-13,2023-10-06,26891.5,6613393,285501,4205,First Click,Finalizada,8.78,236107.37,6.4
CAMP-2071,Semana_Consumidor_2025,Influenciador,Geral,2025-01-21,2025-03-06,69825.65,14942950,158834,2122,First Click,Finalizada,0.64,44688.42,32.91
CAMP-2072,Natal_Presentes_2024,Marketplace,Lifestyle,2024-04-16,2024-05-29,48781.0,14743925,860872,87517,First Click,Pausada,3.38,164879.78,0.56
CAMP-2073,Lancamento_Colecao_2025,Google Ads,Acessórios,2025-04-02,2025-04-19,110769.72,31176060,344485,7243,Linear,Finalizada,3.24,358893.89,15.29
CAMP-2074,Performance_Sempre_Ligada_2023,Instagram Ads,Acessórios,2023-03-13,2023-03-28,59062.81,21097868,630771,73587,Linear,Finalizada,5.17,305354.73,0.8
CAMP-2075,Remarketing_30d_2025,Influenciador,Beleza,2025-04-07,2025-07-01,53915.34,9595633,155560,10773,Linear,Finalizada,14.46,779615.82,5.0
CAMP-2076,Performance_Sempre_Ligada_2025_07,TikTok Ads,Lifestyle,2025-07-22,2025-10-25,94544.49,31683760,389261,19003,First Click,Finalizada,6.63,626829.97,4.98
CAMP-2077,Branding_Awareness_2025,Marketplace,Beleza,2025-05-15,2025-06-21,39068.78,3659414,67864,5195,Linear,Finalizada,3.81,148852.05,7.52
CAMP-2078,Stories_Boost_2024,Instagram Ads,Acessórios,2024-08-14,2025-12-31,100917.18,18141329,282528,18464,Last Click,Ativa,5.53,558072.01,5.47
CAMP-2079,Lancamento_Colecao_2025_05,Influenciador,Moda,2025-05-06,2025-05-28,74385.34,20201654,922289,85304,Last Click,Finalizada,14.28,1062222.66,0.87
CAMP-2080,CAC_Reducao_2025_04,Email Marketing,Beleza,2025-04-10,2025-07-13,70580.35,11906658,623800,56970,Linear,Finalizada,1.73,122104.01,1.24
CAMP-2081,Performance_Sempre_Ligada_2025,Influenciador,Beleza,2025-08-18,2025-10-06,23935.74,8251017,420403,8764,First Click,Finalizada,14.05,336297.15,2.73
CAMP-2082,Fidelidade_Clientes_2023,Influenciador,Lifestyle,2023-11-27,2023-12-10,118294.08,25479620,338279,10032,First Click,Pausada,14.03,1659665.94,11.79
CAMP-2083,Influenciador_Inverno_2025,Orgânico,Geral,2025-06-07,2025-08-11,6784.77,1042469,10769,1192,First Click,Pausada,1.99,13501.69,5.69
CAMP-2084,Natal_Presentes_2023_08,Influenciador,Moda,2023-08-23,2025-12-31,113675.75,20889644,1100432,17557,Linear,Ativa,9.69,1101518.02,6.47
CAMP-2085,Lookalike_Gold_2023,Instagram Ads,Lifestyle,2023-03-21,2023-06-22,113567.14,23377396,273579,20603,First Click,Finalizada,3.86,438369.16,5.51
CAMP-2086,LTV_Expansion_2023_09,Google Ads,Lifestyle,2023-09-26,2023-12-04,70448.63,24673488,1252410,113472,Linear,Pausada,3.02,212754.86,0.62
CAMP-2087,Dia_Das_Maes_2025_12,Orgânico,Beleza,2025-12-10,2025-12-31,74053.15,26646958,365700,31494,First Click,Pausada,2.43,179949.15,2.35
CAMP-2088,CAC_Reducao_2023,Marketplace,Acessórios,2023-03-17,2023-04-09,49267.63,4216511,205594,4777,Linear,Finalizada,4.41,217270.25,10.31
CAMP-2089,Semana_Consumidor_2025,Orgânico,Geral,2025-06-23,2025-08-09,1309.12,431110,13720,1555,Last Click,Pausada,1.62,2120.77,0.84
CAMP-2090,Liquidacao_Julho_2025,Email Marketing,Geral,2025-07-17,2025-10-17,71558.44,16271339,195614,6041,Linear,Finalizada,1.1,78714.28,11.85
CAMP-2091,Parceria_Creator_2023_02,Instagram Ads,Geral,2023-02-02,2025-12-31,34286.64,11019016,508000,52554,Linear,Ativa,2.74,93945.39,0.65
CAMP-2092,Email_Reativacao_2025,Email Marketing,Geral,2025-02-18,2025-03-01,95949.99,35181597,1482379,77745,Linear,Finalizada,1.46,140086.99,1.23
CAMP-2093,UGC_Organico_2025,Marketplace,Geral,2025-06-03,2025-09-05,111925.06,42297418,438995,21316,Last Click,Finalizada,2.53,283170.4,5.25
CAMP-2094,Performance_Moda_2025,TikTok Ads,Geral,2025-03-13,2025-05-26,1641.38,629894,28443,774,First Click,Pausada,7.89,12950.49,2.12
CAMP-2095,Performance_Sempre_Ligada_2024_03,Orgânico,Lifestyle,2024-03-21,2024-04-23,50513.0,4327834,150694,13560,First Click,Finalizada,4.84,244482.92,3.73
CAMP-2096,Lancamento_Colecao_2025,Instagram Ads,Acessórios,2025-08-17,2025-11-06,12568.18,2032237,119497,9181,Last Click,Finalizada,6.46,81190.44,1.37
CAMP-2097,Retargeting_Carrinho_2024_10,Marketplace,Acessórios,2024-10-02,2024-11-26,54042.96,5505950,204720,19226,Last Click,Finalizada,2.7,145915.99,2.81
CAMP-2098,Performance_Moda_2024,Marketplace,Moda,2024-11-20,2025-03-12,25025.94,4433957,249005,4938,First Click,Finalizada,3.62,90593.9,5.07
CAMP-2099,Feed_Carousel_2023,Email Marketing,Beleza,2023-12-02,2025-12-31,63604.87,24654771,746624,69754,Last Click,Ativa,2.88,183182.03,0.91
CAMP-2100,Influenciador_Verao_2023_11,Marketplace,Beleza,2023-11-07,2025-12-31,59516.46,15373520,209537,20137,Linear,Ativa,2.48,147600.82,2.96
CAMP-2101,Dia_Das_Maes_2023_02,Marketplace,Beleza,2023-02-05,2023-02-19,114481.57,44155263,1019269,46211,First Click,Pausada,2.18,249569.82,2.48
CAMP-2102,Influenciador_Inverno_2025_10,Email Marketing,Moda,2025-10-19,2025-12-31,68249.81,16292059,664994,23979,First Click,Pausada,2.24,152879.57,2.85
CAMP-2103,Cyber_Monday_2023,Marketplace,Beleza,2023-04-26,2023-06-08,63233.0,20688765,229455,3049,Linear,Pausada,2.25,142274.25,20.74
CAMP-2104,Natal_Presentes_2023,Influenciador,Geral,2023-01-16,2023-04-24,12941.52,5141778,192572,15563,Last Click,Finalizada,6.49,83990.46,0.83
CAMP-2105,Performance_Sempre_Ligada_2025,Google Ads,Geral,2025-08-23,2025-09-11,18980.12,3564155,112348,5168,First Click,Finalizada,3.17,60166.98,3.67
CAMP-2106,Dia_Dos_Namorados_2023,Instagram Ads,Beleza,2023-05-02,2023-08-12,54302.63,19079891,1098612,33276,Linear,Finalizada,4.59,249249.07,1.63
CAMP-2107,CAC_Reducao_2023_09,Instagram Ads,Lifestyle,2023-09-28,2024-01-11,40550.35,8600797,261726,23047,Linear,Pausada,2.9,117596.01,1.76
CAMP-2108,Volta_as_Aulas_2025,Google Ads,Acessórios,2025-09-10,2025-11-18,70127.65,14174029,256159,4897,Linear,Pausada,3.61,253160.82,14.32
CAMP-2109,Lookalike_Gold_2024_05,TikTok Ads,Lifestyle,2024-05-05,2025-12-31,19376.47,7608479,335474,8859,Linear,Ativa,4.05,78474.7,2.19
CAMP-2110,Push_Carrinho_2024,Instagram Ads,Beleza,2024-04-15,2025-12-31,44165.55,6732437,79651,8117,First Click,Ativa,2.16,95397.59,5.44
CAMP-2111,Volta_as_Aulas_2025,Marketplace,Acessórios,2025-10-26,2025-12-31,31775.72,3777718,179955,15053,Last Click,Ativa,1.34,42579.46,2.11
CAMP-2112,Volta_as_Aulas_2025_10,Marketplace,Moda,2025-10-27,2025-12-31,97787.01,32989032,1319996,119723,Linear,Pausada,4.83,472311.26,0.82
CAMP-2113,Feed_Carousel_2024,Email Marketing,Beleza,2024-12-16,2025-03-03,34878.03,13603239,264761,4933,First Click,Pausada,1.28,44643.88,7.07
CAMP-2114,Influenciador_Verao_2025,Instagram Ads,Geral,2025-02-10,2025-12-31,117996.16,44239302,1958261,69440,Linear,Ativa,4.22,497943.8,1.7
CAMP-2115,LTV_Expansion_2024_05,Orgânico,Moda,2024-05-15,2025-12-31,43466.79,3496309,163388,15875,First Click,Ativa,2.55,110840.31,2.74
CAMP-2116,Dia_Das_Maes_2024,Influenciador,Geral,2024-09-07,2025-12-31,23912.32,3922968,196056,18413,First Click,Ativa,7.37,176233.8,1.3
CAMP-2117,Natal_Presentes_2025,Marketplace,Lifestyle,2025-08-20,2025-09-02,87132.14,7732353,148223,17674,Linear,Finalizada,3.47,302348.53,4.93
CAMP-2118,Lookalike_Gold_2024,Email Marketing,Geral,2024-01-20,2024-02-27,85020.67,17498870,1022334,79369,Last Click,Pausada,3.52,299272.76,1.07
CAMP-2119,Upsell_Platinum_2024,Instagram Ads,Moda,2024-01-08,2024-04-21,42201.03,16074246,716056,50995,First Click,Finalizada,6.74,284434.94,0.83
CAMP-2120,Upsell_Platinum_2023,Instagram Ads,Moda,2023-01-18,2023-04-17,35579.66,11804539,196175,6835,First Click,Finalizada,3.44,122394.03,5.21
CAMP-2121,Email_Reativacao_2024_09,Influenciador,Acessórios,2024-09-13,2024-10-28,93032.71,26381089,1330874,99820,First Click,Finalizada,1.51,140479.39,0.93
CAMP-2122,Performance_Moda_2024_02,Orgânico,Beleza,2024-02-01,2024-04-06,670.66,69065,2298,264,Linear,Finalizada,2.92,1958.33,2.54
CAMP-2123,Feed_Carousel_2023_04,Influenciador,Geral,2023-04-27,2023-05-08,63431.06,7320412,395436,23195,First Click,Finalizada,6.64,421182.24,2.73
CAMP-2124,Lancamento_Colecao_2025_01,Instagram Ads,Lifestyle,2025-01-06,2025-02-16,35388.21,13530335,678248,31715,First Click,Finalizada,3.4,120319.91,1.12
CAMP-2125,Performance_Sempre_Ligada_2024_11,Google Ads,Geral,2024-11-19,2025-02-23,45008.27,5930413,222464,4889,Linear,Finalizada,3.82,171931.59,9.21
CAMP-2126,Dia_Dos_Namorados_2023,Google Ads,Lifestyle,2023-01-25,2025-12-31,74139.22,24838827,952508,49835,Last Click,Ativa,3.21,237986.9,1.49
CAMP-2127,TikTok_Viral_2025_10,Orgânico,Moda,2025-10-16,2025-12-20,12631.13,2847278,165140,17438,Last Click,Pausada,4.65,58734.75,0.72
CAMP-2128,Influenciador_Inverno_2025_12,Email Marketing,Acessórios,2025-12-05,2025-12-31,101526.54,20341558,511338,42307,Linear,Finalizada,4.46,452808.37,2.4
CAMP-2129,Influenciador_Verao_2025,TikTok Ads,Acessórios,2025-08-22,2025-12-31,84215.19,33444424,1935290,77571,Last Click,Ativa,7.31,615613.04,1.09
CAMP-2130,Parceria_Creator_2024,Email Marketing,Acessórios,2024-01-14,2025-12-31,43787.74,12485936,410037,14428,Linear,Ativa,1.5,65681.61,3.03
CAMP-2131,UGC_Organico_2023,Instagram Ads,Acessórios,2023-06-01,2023-09-19,112148.64,22285977,483040,20890,Linear,Pausada,4.68,524855.64,5.37
CAMP-2132,Performance_Beleza_2023,Marketplace,Moda,2023-05-22,2023-08-19,43402.18,3540264,189207,14365,Linear,Finalizada,1.53,66405.34,3.02
CAMP-2133,Parceria_Creator_2025,TikTok Ads,Moda,2025-09-13,2025-12-24,43581.48,5245720,269394,21909,Last Click,Pausada,7.51,327296.91,1.99
CAMP-2134,Retargeting_Carrinho_2023,Instagram Ads,Moda,2023-11-03,2024-02-19,80133.24,25638685,315984,14515,Last Click,Pausada,6.23,499230.09,5.52
CAMP-2135,Email_Reativacao_2024_05,Google Ads,Geral,2024-05-25,2024-08-20,16889.95,1825303,36526,553,First Click,Pausada,3.14,53034.44,30.54
CAMP-2136,Natal_Presentes_2025,Email Marketing,Lifestyle,2025-07-27,2025-08-09,57472.94,8214348,463886,8393,Last Click,Finalizada,3.12,179315.57,6.85
CAMP-2137,Feed_Carousel_2025_04,Orgânico,Acessórios,2025-04-21,2025-08-15,116337.37,36283832,422734,10667,Linear,Finalizada,4.97,578196.73,10.91
CAMP-2138,TikTok_Viral_2023_07,Google Ads,Beleza,2023-07-07,2023-09-19,98669.3,11731835,328363,26330,First Click,Finalizada,3.22,317715.15,3.75
CAMP-2139,Parceria_Creator_2024_05,Google Ads,Beleza,2024-05-25,2025-12-31,75409.41,20693565,621327,19149,Last Click,Ativa,3.59,270719.78,3.94
CAMP-2140,Dia_Das_Maes_2024_05,TikTok Ads,Acessórios,2024-05-01,2024-05-26,93829.97,27516206,1240344,112572,Linear,Pausada,2.41,226130.23,0.83
CAMP-2141,Liquida_Beleza_2024_02,Google Ads,Acessórios,2024-02-06,2024-04-30,55439.23,9048333,470306,34070,Last Click,Pausada,3.94,218430.57,1.63
CAMP-2142,Stories_Boost_2024_05,Google Ads,Geral,2024-05-09,2024-07-21,91262.45,14552712,813981,64530,Linear,Finalizada,3.54,323069.07,1.41
CAMP-2143,Fidelidade_Clientes_2023_05,Instagram Ads,Moda,2023-05-26,2023-06-30,51245.06,4498220,201482,2558,Last Click,Pausada,2.43,124525.5,20.03
CAMP-2144,Liquida_Beleza_2025_11,Influenciador,Lifestyle,2025-11-22,2025-12-06,83892.33,11191893,369747,23175,Linear,Finalizada,13.87,1163586.62,3.62
CAMP-2145,Stories_Boost_2023,Instagram Ads,Beleza,2023-12-24,2024-02-18,56261.86,6593527,113975,10222,First Click,Pausada,2.11,118712.52,5.5
CAMP-2146,Feed_Carousel_2025,Google Ads,Lifestyle,2025-05-03,2025-05-10,74774.15,14229832,572037,41447,Last Click,Pausada,3.23,241520.5,1.8
CAMP-2147,Lancamento_Colecao_2023,TikTok Ads,Geral,2023-10-27,2024-01-04,91684.18,9313587,540251,53902,First Click,Finalizada,3.25,297973.58,1.7
CAMP-2148,Lancamento_Colecao_2024_11,Instagram Ads,Moda,2024-11-07,2025-01-11,26366.48,6561718,103135,5060,First Click,Pausada,6.31,166372.49,5.21
CAMP-2149,Branding_Awareness_2024_09,Instagram Ads,Beleza,2024-09-10,2024-10-07,25117.72,8411282,304808,15168,Linear,Pausada,5.72,143673.36,1.66
CAMP-2150,Branding_Awareness_2025_03,Orgânico,Beleza,2025-03-21,2025-06-17,61450.91,9304584,514300,54050,Linear,Pausada,4.55,279601.64,1.14
CAMP-2151,Liquida_Beleza_2025,Orgânico,Geral,2025-04-03,2025-06-05,86009.04,33896916,1615182,67784,First Click,Pausada,1.01,86869.13,1.27
CAMP-2152,TikTok_Viral_2025,Instagram Ads,Moda,2025-08-28,2025-12-31,35532.21,9036778,191362,16088,Linear,Ativa,2.8,99490.19,2.21
CAMP-2153,Retargeting_Carrinho_2023,Orgânico,Acessórios,2023-11-13,2023-12-10,42547.2,4647848,208630,2506,First Click,Finalizada,1.13,48078.34,16.98
CAMP-2154,Lancamento_Colecao_2025,Email Marketing,Lifestyle,2025-09-25,2025-10-18,51627.08,6986890,306614,3500,First Click,Pausada,1.54,79505.7,14.75
CAMP-2155,Lancamento_Colecao_2023,Influenciador,Moda,2023-12-21,2023-12-28,80425.93,24006891,1287059,103443,First Click,Pausada,5.3,426257.43,0.78
CAMP-2156,Lookalike_Gold_2024,Email Marketing,Moda,2024-10-05,2024-12-22,103763.36,12015206,355748,19069,Last Click,Pausada,4.6,477311.46,5.44
CAMP-2157,Performance_Sempre_Ligada_2025,Email Marketing,Acessórios,2025-08-24,2025-09-01,24919.69,2005018,55014,6056,Last Click,Pausada,2.56,63794.41,4.11
CAMP-2158,Stories_Boost_2025,Marketplace,Lifestyle,2025-08-01,2025-12-31,65682.14,11353023,524371,37101,Last Click,Ativa,3.62,237769.35,1.77
CAMP-2159,Performance_Moda_2023_10,Marketplace,Lifestyle,2023-10-14,2023-11-11,70444.55,12301718,174546,1862,Last Click,Pausada,3.44,242329.25,37.83
CAMP-2160,TikTok_Viral_2025_07,Email Marketing,Geral,2025-07-04,2025-10-17,14835.85,5157925,231250,11787,Linear,Pausada,1.65,24479.15,1.26
CAMP-2161,TikTok_Viral_2023_06,TikTok Ads,Geral,2023-06-17,2023-07-18,77821.01,22062842,446124,49669,Last Click,Finalizada,7.03,547081.7,1.57
CAMP-2162,Dia_Das_Maes_2023,Marketplace,Acessórios,2023-06-24,2023-07-26,5797.4,661380,9274,428,Linear,Finalizada,2.28,13218.07,13.55
CAMP-2163,Cyber_Monday_2024_08,Marketplace,Beleza,2024-08-23,2024-11-06,48343.54,7287097,430849,17406,Last Click,Pausada,1.08,52211.02,2.78
CAMP-2164,LTV_Expansion_2025,TikTok Ads,Geral,2025-01-23,2025-03-31,100445.05,21913620,1086086,112355,Linear,Pausada,2.35,236045.87,0.89
CAMP-2165,Lancamento_Colecao_2025_06,Google Ads,Lifestyle,2025-06-23,2025-09-22,71631.62,9880502,246530,23982,Last Click,Finalizada,3.32,237816.98,2.99
CAMP-2166,CAC_Reducao_2023,Email Marketing,Geral,2023-02-22,2023-04-27,2394.91,425681,10740,593,Linear,Pausada,2.0,4789.82,4.04
CAMP-2167,LTV_Expansion_2024_01,Instagram Ads,Moda,2024-01-18,2024-05-12,116163.98,30497789,1689617,24140,First Click,Finalizada,3.74,434453.29,4.81
CAMP-2168,Retargeting_Carrinho_2023_04,Google Ads,Moda,2023-04-13,2023-07-05,7482.39,2790424,50728,3065,Linear,Finalizada,3.13,23419.88,2.44
CAMP-2169,UGC_Organico_2025_10,Orgânico,Geral,2025-10-20,2025-10-27,33835.44,12478552,580310,53531,Linear,Finalizada,3.42,115717.2,0.63
CAMP-2170,CAC_Reducao_2025_03,Marketplace,Geral,2025-03-15,2025-12-31,108782.29,20132897,573490,8803,Linear,Ativa,1.88,204510.71,12.36
CAMP-2171,Volta_as_Aulas_2025_09,Orgânico,Acessórios,2025-09-17,2025-12-31,61701.01,19426051,1128425,80897,First Click,Pausada,3.05,188188.08,0.76
CAMP-2172,UGC_Organico_2023,Email Marketing,Lifestyle,2023-10-15,2023-11-22,85469.36,31358231,264812,2766,Linear,Pausada,2.14,182904.43,30.9
CAMP-2173,UGC_Organico_2024,Email Marketing,Lifestyle,2024-06-15,2024-09-12,104371.89,18693652,256787,29769,First Click,Finalizada,4.62,482198.13,3.51
CAMP-2174,TikTok_Viral_2023_07,Orgânico,Acessórios,2023-07-21,2023-09-09,78572.22,13771339,433798,21261,Linear,Finalizada,2.56,201144.88,3.7
CAMP-2175,Parceria_Creator_2024,Influenciador,Beleza,2024-10-21,2024-11-23,114585.61,32517761,1718087,157179,Linear,Finalizada,10.71,1227211.88,0.73
CAMP-2176,Semana_Consumidor_2025,Marketplace,Lifestyle,2025-06-15,2025-07-20,39717.91,11642026,575851,10321,First Click,Finalizada,4.98,197795.19,3.85
CAMP-2177,Volta_as_Aulas_2024,Influenciador,Moda,2024-12-07,2025-12-31,53254.24,15676752,782759,80171,Linear,Ativa,1.86,99052.89,0.66
CAMP-2178,TikTok_Viral_2024,Orgânico,Beleza,2024-11-01,2024-11-08,61041.76,9139895,350616,9237,Last Click,Finalizada,3.0,183125.28,6.61
CAMP-2179,Feed_Carousel_2023,Instagram Ads,Beleza,2023-07-19,2023-09-07,114481.45,21358782,1021441,92016,First Click,Pausada,7.0,801370.15,1.24
CAMP-2180,Black_Friday_Main_2024_04,TikTok Ads,Acessórios,2024-04-06,2024-05-23,97101.67,16615835,522160,20297,First Click,Finalizada,2.41,234015.02,4.78
CAMP-2181,Lancamento_Colecao_2024,Google Ads,Lifestyle,2024-08-03,2024-11-19,106370.34,28427602,1277501,56894,First Click,Finalizada,3.99,424417.66,1.87
CAMP-2182,Remarketing_30d_2023_07,Google Ads,Moda,2023-07-04,2023-07-20,50287.98,8998219,510423,49626,Last Click,Pausada,3.47,174499.29,1.01
CAMP-2183,Liquidacao_Julho_2023,Instagram Ads,Beleza,2023-09-19,2023-12-19,114794.92,14600993,630821,58755,Last Click,Pausada,3.62,415557.61,1.95
CAMP-2184,TikTok_Viral_2023,Orgânico,Acessórios,2023-03-06,2023-05-21,78814.59,22252711,600005,25538,Linear,Pausada,2.41,189943.16,3.09
CAMP-2185,Fidelidade_Clientes_2024,Instagram Ads,Lifestyle,2024-06-11,2024-07-31,6316.4,2464963,46924,2187,Linear,Finalizada,4.44,28044.82,2.89
CAMP-2186,Lookalike_Gold_2023,Email Marketing,Lifestyle,2023-04-21,2025-12-31,49311.11,19506117,740862,56354,First Click,Ativa,2.64,130181.33,0.88
CAMP-2187,Upsell_Platinum_2025,Email Marketing,Beleza,2025-12-27,2025-12-31,86560.55,34154739,1756496,200740,First Click,Finalizada,3.25,281321.79,0.43
CAMP-2188,Lancamento_Colecao_2023_01,Orgânico,Beleza,2023-01-19,2023-03-10,48169.25,10911862,430861,24767,Linear,Pausada,1.1,52986.18,1.94
CAMP-2189,Parceria_Creator_2025,Instagram Ads,Lifestyle,2025-02-06,2025-12-31,25023.32,8794943,185997,14373,First Click,Ativa,4.38,109602.14,1.74
CAMP-2190,Stories_Boost_2023_12,Instagram Ads,Acessórios,2023-12-03,2024-01-03,90638.12,30973513,1195101,95454,Linear,Pausada,4.98,451377.84,0.95
CAMP-2191,Push_Carrinho_2023,Marketplace,Geral,2023-02-01,2023-03-08,57750.0,7569692,422551,6183,First Click,Pausada,1.5,86625.0,9.34
CAMP-2192,Push_Carrinho_2025_08,Email Marketing,Beleza,2025-08-15,2025-09-14,93572.58,16934586,681837,31130,First Click,Finalizada,4.56,426690.96,3.01
CAMP-2193,LTV_Expansion_2023_07,Email Marketing,Beleza,2023-07-07,2023-10-10,115206.29,45376558,758032,88965,Last Click,Pausada,2.16,248845.59,1.29
CAMP-2194,Performance_Moda_2024_09,Orgânico,Acessórios,2024-09-19,2024-12-29,59030.14,4970638,186543,18660,Last Click,Finalizada,2.71,159971.68,3.16
CAMP-2195,Push_Carrinho_2025,Marketplace,Beleza,2025-11-09,2025-12-29,43542.1,6514161,238456,20611,Last Click,Pausada,4.62,201164.5,2.11
CAMP-2196,LTV_Expansion_2023,Instagram Ads,Acessórios,2023-12-23,2024-02-21,57530.44,13036824,692404,82632,Linear,Finalizada,5.07,291679.33,0.7
CAMP-2197,Stories_Boost_2023,Email Marketing,Acessórios,2023-09-10,2023-11-22,95508.74,11807351,583587,15248,Linear,Pausada,1.28,122251.19,6.26
CAMP-2198,Dia_Das_Maes_2024,TikTok Ads,Acessórios,2024-02-15,2025-12-31,41123.69,14681969,174357,11639,Linear,Ativa,4.02,165317.23,3.53
CAMP-2199,Retargeting_Carrinho_2025,Marketplace,Geral,2025-01-26,2025-05-01,45484.27,18185803,1062224,78068,Linear,Finalizada,1.58,71865.15,0.58
CAMP-2200,Lookalike_Gold_2023,Email Marketing,Beleza,2023-03-25,2023-05-04,66886.0,13076774,773034,64894,First Click,Pausada,2.6,173903.6,1.03
CAMP-2201,Feed_Carousel_2025_02,Instagram Ads,Geral,2025-02-20,2025-04-01,62771.48,5077219,226075,13980,Last Click,Pausada,5.62,352775.72,4.49
CAMP-2202,Liquidacao_Julho_2024,Marketplace,Moda,2024-03-02,2024-05-31,86998.83,8485910,432819,7099,Linear,Pausada,4.9,426294.27,12.26
CAMP-2203,Lookalike_Gold_2025,Influenciador,Acessórios,2025-07-15,2025-10-12,49591.61,14594864,365326,6360,First Click,Finalizada,8.77,434918.42,7.8
CAMP-2204,Fidelidade_Clientes_2023,Instagram Ads,Acessórios,2023-02-16,2023-04-10,87236.23,7308878,76738,3705,Linear,Pausada,2.82,246006.17,23.55
CAMP-2205,Parceria_Creator_2023_01,Google Ads,Geral,2023-01-03,2025-12-31,81014.84,22557228,1219357,61080,Linear,Ativa,3.47,281121.49,1.33
CAMP-2206,Performance_Beleza_2025,Marketplace,Lifestyle,2025-04-28,2025-06-15,89830.3,14499470,689078,33158,Linear,Finalizada,3.72,334168.72,2.71
CAMP-2207,CAC_Reducao_2023_05,Influenciador,Beleza,2023-05-03,2023-05-24,93471.52,13794576,319613,36284,First Click,Finalizada,5.81,543069.53,2.58
CAMP-2208,Stories_Boost_2025_04,Google Ads,Acessórios,2025-04-28,2025-06-28,89038.72,29103449,1272106,75310,Last Click,Finalizada,3.68,327662.49,1.18
CAMP-2209,Volta_as_Aulas_2025_06,TikTok Ads,Moda,2025-06-11,2025-06-29,36281.2,10533729,522439,35163,First Click,Finalizada,4.86,176326.63,1.03
CAMP-2210,Natal_Presentes_2025,Influenciador,Lifestyle,2025-10-02,2025-11-05,60497.23,8148549,376401,31663,Linear,Finalizada,5.3,320635.32,1.91
CAMP-2211,Retargeting_Carrinho_2025_07,Email Marketing,Geral,2025-07-07,2025-08-30,38217.08,14969040,693143,15263,First Click,Pausada,3.77,144078.39,2.5
CAMP-2212,Stories_Boost_2024_12,Orgânico,Geral,2024-12-28,2025-12-31,64201.01,13566617,407854,27034,First Click,Ativa,2.29,147020.31,2.37
CAMP-2213,Performance_Moda_2023_04,TikTok Ads,Beleza,2023-04-12,2023-06-10,60109.6,8841298,447141,26799,Linear,Pausada,3.29,197760.58,2.24
CAMP-2214,CAC_Reducao_2023,Instagram Ads,Moda,2023-03-22,2023-05-01,41670.61,16238945,548189,61708,Linear,Pausada,3.66,152514.43,0.68
CAMP-2215,Performance_Beleza_2025,TikTok Ads,Beleza,2025-09-28,2025-12-05,86247.74,10788731,122348,11434,Linear,Pausada,3.16,272542.86,7.54
CAMP-2216,Upsell_Platinum_2024_05,Email Marketing,Lifestyle,2024-05-13,2025-12-31,21105.69,3362772,106582,2281,Last Click,Ativa,2.01,42422.44,9.25
CAMP-2217,Parceria_Creator_2023_05,TikTok Ads,Beleza,2023-05-14,2025-12-31,22142.75,4151847,43452,1731,First Click,Ativa,6.91,153006.4,12.79
CAMP-2218,Dia_Das_Maes_2024,Marketplace,Acessórios,2024-10-17,2025-01-11,70843.7,17949145,573892,35449,Last Click,Finalizada,3.05,216073.28,2.0
CAMP-2219,Black_Friday_Main_2023_04,TikTok Ads,Lifestyle,2023-04-09,2025-12-31,110184.46,41471822,625478,70627,First Click,Ativa,4.2,462774.73,1.56
CAMP-2220,Performance_Sempre_Ligada_2025_07,Orgânico,Lifestyle,2025-07-06,2025-08-24,118546.97,31540202,664259,72098,Last Click,Pausada,1.44,170707.64,1.64
CAMP-2221,Volta_as_Aulas_2024_05,TikTok Ads,Geral,2024-05-16,2024-07-16,48973.4,18353222,213541,10594,First Click,Finalizada,2.38,116556.69,4.62
CAMP-2222,TikTok_Viral_2023,Orgânico,Beleza,2023-08-01,2023-09-19,62311.51,22260442,1298354,27570,Linear,Finalizada,1.52,94713.5,2.26
CAMP-2223,Liquidacao_Julho_2023,Influenciador,Beleza,2023-01-07,2023-04-10,97049.47,36136267,1633525,179570,First Click,Pausada,9.72,943320.85,0.54
CAMP-2224,Liquida_Beleza_2024_06,Influenciador,Lifestyle,2024-06-14,2024-06-29,15781.01,1648789,59797,692,Last Click,Pausada,8.59,135558.88,22.8
CAMP-2225,Liquidacao_Julho_2024,Email Marketing,Moda,2024-07-03,2024-10-30,41736.68,14848456,374613,20284,Last Click,Finalizada,2.3,95994.36,2.06
CAMP-2226,Volta_as_Aulas_2023_03,Instagram Ads,Geral,2023-03-21,2023-06-23,40762.91,4252732,71915,5962,First Click,Pausada,4.16,169573.71,6.84
CAMP-2227,Semana_Consumidor_2024_07,Influenciador,Geral,2024-07-19,2024-10-11,21237.25,5107144,82371,7099,First Click,Finalizada,7.01,148873.12,2.99
CAMP-2228,Feed_Carousel_2023_04,Influenciador,Beleza,2023-04-03,2023-07-26,97776.06,24730116,1312834,79596,First Click,Pausada,13.04,1274999.82,1.23
CAMP-2229,Volta_as_Aulas_2023,Orgânico,Beleza,2023-04-28,2023-06-22,117623.5,14181668,439783,46615,Linear,Finalizada,1.54,181140.19,2.52
CAMP-2230,Lancamento_Colecao_2023_08,Orgânico,Lifestyle,2023-08-05,2023-11-14,117790.57,36651722,578226,37954,Last Click,Finalizada,3.24,381641.45,3.1
CAMP-2231,Performance_Moda_2025_01,Marketplace,Moda,2025-01-14,2025-03-30,98900.71,16329212,668376,66476,Last Click,Pausada,3.82,377800.71,1.49
CAMP-2232,Email_Reativacao_2024,Google Ads,Lifestyle,2024-03-07,2024-03-30,60064.75,18525642,183415,6972,Linear,Finalizada,3.36,201817.56,8.62
CAMP-2233,Semana_Consumidor_2023_03,Marketplace,Beleza,2023-03-25,2023-07-05,20591.79,3916663,219616,13022,Last Click,Pausada,3.84,79072.47,1.58
CAMP-2234,Semana_Consumidor_2024_06,Instagram Ads,Beleza,2024-06-11,2024-08-09,117736.26,39399781,2143482,253224,Last Click,Pausada,2.52,296695.38,0.46
CAMP-2235,CAC_Reducao_2025_02,Marketplace,Geral,2025-02-12,2025-04-13,48087.76,13771156,276910,14678,Linear,Finalizada,2.37,113967.99,3.28
CAMP-2236,TikTok_Viral_2024_09,Instagram Ads,Lifestyle,2024-09-22,2024-11-01,60035.43,9188092,163046,4828,Linear,Finalizada,2.82,169299.91,12.43
CAMP-2237,Dia_Das_Maes_2024_09,Email Marketing,Lifestyle,2024-09-15,2024-11-17,1465.98,515562,28016,1017,Linear,Pausada,3.33,4881.71,1.44
CAMP-2238,TikTok_Viral_2023,Orgânico,Lifestyle,2023-07-09,2025-12-31,49627.13,14073143,547744,17909,First Click,Ativa,1.19,59056.28,2.77
CAMP-2239,Push_Carrinho_2023,Email Marketing,Geral,2023-12-04,2024-02-13,11115.87,3589827,55558,1923,Last Click,Finalizada,3.5,38905.55,5.78
CAMP-2240,Dia_Das_Maes_2023_09,Email Marketing,Moda,2023-09-22,2025-12-31,14212.76,4860124,91121,3719,First Click,Ativa,2.61,37095.3,3.82
CAMP-2241,Upsell_Platinum_2024,Google Ads,Acessórios,2024-03-17,2024-04-02,111135.06,21900339,666595,52200,Last Click,Finalizada,3.58,397863.51,2.13
CAMP-2242,Influenciador_Inverno_2024_10,Influenciador,Acessórios,2024-10-11,2024-12-04,3245.08,615374,33612,1223,Linear,Finalizada,8.67,28134.84,2.65
CAMP-2243,Influenciador_Inverno_2023_05,Instagram Ads,Acessórios,2023-05-17,2023-09-14,107728.96,27894070,1128644,128243,Linear,Finalizada,5.7,614055.07,0.84
CAMP-2244,Performance_Moda_2023,Influenciador,Beleza,2023-08-22,2023-11-19,93026.08,9654050,403595,8310,First Click,Pausada,10.79,1003751.4,11.19
CAMP-2245,Feed_Carousel_2024_05,Influenciador,Lifestyle,2024-05-23,2024-06-18,96498.96,8966225,447910,11155,Last Click,Pausada,9.53,919635.09,8.65
CAMP-2246,Stories_Boost_2023,Marketplace,Beleza,2023-09-24,2023-10-19,114138.36,16017824,735164,62600,First Click,Finalizada,4.75,542157.21,1.82
CAMP-2247,UGC_Organico_2024_01,Orgânico,Lifestyle,2024-01-24,2024-04-14,119840.47,26326861,607023,61858,First Click,Pausada,2.0,239680.94,1.94
CAMP-2248,Upsell_Platinum_2025,TikTok Ads,Moda,2025-01-12,2025-04-13,42559.11,11190310,428764,7170,Linear,Pausada,6.81,289827.54,5.94
CAMP-2249,Influenciador_Verao_2023_11,Influenciador,Moda,2023-11-08,2023-12-26,48915.03,5264726,288519,5645,Last Click,Finalizada,3.46,169246.0,8.67
CAMP-2250,Liquidacao_Julho_2024_09,Orgânico,Beleza,2024-09-23,2024-10-08,25877.82,8422813,340428,29314,First Click,Pausada,3.19,82550.25,0.88
CAMP-2251,TikTok_Viral_2023_05,Google Ads,Acessórios,2023-05-27,2025-12-31,92206.79,11824224,570047,44530,First Click,Ativa,3.2,295061.73,2.07
CAMP-2252,TikTok_Viral_2023_05,Google Ads,Moda,2023-05-19,2023-08-05,19698.79,4889350,192257,13682,Last Click,Pausada,3.07,60475.29,1.44
CAMP-2253,Black_Friday_Main_2024_06,Orgânico,Acessórios,2024-06-06,2024-09-26,81196.83,29071313,287143,7738,Linear,Pausada,2.28,185128.77,10.49
CAMP-2254,Retargeting_Carrinho_2023_08,Orgânico,Beleza,2023-08-05,2023-10-06,58788.92,23359447,1369740,120903,First Click,Finalizada,4.65,273368.48,0.49
CAMP-2255,CAC_Reducao_2025,Instagram Ads,Beleza,2025-09-19,2025-12-31,13995.15,3386502,161407,6772,First Click,Ativa,2.15,30089.57,2.07
CAMP-2256,Natal_Presentes_2023,Orgânico,Beleza,2023-01-25,2023-03-04,114331.71,18786863,509682,6656,Last Click,Finalizada,4.58,523639.23,17.18
CAMP-2257,Retargeting_Carrinho_2024,TikTok Ads,Acessórios,2024-01-27,2024-04-01,90185.28,11644610,521553,42679,Linear,Finalizada,6.87,619572.87,2.11
CAMP-2258,Feed_Carousel_2024,Google Ads,Moda,2024-01-27,2024-04-06,11320.08,4428124,190124,22325,Last Click,Pausada,3.89,44035.11,0.51
CAMP-2259,Natal_Presentes_2023_10,TikTok Ads,Moda,2023-10-20,2024-02-02,7439.15,1544813,49443,568,Linear,Pausada,4.12,30649.3,13.1
CAMP-2260,Stories_Boost_2024,TikTok Ads,Acessórios,2024-11-20,2025-02-26,118420.43,18864605,827800,13674,Linear,Pausada,5.93,702233.15,8.66
CAMP-2261,CAC_Reducao_2023,TikTok Ads,Moda,2023-10-16,2023-10-31,78784.53,20406656,373254,11229,Last Click,Finalizada,1.7,133933.7,7.02
CAMP-2262,Lookalike_Gold_2024_05,Influenciador,Geral,2024-05-10,2024-07-25,74841.54,21580483,445790,20887,First Click,Pausada,8.88,664592.88,3.58
CAMP-2263,Black_Friday_Main_2024_09,Google Ads,Geral,2024-09-27,2024-12-30,66139.07,12437637,276937,12406,First Click,Finalizada,3.62,239423.43,5.33
CAMP-2264,Volta_as_Aulas_2023,Email Marketing,Acessórios,2023-04-10,2023-05-08,51518.19,13067666,722139,50736,Linear,Pausada,4.51,232347.04,1.02
CAMP-2265,LTV_Expansion_2023,Google Ads,Beleza,2023-09-01,2025-12-31,83443.86,17655239,544253,36506,Linear,Ativa,3.8,317086.67,2.29
CAMP-2266,UGC_Organico_2025_05,Marketplace,Acessórios,2025-05-04,2025-07-12,15806.28,3289348,44385,2069,Last Click,Pausada,2.77,43783.4,7.64
CAMP-2267,Push_Carrinho_2024,Instagram Ads,Moda,2024-06-17,2024-08-28,13486.8,4429077,93715,1756,Last Click,Pausada,2.56,34526.21,7.68
CAMP-2268,LTV_Expansion_2025_07,Orgânico,Beleza,2025-07-03,2025-12-31,64773.99,7633231,182889,20285,First Click,Ativa,2.5,161934.98,3.19
CAMP-2269,Liquida_Beleza_2023_07,Email Marketing,Geral,2023-07-24,2023-11-08,41135.08,12627183,278049,32489,Linear,Finalizada,3.97,163306.27,1.27
CAMP-2270,Remarketing_30d_2025,Google Ads,Acessórios,2025-05-28,2025-09-20,60079.86,6527169,142812,1857,Linear,Pausada,3.68,221093.88,32.35
CAMP-2271,Parceria_Creator_2024,Orgânico,Lifestyle,2024-06-28,2024-09-29,94593.93,8435121,168745,1816,Linear,Finalizada,4.82,455942.74,52.09
CAMP-2272,Feed_Carousel_2024_03,Google Ads,Beleza,2024-03-08,2024-05-02,108870.23,32643267,1433176,117061,First Click,Finalizada,3.45,375602.29,0.93
CAMP-2273,UGC_Organico_2023_09,Marketplace,Geral,2023-09-12,2024-01-08,113087.67,20802489,901109,53713,First Click,Pausada,1.77,200165.18,2.11
CAMP-2274,LTV_Expansion_2025,TikTok Ads,Geral,2025-02-14,2025-04-08,65322.78,6681385,196545,16951,First Click,Pausada,6.4,418065.79,3.85
CAMP-2275,UGC_Organico_2025,Google Ads,Lifestyle,2025-11-09,2025-12-10,97591.65,8866822,389549,11296,Linear,Finalizada,3.33,324980.19,8.64
CAMP-2276,Lookalike_Gold_2025,Email Marketing,Lifestyle,2025-02-10,2025-05-04,30758.95,8494949,238999,17535,Linear,Finalizada,1.34,41216.99,1.75
CAMP-2277,Stories_Boost_2025_12,TikTok Ads,Acessórios,2025-12-12,2025-12-31,41266.83,9910506,577741,12910,Linear,Finalizada,7.28,300422.52,3.2
CAMP-2278,Liquidacao_Julho_2025,TikTok Ads,Moda,2025-08-07,2025-10-12,83714.7,15240743,267848,11901,Linear,Finalizada,6.13,513171.11,7.03
CAMP-2279,Push_Carrinho_2024,Google Ads,Beleza,2024-05-24,2024-08-01,82484.82,24640288,256296,5114,First Click,Pausada,3.97,327464.74,16.13
CAMP-2280,UGC_Organico_2024_11,Google Ads,Geral,2024-11-21,2025-01-18,88572.5,13871378,728727,77343,Last Click,Pausada,3.3,292289.25,1.15
CAMP-2281,Push_Carrinho_2023_11,Instagram Ads,Lifestyle,2023-11-23,2024-03-17,37742.83,7253925,114518,13697,First Click,Pausada,3.01,113605.92,2.76
CAMP-2282,Influenciador_Inverno_2025,Marketplace,Beleza,2025-09-26,2025-11-17,79080.5,20846335,768173,63412,Last Click,Finalizada,2.66,210354.13,1.25
CAMP-2283,Email_Reativacao_2025,Marketplace,Lifestyle,2025-08-23,2025-12-13,41129.83,10665690,575346,51887,Last Click,Pausada,4.46,183439.04,0.79
CAMP-2284,Volta_as_Aulas_2025,Instagram Ads,Geral,2025-05-03,2025-05-10,87381.02,10368875,616118,14243,Last Click,Finalizada,3.29,287483.56,6.14
CAMP-2285,Black_Friday_Main_2023_10,Orgânico,Moda,2023-10-28,2023-11-11,43716.25,7742059,356410,15403,Linear,Finalizada,4.84,211586.65,2.84
CAMP-2286,Branding_Awareness_2025,Email Marketing,Geral,2025-06-23,2025-09-01,116464.5,30171493,1557352,140287,Linear,Finalizada,2.88,335417.76,0.83
CAMP-2287,Liquida_Beleza_2024_04,Instagram Ads,Beleza,2024-04-06,2024-04-25,10568.23,3042978,146326,14795,Last Click,Pausada,5.77,60978.69,0.71
CAMP-2288,Push_Carrinho_2025_01,Marketplace,Geral,2025-01-20,2025-03-19,87415.94,11144554,338567,37297,Linear,Finalizada,4.97,434457.22,2.34
CAMP-2289,Stories_Boost_2024_02,Orgânico,Lifestyle,2024-02-14,2024-05-28,117015.95,38139185,307421,3543,Linear,Pausada,2.89,338176.1,33.03
CAMP-2290,Liquidacao_Julho_2024_01,Email Marketing,Moda,2024-01-26,2024-04-08,63422.03,15467180,713425,79258,Linear,Pausada,4.01,254322.34,0.8
CAMP-2291,Influenciador_Inverno_2023,Google Ads,Beleza,2023-08-26,2023-12-07,68562.55,24996303,869175,34789,Linear,Pausada,3.67,251624.56,1.97
CAMP-2292,Natal_Presentes_2025_05,Marketplace,Acessórios,2025-05-18,2025-07-16,73959.75,14143782,740086,72401,Last Click,Pausada,4.25,314328.94,1.02
CAMP-2293,Natal_Presentes_2023_07,Influenciador,Acessórios,2023-07-16,2023-10-17,10959.51,2974262,48564,1035,Linear,Finalizada,7.73,84717.01,10.59
CAMP-2294,Branding_Awareness_2023_04,Influenciador,Moda,2023-04-10,2023-05-03,7509.01,1651894,28638,2212,Linear,Pausada,3.64,27332.8,3.39
CAMP-2295,Feed_Carousel_2024,Marketplace,Lifestyle,2024-03-12,2024-04-16,1411.07,524024,24872,2982,First Click,Pausada,4.28,6039.38,0.47
CAMP-2296,Dia_Das_Maes_2023,Orgânico,Acessórios,2023-06-03,2023-07-23,77746.07,12980805,373652,23409,First Click,Pausada,3.83,297767.45,3.32
CAMP-2297,Fidelidade_Clientes_2025,Marketplace,Geral,2025-01-02,2025-02-23,48052.97,18054839,527672,59298,First Click,Pausada,2.74,131665.14,0.81
CAMP-2298,Liquida_Beleza_2023,Influenciador,Beleza,2023-09-12,2023-10-09,55949.3,20503574,1052054,104685,Linear,Pausada,3.2,179037.76,0.53
CAMP-2299,LTV_Expansion_2023,Google Ads,Moda,2023-04-26,2023-07-02,1027.29,309970,7511,616,Linear,Pausada,3.03,3112.69,1.67
CAMP-2300,Natal_Presentes_2024,Marketplace,Moda,2024-04-07,2024-07-20,81999.42,23150226,832137,82528,Linear,Pausada,2.47,202538.57,0.99
CAMP-2301,Performance_Moda_2023_06,TikTok Ads,Moda,2023-06-21,2023-09-06,32471.99,4874648,64605,4368,Linear,Pausada,3.92,127290.2,7.43
CAMP-2302,Semana_Consumidor_2024_07,Orgânico,Moda,2024-07-19,2024-10-03,107258.72,30977971,869875,44057,Linear,Pausada,2.21,237041.77,2.43
CAMP-2303,Influenciador_Inverno_2024,Google Ads,Moda,2024-08-22,2024-12-08,55735.38,16385617,501792,6680,Last Click,Pausada,3.63,202319.43,8.34
CAMP-2304,Branding_Awareness_2024_09,Google Ads,Geral,2024-09-17,2024-10-20,87154.16,10675659,636123,21292,Last Click,Finalizada,3.22,280636.4,4.09
CAMP-2305,Feed_Carousel_2024_11,Email Marketing,Geral,2024-11-22,2024-12-26,9820.26,1955549,39848,813,Linear,Pausada,3.33,32701.47,12.08
CAMP-2306,Volta_as_Aulas_2024_02,Marketplace,Lifestyle,2024-02-22,2024-03-03,39928.29,8255542,252527,27845,First Click,Pausada,3.55,141745.43,1.43
CAMP-2307,Dia_Dos_Namorados_2023_05,Marketplace,Acessórios,2023-05-16,2023-06-03,99494.81,26330499,938903,34859,First Click,Finalizada,3.9,388029.76,2.85
CAMP-2308,Upsell_Platinum_2023,Orgânico,Moda,2023-09-11,2023-10-06,45859.81,5909736,147230,10638,Last Click,Finalizada,3.71,170139.9,4.31
CAMP-2309,Stories_Boost_2025,Google Ads,Geral,2025-07-08,2025-08-16,110051.07,18982678,350330,25194,Last Click,Finalizada,3.29,362068.02,4.37
CAMP-2310,Influenciador_Inverno_2023,Marketplace,Lifestyle,2023-02-16,2025-12-31,58973.92,5308811,83773,8690,Last Click,Ativa,3.95,232946.98,6.79
CAMP-2311,Liquida_Beleza_2025_07,Google Ads,Acessórios,2025-07-08,2025-08-05,88352.48,25638101,819973,73125,First Click,Finalizada,3.95,348992.3,1.21
CAMP-2312,Semana_Consumidor_2024_05,Influenciador,Geral,2024-05-19,2024-06-03,80170.31,6544165,85034,2008,Last Click,Finalizada,8.46,678240.82,39.93
CAMP-2313,UGC_Organico_2025_08,Marketplace,Moda,2025-08-07,2025-11-17,49719.37,8817540,416925,39645,First Click,Pausada,3.51,174514.99,1.25
CAMP-2314,Parceria_Creator_2025_06,Orgânico,Acessórios,2025-06-20,2025-08-01,58224.39,12683517,139906,13958,First Click,Pausada,1.79,104221.66,4.17
CAMP-2315,Liquidacao_Julho_2025,Marketplace,Lifestyle,2025-11-22,2025-12-31,1934.58,371482,12453,462,Last Click,Pausada,4.85,9382.71,4.19
CAMP-2316,UGC_Organico_2023_12,Influenciador,Acessórios,2023-12-08,2024-03-22,89355.2,29633876,1692909,77558,Last Click,Pausada,0.93,83100.34,1.15
CAMP-2317,Cyber_Monday_2024_02,Marketplace,Acessórios,2024-02-18,2024-05-04,88869.98,19694799,765292,85299,Last Click,Finalizada,4.91,436351.6,1.04
CAMP-2318,Cyber_Monday_2024,Google Ads,Lifestyle,2024-01-20,2024-04-01,74352.56,17924651,511636,47152,Linear,Finalizada,3.05,226775.31,1.58
CAMP-2319,Volta_as_Aulas_2025,Orgânico,Geral,2025-07-09,2025-10-01,31973.08,4832194,233276,8290,First Click,Pausada,3.38,108069.01,3.86
CAMP-2320,Semana_Consumidor_2023,Instagram Ads,Beleza,2023-11-12,2024-03-03,60627.59,6082115,213469,3191,Last Click,Pausada,4.1,248573.12,19.0
CAMP-2321,Performance_Beleza_2023_05,Marketplace,Acessórios,2023-05-19,2023-06-22,48402.87,10707428,341533,31015,First Click,Finalizada,3.97,192159.39,1.56
CAMP-2322,Remarketing_30d_2023,Marketplace,Moda,2023-03-04,2023-03-16,87297.54,29783068,865589,38459,Linear,Pausada,2.64,230465.51,2.27
CAMP-2323,Dia_Dos_Namorados_2025,Orgânico,Moda,2025-10-21,2025-12-31,94581.9,16728069,406835,31016,Linear,Ativa,1.52,143764.49,3.05
CAMP-2324,Fidelidade_Clientes_2023_02,Marketplace,Acessórios,2023-02-27,2023-04-15,89955.14,29258308,273489,20367,Linear,Finalizada,1.77,159220.6,4.42
CAMP-2325,Volta_as_Aulas_2023_02,Instagram Ads,Moda,2023-02-06,2023-05-27,102766.84,11334833,410126,45209,Linear,Finalizada,5.74,589881.66,2.27
CAMP-2326,Dia_Das_Maes_2025_05,TikTok Ads,Moda,2025-05-20,2025-08-09,22925.19,4777036,233068,11910,First Click,Pausada,2.29,52498.69,1.92
CAMP-2327,Parceria_Creator_2023_10,Orgânico,Geral,2023-10-14,2023-10-31,95435.41,22674083,750906,51804,Linear,Finalizada,4.79,457135.61,1.84
CAMP-2328,UGC_Organico_2025,TikTok Ads,Beleza,2025-03-25,2025-07-18,2269.26,848455,37759,2870,First Click,Finalizada,2.93,6648.93,0.79
CAMP-2329,Lookalike_Gold_2024_10,Instagram Ads,Beleza,2024-10-12,2024-11-05,67592.0,25782562,1240831,48603,Linear,Pausada,3.07,207507.44,1.39
CAMP-2330,Upsell_Platinum_2024,Instagram Ads,Acessórios,2024-06-17,2024-08-12,86018.49,13897466,116169,6265,First Click,Pausada,6.48,557399.82,13.73
CAMP-2331,Retargeting_Carrinho_2025,Marketplace,Beleza,2025-01-21,2025-02-04,71110.7,24579661,1402171,80240,First Click,Finalizada,1.67,118754.87,0.89
CAMP-2332,Parceria_Creator_2023_11,Email Marketing,Acessórios,2023-11-03,2023-11-25,103644.86,31854811,1546726,164305,First Click,Pausada,4.7,487130.84,0.63
CAMP-2333,Remarketing_30d_2024,Instagram Ads,Beleza,2024-06-19,2024-08-30,69780.94,26020482,288762,27918,Linear,Finalizada,3.42,238650.81,2.5
CAMP-2334,Volta_as_Aulas_2024_09,Influenciador,Geral,2024-09-22,2024-12-27,101529.05,36760766,1639619,130610,First Click,Pausada,12.97,1316831.78,0.78
CAMP-2335,Volta_as_Aulas_2023_06,Influenciador,Lifestyle,2023-06-06,2025-12-31,17089.62,1634878,31539,1780,First Click,Ativa,11.9,203366.48,9.6
CAMP-2336,Influenciador_Verao_2023,Orgânico,Geral,2023-05-09,2023-08-27,100812.21,36338939,1616225,139152,Linear,Finalizada,2.03,204648.79,0.72
CAMP-2337,Lookalike_Gold_2024_07,TikTok Ads,Beleza,2024-07-19,2024-08-30,3774.49,789852,30577,3035,Linear,Finalizada,7.41,27968.97,1.24
CAMP-2338,UGC_Organico_2023_12,Instagram Ads,Acessórios,2023-12-15,2024-02-10,71375.7,10744922,431390,30241,Last Click,Finalizada,5.27,376149.94,2.36
CAMP-2339,Liquidacao_Julho_2025,Influenciador,Beleza,2025-05-03,2025-08-03,34984.63,6818775,384275,45978,First Click,Pausada,3.1,108452.35,0.76
CAMP-2340,Semana_Consumidor_2024_08,Orgânico,Geral,2024-08-13,2024-11-05,105400.84,35631288,646816,13279,Linear,Pausada,2.98,314094.5,7.94
CAMP-2341,Parceria_Creator_2023,Orgânico,Acessórios,2023-08-10,2023-10-04,69977.55,5918962,344699,39920,Last Click,Finalizada,4.23,296005.04,1.75
CAMP-2342,Volta_as_Aulas_2024,Instagram Ads,Moda,2024-07-05,2024-09-19,52359.27,17056449,410019,27647,Linear,Finalizada,6.38,334052.14,1.89
CAMP-2343,Branding_Awareness_2024_11,Orgânico,Acessórios,2024-11-02,2025-12-31,44475.41,5798188,196425,12574,Last Click,Ativa,1.63,72494.92,3.54
CAMP-2344,Volta_as_Aulas_2023_04,TikTok Ads,Acessórios,2023-04-03,2023-04-28,17925.5,2462599,45706,1218,First Click,Finalizada,6.9,123685.95,14.72
CAMP-2345,Feed_Carousel_2025,Email Marketing,Lifestyle,2025-09-27,2025-12-19,105452.7,23709688,322831,37169,Linear,Finalizada,1.6,168724.32,2.84
CAMP-2346,Lookalike_Gold_2024,Influenciador,Beleza,2024-04-25,2025-12-31,86335.25,21135850,577352,32047,Last Click,Ativa,9.54,823638.28,2.69
CAMP-2347,Natal_Presentes_2023,Orgânico,Beleza,2023-03-05,2023-06-11,994.12,106632,1667,177,First Click,Pausada,4.56,4533.19,5.62
CAMP-2348,Upsell_Platinum_2024,Orgânico,Moda,2024-12-21,2025-02-01,96931.98,24450074,1200032,79585,First Click,Pausada,4.2,407114.32,1.22
CAMP-2349,Cyber_Monday_2024_10,Orgânico,Acessórios,2024-10-25,2025-01-28,5606.86,715143,40229,2292,Last Click,Finalizada,1.37,7681.4,2.45
CAMP-2350,CAC_Reducao_2025,Email Marketing,Geral,2025-12-17,2025-12-31,13264.1,1126886,11513,977,Last Click,Ativa,2.24,29711.58,13.58
CAMP-2351,CAC_Reducao_2025_10,Influenciador,Acessórios,2025-10-25,2025-12-31,81578.07,15966378,520831,60918,First Click,Pausada,5.53,451126.73,1.34
CAMP-2352,Semana_Consumidor_2025,Marketplace,Beleza,2025-05-17,2025-07-31,23611.52,7610052,256363,20229,First Click,Pausada,3.99,94209.96,1.17
CAMP-2353,Branding_Awareness_2023,Orgânico,Lifestyle,2023-06-04,2025-12-31,56019.74,13917752,514527,15704,Last Click,Ativa,4.94,276737.52,3.57
CAMP-2354,Volta_as_Aulas_2023,Influenciador,Lifestyle,2023-09-24,2023-12-05,19228.77,7611586,235592,14608,Linear,Finalizada,10.77,207093.85,1.32
CAMP-2355,Performance_Beleza_2025,Google Ads,Geral,2025-08-10,2025-11-14,9667.85,2831137,30836,1911,First Click,Finalizada,3.84,37124.54,5.06
CAMP-2356,LTV_Expansion_2025,Orgânico,Acessórios,2025-06-20,2025-08-13,47656.67,5265593,221426,13924,Last Click,Pausada,4.76,226845.75,3.42
CAMP-2357,Volta_as_Aulas_2023_01,TikTok Ads,Lifestyle,2023-01-21,2023-01-29,9978.02,3742078,99107,7432,Last Click,Finalizada,7.55,75334.05,1.34
CAMP-2358,LTV_Expansion_2024_05,Orgânico,Acessórios,2024-05-07,2024-07-29,11782.83,1404445,73406,2565,Linear,Finalizada,2.11,24861.77,4.59
CAMP-2359,Semana_Consumidor_2025,Marketplace,Beleza,2025-07-27,2025-08-06,3213.04,304039,5689,453,Last Click,Pausada,3.4,10924.34,7.09
CAMP-2360,Branding_Awareness_2025_06,Influenciador,Geral,2025-06-27,2025-08-25,88092.68,21804500,279111,31423,First Click,Pausada,14.25,1255320.69,2.8
CAMP-2361,UGC_Organico_2025_10,Instagram Ads,Lifestyle,2025-10-05,2025-11-13,54870.07,21555257,418575,10059,First Click,Pausada,6.34,347876.24,5.45
CAMP-2362,Performance_Beleza_2023,Google Ads,Moda,2023-03-06,2023-05-29,31831.83,2963744,159304,1834,Last Click,Finalizada,3.12,99315.31,17.36
CAMP-2363,Liquidacao_Julho_2023,Orgânico,Geral,2023-07-18,2023-09-21,86822.24,20736471,172768,2069,Last Click,Finalizada,4.44,385490.75,41.96
CAMP-2364,Remarketing_30d_2023_11,Marketplace,Moda,2023-11-15,2024-02-21,19614.1,7798378,408089,9474,Linear,Pausada,3.75,73552.88,2.07
CAMP-2365,Remarketing_30d_2025,Google Ads,Moda,2025-04-28,2025-06-27,57795.21,19236764,916689,22644,First Click,Pausada,3.22,186100.58,2.55
CAMP-2366,Volta_as_Aulas_2024_12,Google Ads,Moda,2024-12-25,2025-03-17,68476.44,19989805,198050,10744,Last Click,Finalizada,3.03,207483.61,6.37
CAMP-2367,Push_Carrinho_2023_02,Email Marketing,Lifestyle,2023-02-06,2023-05-07,24828.96,4688118,235303,9525,Linear,Finalizada,1.37,34015.68,2.61
CAMP-2368,Fidelidade_Clientes_2024_06,Orgânico,Lifestyle,2024-06-04,2024-07-14,14378.54,5166695,242663,14910,First Click,Pausada,4.03,57945.52,0.96
CAMP-2369,Lookalike_Gold_2025,Influenciador,Geral,2025-12-08,2025-12-31,10162.98,2148924,54966,2663,Linear,Pausada,8.51,86486.96,3.82
CAMP-2370,Liquidacao_Julho_2025_05,Orgânico,Lifestyle,2025-05-06,2025-12-31,29759.92,7845270,143265,3077,Linear,Ativa,1.77,52675.06,9.67
CAMP-2371,Liquidacao_Julho_2025_08,Marketplace,Lifestyle,2025-08-06,2025-10-11,62456.08,14514611,392439,12972,Last Click,Finalizada,1.29,80568.34,4.81
CAMP-2372,CAC_Reducao_2024_10,Instagram Ads,Acessórios,2024-10-03,2024-11-07,115199.99,33264494,1648962,48986,First Click,Pausada,2.65,305279.97,2.35
CAMP-2373,Dia_Das_Maes_2023_11,Email Marketing,Geral,2023-11-26,2024-01-23,43725.67,3883796,50049,951,First Click,Pausada,2.23,97508.24,45.98
CAMP-2374,Performance_Sempre_Ligada_2023,Influenciador,Lifestyle,2023-12-07,2024-01-15,74293.26,23967378,517707,38493,Linear,Finalizada,13.03,968041.18,1.93
CAMP-2375,Dia_Das_Maes_2024_05,Marketplace,Moda,2024-05-27,2024-08-19,37561.57,10563402,524346,40011,Last Click,Pausada,4.92,184802.92,0.94
CAMP-2376,Volta_as_Aulas_2025_01,Google Ads,Geral,2025-01-13,2025-04-03,55522.43,8548969,269366,31666,First Click,Finalizada,3.12,173229.98,1.75
CAMP-2377,LTV_Expansion_2024_03,TikTok Ads,Beleza,2024-03-14,2024-06-15,7044.75,1710842,48111,3475,Last Click,Pausada,3.24,22824.99,2.03
CAMP-2378,Performance_Sempre_Ligada_2023,Email Marketing,Acessórios,2023-11-28,2024-01-20,109817.65,24385893,442955,41861,Linear,Finalizada,1.47,161431.95,2.62
CAMP-2379,UGC_Organico_2025,Influenciador,Lifestyle,2025-10-04,2025-12-09,24831.11,8409796,386583,40013,Last Click,Finalizada,6.65,165126.88,0.62
CAMP-2380,Black_Friday_Main_2025_12,Marketplace,Geral,2025-12-18,2025-12-31,90568.1,8257880,390777,18652,Linear,Finalizada,4.77,432009.84,4.86
CAMP-2381,Black_Friday_Main_2025,Marketplace,Acessórios,2025-05-27,2025-08-31,119144.55,25190857,557226,35985,Last Click,Pausada,1.6,190631.28,3.31
CAMP-2382,Volta_as_Aulas_2025_07,TikTok Ads,Acessórios,2025-07-26,2025-09-15,97055.34,32563888,1505698,100891,Last Click,Finalizada,4.0,388221.36,0.96
CAMP-2383,CAC_Reducao_2025_05,TikTok Ads,Geral,2025-05-15,2025-07-05,101066.72,34254293,699058,72634,First Click,Finalizada,3.58,361818.86,1.39
CAMP-2384,Email_Reativacao_2024_01,Orgânico,Beleza,2024-01-25,2024-03-28,20524.44,5894313,218538,8745,Last Click,Finalizada,3.44,70604.07,2.35
CAMP-2385,Dia_Dos_Namorados_2024_06,Google Ads,Geral,2024-06-01,2024-09-19,33702.99,12045713,116746,13596,First Click,Finalizada,3.23,108860.66,2.48
CAMP-2386,Upsell_Platinum_2024,Google Ads,Geral,2024-07-19,2024-10-26,29871.42,8133013,193184,17664,First Click,Pausada,3.28,97978.26,1.69
CAMP-2387,TikTok_Viral_2024_04,Marketplace,Beleza,2024-04-02,2024-07-30,10665.86,857732,46107,1568,First Click,Finalizada,2.03,21651.7,6.8
CAMP-2388,Upsell_Platinum_2023_12,Influenciador,Moda,2023-12-05,2024-02-16,104348.05,23439264,896180,29266,Last Click,Pausada,6.22,649044.87,3.57
CAMP-2389,Black_Friday_Main_2024_12,Orgânico,Acessórios,2024-12-26,2025-02-21,89518.93,14255424,744699,85402,Linear,Finalizada,4.29,384036.21,1.05
CAMP-2390,Retargeting_Carrinho_2024,Email Marketing,Acessórios,2024-02-11,2024-05-28,85103.73,27448496,624486,62279,Linear,Pausada,1.08,91912.03,1.37
CAMP-2391,UGC_Organico_2023,Marketplace,Acessórios,2023-08-26,2023-11-28,13975.17,2455290,85745,6440,First Click,Finalizada,3.54,49472.1,2.17
CAMP-2392,Fidelidade_Clientes_2023,Email Marketing,Beleza,2023-01-14,2025-12-31,30343.02,11063759,345783,28382,First Click,Ativa,3.11,94366.79,1.07
CAMP-2393,Fidelidade_Clientes_2023_06,TikTok Ads,Lifestyle,2023-06-22,2023-09-19,49305.35,6874814,222068,19959,Last Click,Pausada,3.67,180950.63,2.47
CAMP-2394,CAC_Reducao_2023_11,Instagram Ads,Acessórios,2023-11-28,2024-02-12,112984.47,30721443,627825,55917,First Click,Pausada,3.09,349122.01,2.02
CAMP-2395,Fidelidade_Clientes_2024_08,Google Ads,Beleza,2024-08-09,2024-11-06,115202.42,12993138,601501,19717,Linear,Finalizada,3.41,392840.25,5.84
CAMP-2396,Dia_Dos_Namorados_2024_12,Marketplace,Moda,2024-12-17,2024-12-25,69537.8,22441119,912329,84775,First Click,Finalizada,1.48,102915.94,0.82
CAMP-2397,Stories_Boost_2024,TikTok Ads,Acessórios,2024-01-16,2025-12-31,54717.23,7966564,286539,23210,First Click,Ativa,3.25,177831.0,2.36
CAMP-2398,CAC_Reducao_2023_05,TikTok Ads,Moda,2023-05-17,2023-07-07,25725.39,9711409,243613,10066,Last Click,Finalizada,3.39,87209.07,2.56
CAMP-2399,Remarketing_30d_2024_03,Email Marketing,Beleza,2024-03-17,2025-12-31,1384.93,162949,5130,541,Last Click,Ativa,3.65,5054.99,2.56
CAMP-2400,Branding_Awareness_2023,TikTok Ads,Lifestyle,2023-12-03,2024-03-14,89584.29,21574069,472104,18279,Linear,Finalizada,5.08,455088.19,4.9
CAMP-2401,Performance_Sempre_Ligada_2025,Email Marketing,Lifestyle,2025-10-07,2025-12-31,119502.61,46719507,455564,35942,Last Click,Ativa,4.38,523421.43,3.32
CAMP-2402,Parceria_Creator_2025_10,Google Ads,Acessórios,2025-10-25,2025-12-31,89237.42,11678070,599517,48792,Linear,Ativa,3.95,352487.81,1.83
CAMP-2403,Dia_Dos_Namorados_2024_04,Email Marketing,Acessórios,2024-04-08,2025-12-31,72127.59,26347525,1457893,72025,First Click,Ativa,2.06,148582.84,1.0
CAMP-2404,Upsell_Platinum_2024,Google Ads,Moda,2024-10-21,2025-02-07,33166.38,11089247,123382,3676,First Click,Finalizada,3.16,104805.76,9.02
CAMP-2405,Branding_Awareness_2024,Google Ads,Geral,2024-04-03,2024-05-21,2834.6,342893,4140,472,Linear,Pausada,3.76,10658.1,6.01
CAMP-2406,Dia_Dos_Namorados_2025_03,TikTok Ads,Acessórios,2025-03-26,2025-05-10,93855.11,8485483,172685,20108,Last Click,Pausada,3.43,321923.03,4.67
CAMP-2407,Natal_Presentes_2023_09,Orgânico,Acessórios,2023-09-12,2024-01-02,72080.37,26179045,1008402,68367,Last Click,Finalizada,4.32,311387.2,1.05
CAMP-2408,Email_Reativacao_2023,Orgânico,Lifestyle,2023-09-27,2025-12-31,102990.95,25897168,861676,90089,Last Click,Ativa,4.48,461399.46,1.14
CAMP-2409,Remarketing_30d_2025_06,Influenciador,Beleza,2025-06-28,2025-09-07,22322.98,4374136,182047,15548,Linear,Finalizada,8.13,181485.83,1.44
CAMP-2410,Natal_Presentes_2024_10,Instagram Ads,Lifestyle,2024-10-02,2024-12-13,69107.46,21626340,1131584,88561,Last Click,Pausada,5.71,394603.6,0.78
CAMP-2411,Stories_Boost_2025_06,Marketplace,Moda,2025-06-01,2025-09-13,61597.35,10480910,486853,52251,Linear,Finalizada,1.12,68989.03,1.18
CAMP-2412,Dia_Dos_Namorados_2024,Google Ads,Lifestyle,2024-07-23,2024-08-29,3406.11,1289173,37997,4268,First Click,Finalizada,3.6,12262.0,0.8
CAMP-2413,Lancamento_Colecao_2025_09,Influenciador,Lifestyle,2025-09-03,2025-11-13,79752.85,17778803,859607,36965,Last Click,Pausada,9.6,765627.36,2.16
CAMP-2414,Remarketing_30d_2025_03,Influenciador,Lifestyle,2025-03-12,2025-06-17,15317.69,3746409,58878,2457,Linear,Pausada,4.1,62802.53,6.23
CAMP-2415,Semana_Consumidor_2023_01,Marketplace,Geral,2023-01-16,2025-12-31,34345.73,6384832,171993,20322,Linear,Ativa,3.28,112653.99,1.69
CAMP-2416,Influenciador_Verao_2024_12,Marketplace,Acessórios,2024-12-28,2025-02-28,16082.11,4774428,122835,6927,Last Click,Finalizada,1.62,26053.02,2.32
CAMP-2417,Upsell_Platinum_2024_01,Email Marketing,Beleza,2024-01-06,2024-03-08,31768.19,10005582,90877,3918,First Click,Finalizada,4.1,130249.58,8.11
CAMP-2418,Influenciador_Verao_2025,Marketplace,Beleza,2025-08-13,2025-12-01,113041.27,38598108,2212391,190879,Linear,Pausada,2.99,337993.4,0.59
CAMP-2419,Upsell_Platinum_2023_06,TikTok Ads,Moda,2023-06-10,2023-07-30,94878.63,18313616,739308,34735,First Click,Pausada,4.33,410824.47,2.73
CAMP-2420,Remarketing_30d_2025_11,Instagram Ads,Acessórios,2025-11-07,2025-12-31,83982.79,29847966,882301,58220,First Click,Finalizada,5.06,424952.92,1.44
CAMP-2421,Push_Carrinho_2023_01,Influenciador,Geral,2023-01-17,2023-04-25,35385.63,3730581,47069,5186,First Click,Pausada,5.16,182589.85,6.82
CAMP-2422,Performance_Beleza_2024_10,Instagram Ads,Geral,2024-10-08,2024-12-25,106482.6,35043385,1402970,163036,First Click,Finalizada,5.4,575006.04,0.65
CAMP-2423,Retargeting_Carrinho_2025,Email Marketing,Geral,2025-09-18,2025-12-20,117546.35,10660492,291392,27353,Last Click,Pausada,1.37,161038.5,4.3
CAMP-2424,UGC_Organico_2023,TikTok Ads,Beleza,2023-01-06,2023-01-19,73408.48,10332611,446875,16136,Last Click,Pausada,4.32,317124.63,4.55
CAMP-2425,Black_Friday_Main_2023_01,Email Marketing,Moda,2023-01-22,2023-02-28,62347.44,23814467,1421788,24037,Last Click,Finalizada,3.11,193900.54,2.59
CAMP-2426,Cyber_Monday_2023,Marketplace,Geral,2023-07-25,2023-09-21,89778.2,15024392,779057,19369,Linear,Pausada,2.2,197512.04,4.64
CAMP-2427,Natal_Presentes_2024_03,Instagram Ads,Beleza,2024-03-24,2024-05-25,57792.01,7377021,372103,16285,Linear,Finalizada,4.32,249661.48,3.55
CAMP-2428,Lancamento_Colecao_2024_10,Google Ads,Beleza,2024-10-27,2024-12-03,71347.21,20575505,719128,61227,Last Click,Finalizada,3.82,272546.34,1.17
CAMP-2429,UGC_Organico_2025_03,Influenciador,Geral,2025-03-10,2025-05-13,36853.46,14150226,395769,30507,Last Click,Pausada,9.44,347896.66,1.21
CAMP-2430,UGC_Organico_2024_06,Google Ads,Moda,2024-06-26,2024-08-11,23678.91,4009492,228382,18025,Linear,Pausada,3.76,89032.7,1.31
CAMP-2431,Remarketing_30d_2024,Email Marketing,Acessórios,2024-10-13,2025-01-13,115056.67,13686596,811483,24366,First Click,Pausada,4.16,478635.75,4.72
CAMP-2432,Volta_as_Aulas_2024,Orgânico,Beleza,2024-07-18,2024-08-17,27341.46,4005316,133258,9511,First Click,Pausada,3.7,101163.4,2.87
CAMP-2433,Volta_as_Aulas_2024,Google Ads,Geral,2024-08-10,2024-10-22,59593.53,9432130,530732,51265,Last Click,Finalizada,3.69,219900.13,1.16
CAMP-2434,Dia_Dos_Namorados_2025,Orgânico,Acessórios,2025-07-21,2025-11-06,99115.83,22531003,631755,53364,Linear,Finalizada,2.35,232922.2,1.86
CAMP-2435,Branding_Awareness_2025,Google Ads,Acessórios,2025-12-16,2025-12-31,112888.57,18566743,1083220,119916,First Click,Finalizada,3.37,380434.48,0.94
CAMP-2436,Lancamento_Colecao_2024,Influenciador,Acessórios,2024-04-09,2024-05-08,7561.92,970165,57235,3783,Last Click,Pausada,10.87,82198.07,2.0
CAMP-2437,Cyber_Monday_2023_06,Google Ads,Moda,2023-06-03,2023-06-21,80546.25,23387980,1165475,64069,Linear,Finalizada,3.22,259358.93,1.26
CAMP-2438,Liquidacao_Julho_2025_02,Influenciador,Moda,2025-02-21,2025-03-24,99988.09,30702661,1045014,117254,First Click,Pausada,10.8,1079871.37,0.85
CAMP-2439,Stories_Boost_2025_10,Google Ads,Acessórios,2025-10-23,2025-12-31,15637.03,2274025,29519,1601,Linear,Finalizada,3.8,59420.71,9.77
CAMP-2440,Semana_Consumidor_2023_01,Instagram Ads,Acessórios,2023-01-12,2023-04-06,63543.63,12191668,668217,54776,Last Click,Pausada,4.9,311363.79,1.16
CAMP-2441,Semana_Consumidor_2025,Influenciador,Geral,2025-01-11,2025-03-19,84454.2,16251614,654333,13430,Linear,Pausada,3.63,306568.75,6.29
CAMP-2442,Liquidacao_Julho_2023,TikTok Ads,Beleza,2023-05-28,2025-12-31,58180.8,18274789,851324,42813,Linear,Ativa,2.0,116361.6,1.36
CAMP-2443,Cyber_Monday_2023_02,TikTok Ads,Beleza,2023-02-13,2023-04-19,40830.44,15494171,787127,17415,First Click,Finalizada,7.78,317660.82,2.34
CAMP-2444,CAC_Reducao_2023,Instagram Ads,Lifestyle,2023-02-20,2025-12-31,33984.06,11417012,197970,11234,First Click,Ativa,2.22,75444.61,3.03
CAMP-2445,Influenciador_Inverno_2023,Google Ads,Acessórios,2023-07-12,2023-07-21,91587.62,14670042,365942,17280,Linear,Finalizada,3.89,356275.84,5.3
CAMP-2446,Stories_Boost_2025,Google Ads,Acessórios,2025-08-24,2025-12-31,54672.42,9868773,82910,8939,Linear,Ativa,3.85,210488.82,6.12
CAMP-2447,CAC_Reducao_2024_01,Marketplace,Geral,2024-01-14,2024-03-01,114840.51,37579541,2199023,42122,Linear,Finalizada,2.53,290546.49,2.73
CAMP-2448,Semana_Consumidor_2023,Email Marketing,Beleza,2023-04-12,2023-05-13,91276.83,34146103,302817,31842,Linear,Pausada,3.94,359630.71,2.87
CAMP-2449,Liquida_Beleza_2024,Influenciador,Moda,2024-06-16,2024-08-18,22763.79,8090696,361862,12662,Last Click,Finalizada,6.24,142046.05,1.8
CAMP-2450,Dia_Das_Maes_2024_11,Marketplace,Geral,2024-11-22,2024-12-13,17293.6,1574527,18231,1736,Linear,Pausada,3.84,66407.42,9.96
CAMP-2451,Cyber_Monday_2024,Email Marketing,Moda,2024-02-02,2024-03-04,47083.82,9266468,193542,22810,Last Click,Finalizada,1.03,48496.33,2.06
CAMP-2452,Natal_Presentes_2025_05,Orgânico,Lifestyle,2025-05-07,2025-09-02,547.2,187296,10260,237,Last Click,Pausada,1.93,1056.1,2.31
CAMP-2453,Liquida_Beleza_2023_08,Instagram Ads,Beleza,2023-08-01,2023-11-11,53012.17,6129379,107660,9410,Linear,Finalizada,4.76,252337.93,5.63
CAMP-2454,Volta_as_Aulas_2023,TikTok Ads,Beleza,2023-11-27,2024-02-02,53999.88,18844966,679021,35224,Last Click,Pausada,5.43,293219.35,1.53
CAMP-2455,LTV_Expansion_2025_02,Instagram Ads,Lifestyle,2025-02-16,2025-03-25,3857.09,1174338,69301,5919,First Click,Pausada,6.13,23643.96,0.65
CAMP-2456,Email_Reativacao_2025,TikTok Ads,Acessórios,2025-09-07,2025-12-06,58677.51,8672674,470466,19584,Last Click,Pausada,5.41,317445.33,3.0
CAMP-2457,Black_Friday_Main_2023,Orgânico,Lifestyle,2023-07-12,2023-10-29,111383.55,39923905,2038426,239928,Last Click,Finalizada,4.73,526844.19,0.46
CAMP-2458,Performance_Moda_2025_08,Marketplace,Moda,2025-08-28,2025-10-22,1003.44,164069,2847,32,First Click,Finalizada,2.28,2287.84,31.36
CAMP-2459,Stories_Boost_2024,Orgânico,Beleza,2024-02-19,2024-03-17,3323.11,402676,22743,1807,First Click,Finalizada,4.28,14222.91,1.84
CAMP-2460,UGC_Organico_2024_09,Instagram Ads,Geral,2024-09-28,2025-01-07,3361.47,921165,52361,1792,Linear,Pausada,5.25,17647.72,1.88
CAMP-2461,Performance_Sempre_Ligada_2023,Influenciador,Geral,2023-09-03,2023-09-16,104708.41,41704561,1417074,77490,Linear,Pausada,5.5,575896.26,1.35
CAMP-2462,LTV_Expansion_2024_08,Orgânico,Geral,2024-08-27,2024-11-05,10338.29,3046982,97916,8493,First Click,Pausada,4.84,50037.32,1.22
CAMP-2463,Parceria_Creator_2024,Email Marketing,Lifestyle,2024-11-21,2025-02-12,36847.86,3280006,109960,3546,Linear,Finalizada,2.45,90277.26,10.39
CAMP-2464,Cyber_Monday_2025,TikTok Ads,Geral,2025-02-19,2025-03-17,42621.32,14538365,754594,88138,Linear,Pausada,7.06,300906.52,0.48
CAMP-2465,LTV_Expansion_2025_11,TikTok Ads,Geral,2025-11-15,2025-12-31,42334.36,4046594,107477,6092,Linear,Pausada,6.77,286603.62,6.95
CAMP-2466,Semana_Consumidor_2023,Marketplace,Acessórios,2023-06-18,2025-12-31,15859.98,1842323,84379,3276,Linear,Ativa,3.0,47579.94,4.84
CAMP-2467,Influenciador_Verao_2025,Google Ads,Lifestyle,2025-10-22,2025-12-10,26095.99,4051739,113872,8387,First Click,Finalizada,3.18,82985.25,3.11
CAMP-2468,Fidelidade_Clientes_2023,TikTok Ads,Moda,2023-10-07,2025-12-31,45719.94,7376238,304649,7171,First Click,Ativa,2.23,101955.47,6.38
CAMP-2469,Dia_Das_Maes_2025,Email Marketing,Acessórios,2025-10-07,2025-11-13,25703.93,2683916,128189,8027,Linear,Pausada,3.57,91763.03,3.2
CAMP-2470,Performance_Beleza_2025,Google Ads,Geral,2025-12-26,2025-12-31,39665.0,7380645,221591,6400,Linear,Pausada,3.28,130101.2,6.2
CAMP-2471,Dia_Dos_Namorados_2024,Marketplace,Lifestyle,2024-09-04,2025-12-31,67111.96,14028675,735574,55032,First Click,Ativa,1.49,99996.82,1.22
CAMP-2472,Natal_Presentes_2023_03,Email Marketing,Beleza,2023-03-19,2023-05-21,61379.85,11503018,649926,63207,Last Click,Finalizada,3.74,229560.64,0.97
CAMP-2473,Performance_Beleza_2024_06,Influenciador,Moda,2024-06-16,2024-08-25,93760.77,24379117,776508,25176,Last Click,Finalizada,4.87,456614.95,3.72
CAMP-2474,Lancamento_Colecao_2023,Orgânico,Lifestyle,2023-06-08,2023-09-12,8431.42,1566019,41169,4292,Linear,Pausada,1.63,13743.21,1.96
CAMP-2475,Black_Friday_Main_2023,Influenciador,Geral,2023-12-26,2024-03-17,54194.74,10445947,310460,33227,Last Click,Finalizada,8.86,480165.4,1.63
CAMP-2476,Upsell_Platinum_2024_01,Email Marketing,Acessórios,2024-01-26,2024-03-13,2185.41,575290,12747,1212,First Click,Finalizada,2.09,4567.51,1.8
CAMP-2477,Performance_Sempre_Ligada_2023,Instagram Ads,Moda,2023-05-05,2023-08-19,31401.02,4450920,100043,7433,Linear,Finalizada,2.53,79444.58,4.22
CAMP-2478,Lancamento_Colecao_2025,TikTok Ads,Moda,2025-09-21,2025-12-15,25852.52,3355645,174732,13811,Last Click,Pausada,7.81,201908.18,1.87
CAMP-2479,Volta_as_Aulas_2024,Google Ads,Geral,2024-09-21,2025-12-31,10880.47,3365597,33502,1030,First Click,Ativa,3.05,33185.43,10.56
CAMP-2480,Influenciador_Verao_2024,TikTok Ads,Acessórios,2024-11-06,2024-12-21,109049.26,18628487,1107191,11467,Last Click,Finalizada,6.9,752439.89,9.51
CAMP-2481,Performance_Beleza_2024,Orgânico,Lifestyle,2024-10-23,2024-11-17,68439.99,5562058,286444,5491,Last Click,Pausada,2.18,149199.18,12.46
CAMP-2482,Upsell_Platinum_2023_10,Marketplace,Acessórios,2023-10-11,2023-11-20,82284.62,25560692,271789,4234,First Click,Finalizada,3.28,269893.55,19.43
CAMP-2483,Liquida_Beleza_2025,Instagram Ads,Acessórios,2025-06-04,2025-07-24,9132.12,2578638,119605,10934,Linear,Pausada,2.83,25843.9,0.84
CAMP-2484,Natal_Presentes_2024_07,Instagram Ads,Acessórios,2024-07-03,2024-07-15,52447.48,15347518,191329,17317,First Click,Finalizada,2.61,136887.92,3.03
CAMP-2485,Liquidacao_Julho_2024,Orgânico,Beleza,2024-07-12,2024-07-20,62243.05,24509299,957300,106559,Last Click,Pausada,3.79,235901.16,0.58
CAMP-2486,Stories_Boost_2024,Email Marketing,Moda,2024-11-20,2025-12-31,44910.6,10396896,175319,2901,Linear,Ativa,4.21,189073.63,15.48
CAMP-2487,Email_Reativacao_2023_10,Google Ads,Beleza,2023-10-28,2025-12-31,82331.73,23722336,387188,28697,First Click,Ativa,3.11,256051.68,2.87
CAMP-2488,Dia_Das_Maes_2023,Influenciador,Moda,2023-04-27,2023-06-19,108173.4,28768270,1098526,45364,First Click,Finalizada,2.73,295313.38,2.38
CAMP-2489,Parceria_Creator_2025,TikTok Ads,Beleza,2025-01-04,2025-05-04,18427.19,5125883,175902,7616,Linear,Pausada,7.87,145021.99,2.42
CAMP-2490,LTV_Expansion_2024,Email Marketing,Acessórios,2024-06-20,2024-07-06,55709.46,21205170,831085,30918,Linear,Pausada,3.67,204453.72,1.8
CAMP-2491,Influenciador_Verao_2024_05,Instagram Ads,Acessórios,2024-05-23,2024-06-14,23128.37,2956978,41135,3373,Linear,Finalizada,2.95,68228.69,6.86
CAMP-2492,Performance_Sempre_Ligada_2023_02,Influenciador,Beleza,2023-02-12,2023-06-11,106487.92,16554954,290003,10897,First Click,Pausada,11.05,1176691.52,9.77
CAMP-2493,Feed_Carousel_2024_03,Orgânico,Lifestyle,2024-03-13,2024-03-30,119888.83,15656460,935309,41569,First Click,Pausada,4.52,541897.51,2.88
CAMP-2494,Black_Friday_Main_2024_08,Google Ads,Geral,2024-08-26,2025-12-31,53892.99,10948730,264616,6564,Linear,Ativa,3.65,196709.41,8.21
CAMP-2495,Fidelidade_Clientes_2025_08,Orgânico,Geral,2025-08-21,2025-10-21,109212.61,19304733,1129514,98367,First Click,Finalizada,2.95,322177.2,1.11
CAMP-2496,Retargeting_Carrinho_2024,Instagram Ads,Moda,2024-11-11,2024-12-25,2651.61,918568,40734,4361,Linear,Pausada,2.09,5541.86,0.61
CAMP-2497,Remarketing_30d_2025,TikTok Ads,Geral,2025-08-05,2025-10-10,41490.9,5746945,149480,16052,Linear,Pausada,5.83,241891.95,2.58
CAMP-2498,Push_Carrinho_2025,Email Marketing,Beleza,2025-03-16,2025-05-17,69795.43,12709750,224130,15938,Linear,Pausada,1.68,117256.32,4.38
CAMP-2499,Stories_Boost_2024,Email Marketing,Beleza,2024-11-07,2025-02-02,93292.54,21178749,886273,59164,Last Click,Pausada,4.67,435676.16,1.58
CAMP-2500,Liquida_Beleza_2024_08,Google Ads,Beleza,2024-08-25,2024-09-11,69541.83,7138363,87041,4952,Linear,Finalizada,3.67,255218.52,14.04
CAMP-2501,Dia_Dos_Namorados_2023,Google Ads,Lifestyle,2023-05-23,2023-06-06,1019.02,234548,12300,1009,Linear,Finalizada,3.01,3067.25,1.01
CAMP-2502,Influenciador_Inverno_2025_05,Email Marketing,Lifestyle,2025-05-22,2025-08-15,23898.81,4561828,126134,7035,First Click,Finalizada,4.07,97268.16,3.4
CAMP-2503,Liquida_Beleza_2024_10,Email Marketing,Moda,2024-10-12,2025-12-31,93780.85,15221150,342972,16973,Linear,Ativa,4.6,431391.91,5.53
CAMP-2504,Performance_Beleza_2023,Influenciador,Lifestyle,2023-04-27,2023-05-28,89151.02,24600936,645847,13297,First Click,Pausada,10.49,935194.2,6.7
CAMP-2505,Dia_Dos_Namorados_2023,Orgânico,Moda,2023-10-14,2023-12-03,80768.42,31721363,1584409,90592,First Click,Pausada,3.94,318227.57,0.89
CAMP-2506,Liquidacao_Julho_2025,TikTok Ads,Lifestyle,2025-01-09,2025-12-31,28634.65,10380887,571900,14568,Last Click,Ativa,7.13,204165.05,1.97
CAMP-2507,LTV_Expansion_2024,TikTok Ads,Geral,2024-01-23,2024-05-14,26134.22,8994658,124359,8301,Linear,Pausada,6.65,173792.56,3.15
CAMP-2508,Lookalike_Gold_2025,TikTok Ads,Geral,2025-12-19,2025-12-31,81034.52,25716430,1344549,60796,First Click,Finalizada,2.28,184758.71,1.33
CAMP-2509,Influenciador_Verao_2025_07,Marketplace,Lifestyle,2025-07-08,2025-09-16,8625.56,1534144,79385,2591,Linear,Pausada,4.59,39591.32,3.33
CAMP-2510,Lookalike_Gold_2023,Email Marketing,Acessórios,2023-04-02,2023-07-11,93820.06,24962600,536436,54371,First Click,Finalizada,4.71,441892.48,1.73
CAMP-2511,TikTok_Viral_2023,Email Marketing,Moda,2023-12-14,2024-02-06,81365.73,30403320,447154,29104,Linear,Pausada,2.01,163545.12,2.8
CAMP-2512,Liquida_Beleza_2023_03,Instagram Ads,Acessórios,2023-03-17,2023-05-17,51068.5,13076032,466995,37624,Last Click,Pausada,5.8,296197.3,1.36
CAMP-2513,Natal_Presentes_2025_08,Email Marketing,Geral,2025-08-28,2025-09-05,79835.84,30980016,699077,56530,First Click,Pausada,1.85,147696.3,1.41
CAMP-2514,Influenciador_Verao_2023_02,Influenciador,Lifestyle,2023-02-02,2023-02-17,96613.79,16825601,480288,8270,First Click,Pausada,3.39,327520.75,11.68
CAMP-2515,Cyber_Monday_2024,Influenciador,Lifestyle,2024-12-15,2025-01-08,86546.05,27967231,1675861,142966,Last Click,Pausada,9.15,791896.36,0.61
CAMP-2516,Push_Carrinho_2023_11,Marketplace,Acessórios,2023-11-03,2024-02-19,85350.59,28697940,1124824,105098,Linear,Pausada,2.99,255198.26,0.81
CAMP-2517,Push_Carrinho_2024,TikTok Ads,Acessórios,2024-07-16,2024-09-08,26284.96,6143387,258800,6254,Linear,Pausada,2.05,53884.17,4.2
CAMP-2518,Dia_Das_Maes_2024,Google Ads,Geral,2024-11-21,2024-12-03,60900.13,9253402,206307,4716,Last Click,Finalizada,3.74,227766.49,12.91
CAMP-2519,UGC_Organico_2025_12,Email Marketing,Moda,2025-12-26,2025-12-31,33809.81,8531442,467003,6243,Last Click,Pausada,3.63,122729.61,5.42
CAMP-2520,Push_Carrinho_2023,Orgânico,Moda,2023-11-21,2024-01-11,96621.97,23498425,945352,103789,First Click,Finalizada,3.55,343007.99,0.93
CAMP-2521,Dia_Das_Maes_2025_03,Orgânico,Acessórios,2025-03-02,2025-04-13,72193.89,23499570,901056,53420,Last Click,Finalizada,2.01,145109.72,1.35
CAMP-2522,Lancamento_Colecao_2024,Google Ads,Geral,2024-07-15,2025-12-31,117259.11,37105718,2155981,39276,Last Click,Ativa,3.56,417442.43,2.99
CAMP-2523,Lancamento_Colecao_2025_06,Google Ads,Moda,2025-06-12,2025-08-02,90740.24,26823386,586975,66367,Linear,Finalizada,3.76,341183.3,1.37
CAMP-2524,Upsell_Platinum_2025,Orgânico,Geral,2025-07-15,2025-09-24,77392.47,28418216,427468,50046,First Click,Pausada,1.13,87453.49,1.55
CAMP-2525,Influenciador_Verao_2025,Marketplace,Beleza,2025-11-01,2025-11-10,59439.9,23203480,1376724,132237,Last Click,Finalizada,3.75,222899.62,0.45
CAMP-2526,Fidelidade_Clientes_2025,Orgânico,Acessórios,2025-12-01,2025-12-31,113124.77,9882061,435709,19244,Last Click,Pausada,1.33,150455.94,5.88
CAMP-2527,Performance_Sempre_Ligada_2023,Influenciador,Lifestyle,2023-07-05,2023-08-19,7303.44,1189026,43432,2679,Linear,Finalizada,14.71,107433.6,2.73
CAMP-2528,Influenciador_Inverno_2023,Marketplace,Acessórios,2023-04-08,2023-06-13,83213.99,24221621,476068,44283,Last Click,Pausada,2.23,185567.2,1.88
CAMP-2529,Natal_Presentes_2025_10,Orgânico,Acessórios,2025-10-20,2025-12-31,72166.16,24498962,272227,9124,First Click,Finalizada,4.19,302376.21,7.91
CAMP-2530,Email_Reativacao_2024,Email Marketing,Moda,2024-08-20,2024-11-29,31482.39,10995976,179936,11044,Linear,Pausada,1.48,46593.94,2.85
CAMP-2531,Dia_Dos_Namorados_2023,Google Ads,Moda,2023-09-14,2023-10-27,16480.75,1760079,38269,1886,First Click,Pausada,3.1,51090.33,8.74
CAMP-2532,Lookalike_Gold_2024,Google Ads,Acessórios,2024-10-03,2024-12-09,2784.56,464444,25536,1548,Last Click,Pausada,3.15,8771.36,1.8
CAMP-2533,Influenciador_Verao_2024,TikTok Ads,Acessórios,2024-01-27,2024-05-13,25356.2,3148812,40157,3270,Last Click,Finalizada,1.97,49951.71,7.75
CAMP-2534,Black_Friday_Main_2025_02,Influenciador,Moda,2025-02-04,2025-02-14,3526.6,295196,3934,358,First Click,Pausada,1.26,4443.52,9.85
CAMP-2535,Lookalike_Gold_2023_02,Influenciador,Beleza,2023-02-22,2023-03-21,94144.26,20718933,1228411,45301,Last Click,Finalizada,3.4,320090.48,2.08
CAMP-2536,Parceria_Creator_2024_07,Orgânico,Beleza,2024-07-04,2025-12-31,49240.99,19118435,463791,43637,Linear,Ativa,2.24,110299.82,1.13
CAMP-2537,Influenciador_Inverno_2025_02,Google Ads,Acessórios,2025-02-18,2025-06-10,37887.11,8348358,402782,42923,First Click,Finalizada,3.4,128816.17,0.88
CAMP-2538,Remarketing_30d_2024,Orgânico,Geral,2024-01-18,2025-12-31,102211.42,27164672,1420960,62812,First Click,Ativa,1.77,180914.21,1.63
CAMP-2539,Liquida_Beleza_2024_10,Influenciador,Geral,2024-10-08,2024-12-19,83301.0,31961092,1480249,117152,First Click,Pausada,7.87,655578.87,0.71
CAMP-2540,Natal_Presentes_2024,Influenciador,Moda,2024-06-02,2024-09-08,70391.93,25510478,1040406,62026,Last Click,Pausada,11.93,839775.72,1.13
CAMP-2541,UGC_Organico_2023,Google Ads,Lifestyle,2023-05-23,2023-08-01,57994.36,9933723,549402,39669,Last Click,Finalizada,3.25,188481.67,1.46
CAMP-2542,Influenciador_Inverno_2023_01,Marketplace,Lifestyle,2023-01-14,2025-12-31,68282.35,24555200,1376178,72826,Linear,Ativa,4.84,330486.57,0.94
CAMP-2543,Influenciador_Inverno_2024_04,Marketplace,Lifestyle,2024-04-16,2024-05-22,108404.83,38690765,1623761,84082,Last Click,Finalizada,1.49,161523.2,1.29
CAMP-2544,Parceria_Creator_2023_06,Instagram Ads,Acessórios,2023-06-09,2023-07-31,72445.66,6804639,321822,5358,First Click,Pausada,6.27,454234.29,13.52
CAMP-2545,Influenciador_Verao_2024,Google Ads,Lifestyle,2024-01-15,2024-03-12,43396.16,16498537,813191,71343,First Click,Pausada,3.69,160131.83,0.61
CAMP-2546,Influenciador_Inverno_2024_01,Google Ads,Beleza,2024-01-21,2024-05-02,29733.73,8416990,289904,19837,Linear,Finalizada,3.46,102878.71,1.5
CAMP-2547,Upsell_Platinum_2025,Influenciador,Beleza,2025-04-14,2025-12-31,102169.37,27513159,598657,33258,Linear,Ativa,12.08,1234205.99,3.07
CAMP-2548,Performance_Beleza_2025_10,Orgânico,Lifestyle,2025-10-12,2025-12-31,20961.43,6540882,299138,19214,Linear,Pausada,3.91,81959.19,1.09
CAMP-2549,Volta_as_Aulas_2024_12,TikTok Ads,Beleza,2024-12-04,2024-12-27,111826.66,18960777,175022,5856,First Click,Pausada,7.11,795087.55,19.1
CAMP-2550,Performance_Beleza_2023,Marketplace,Acessórios,2023-08-14,2023-09-24,92020.18,15511595,156707,14123,First Click,Pausada,2.47,227289.84,6.52
CAMP-2551,Influenciador_Inverno_2024_04,Google Ads,Geral,2024-04-17,2025-12-31,14907.8,1268514,10580,263,Linear,Ativa,3.53,52624.53,56.68
CAMP-2552,Feed_Carousel_2024,Google Ads,Moda,2024-11-10,2024-12-30,20531.04,7859683,277810,24724,Last Click,Finalizada,3.93,80686.99,0.83
CAMP-2553,Stories_Boost_2024,Marketplace,Acessórios,2024-03-07,2024-04-23,26199.35,8400630,425372,50800,Linear,Finalizada,4.15,108727.3,0.52
CAMP-2554,Fidelidade_Clientes_2023,Marketplace,Geral,2023-10-14,2024-01-03,9761.45,3775000,53695,607,First Click,Pausada,2.76,26941.6,16.08
CAMP-2555,Dia_Das_Maes_2023_11,Instagram Ads,Lifestyle,2023-11-21,2024-02-25,114778.31,30090312,1472603,172055,Last Click,Finalizada,3.08,353517.19,0.67
CAMP-2556,Lancamento_Colecao_2024,Instagram Ads,Lifestyle,2024-08-08,2025-12-31,3356.2,463440,17210,1231,Linear,Ativa,3.11,10437.78,2.73
CAMP-2557,Fidelidade_Clientes_2024,TikTok Ads,Geral,2024-01-16,2024-05-09,56155.3,19766504,1087890,23497,Last Click,Pausada,7.93,445311.53,2.39
CAMP-2558,LTV_Expansion_2025_06,Instagram Ads,Lifestyle,2025-06-02,2025-09-15,82186.79,18511581,1026418,52391,Linear,Pausada,5.48,450383.61,1.57
CAMP-2559,CAC_Reducao_2025,Google Ads,Acessórios,2025-12-01,2025-12-31,7243.3,928865,8760,718,First Click,Ativa,3.16,22888.83,10.09
CAMP-2560,Remarketing_30d_2024_06,Email Marketing,Geral,2024-06-06,2024-09-03,68514.13,22416195,332500,10994,Linear,Finalizada,3.48,238429.17,6.23
CAMP-2561,Remarketing_30d_2024_02,Email Marketing,Acessórios,2024-02-15,2024-06-02,23884.55,3413481,172690,12189,First Click,Pausada,2.74,65443.67,1.96
CAMP-2562,Lancamento_Colecao_2023,Email Marketing,Lifestyle,2023-08-11,2025-12-31,114578.29,36087400,517194,17746,Linear,Ativa,3.05,349463.78,6.46
CAMP-2563,Feed_Carousel_2025,Marketplace,Acessórios,2025-06-17,2025-08-25,41012.88,10383933,595763,6277,Last Click,Finalizada,1.39,57007.9,6.53
CAMP-2564,Dia_Das_Maes_2025,Instagram Ads,Lifestyle,2025-08-06,2025-10-02,74718.54,22168204,324823,9607,First Click,Finalizada,2.52,188290.72,7.78
CAMP-2565,Volta_as_Aulas_2023,Influenciador,Beleza,2023-05-26,2023-06-30,91898.87,16878593,175389,20167,Last Click,Finalizada,2.62,240775.04,4.56
CAMP-2566,Lancamento_Colecao_2025_04,Marketplace,Lifestyle,2025-04-10,2025-05-12,12972.98,4292962,240043,21276,First Click,Finalizada,2.03,26335.15,0.61
CAMP-2567,Volta_as_Aulas_2025,Marketplace,Geral,2025-09-22,2025-11-21,64041.23,14273891,574822,66306,Last Click,Finalizada,3.58,229267.6,0.97
CAMP-2568,Branding_Awareness_2024,Marketplace,Beleza,2024-05-03,2024-07-28,78443.63,17571790,699002,31366,First Click,Pausada,1.29,101192.28,2.5
CAMP-2569,Natal_Presentes_2023_02,Influenciador,Geral,2023-02-14,2023-04-07,111171.0,18096157,377053,42612,Last Click,Pausada,6.89,765968.19,2.61
CAMP-2570,UGC_Organico_2025_10,Instagram Ads,Acessórios,2025-10-07,2025-10-22,44917.73,14896417,257388,14808,First Click,Finalizada,2.7,121277.87,3.03
CAMP-2571,Retargeting_Carrinho_2025_12,TikTok Ads,Beleza,2025-12-06,2025-12-31,93202.47,10969850,295513,31919,First Click,Finalizada,2.5,233006.17,2.92
CAMP-2572,Feed_Carousel_2025,Instagram Ads,Moda,2025-06-15,2025-10-10,94563.06,11049168,222913,19531,First Click,Finalizada,3.94,372578.46,4.84
CAMP-2573,Branding_Awareness_2025_12,Instagram Ads,Geral,2025-12-28,2025-12-31,104703.96,39096404,1961946,65557,First Click,Ativa,5.49,574824.74,1.6
CAMP-2574,Push_Carrinho_2024_02,Instagram Ads,Beleza,2024-02-27,2024-04-05,40737.66,5723454,220879,10060,Linear,Finalizada,3.33,135656.41,4.05
CAMP-2575,Lookalike_Gold_2025,Email Marketing,Acessórios,2025-08-27,2025-12-06,96191.92,20814090,193456,7730,First Click,Finalizada,2.11,202964.95,12.44
CAMP-2576,Volta_as_Aulas_2023,Google Ads,Acessórios,2023-01-26,2023-04-18,87602.71,25523258,1520556,164358,First Click,Pausada,3.56,311865.65,0.53
CAMP-2577,Stories_Boost_2023_09,Orgânico,Acessórios,2023-09-23,2023-10-23,108804.13,39762603,1781737,174608,Last Click,Pausada,2.3,250249.5,0.62
CAMP-2578,Retargeting_Carrinho_2024,TikTok Ads,Geral,2024-07-04,2024-08-17,37051.22,6213386,207711,10337,Linear,Finalizada,3.13,115970.32,3.58
CAMP-2579,UGC_Organico_2025_09,Orgânico,Geral,2025-09-16,2025-10-19,82388.72,11126436,455245,11380,Linear,Finalizada,4.48,369101.47,7.24
CAMP-2580,Semana_Consumidor_2023_06,TikTok Ads,Beleza,2023-06-19,2023-06-27,83901.45,10012426,528462,13342,Linear,Finalizada,6.17,517671.95,6.29
CAMP-2581,Dia_Das_Maes_2024,Influenciador,Lifestyle,2024-08-26,2024-10-18,13433.47,5161096,215707,11170,Linear,Finalizada,6.56,88123.56,1.2
CAMP-2582,Lancamento_Colecao_2025_02,TikTok Ads,Beleza,2025-02-04,2025-05-26,44595.86,12885106,432432,41755,Last Click,Finalizada,6.39,284967.55,1.07
CAMP-2583,Upsell_Platinum_2025_07,Influenciador,Acessórios,2025-07-13,2025-08-21,116725.22,11088669,292131,3191,Linear,Finalizada,5.46,637319.7,36.58
CAMP-2584,Influenciador_Inverno_2024,Google Ads,Geral,2024-05-11,2024-06-10,59023.17,5893308,222812,15396,Linear,Pausada,3.59,211893.18,3.83
CAMP-2585,LTV_Expansion_2024,Marketplace,Beleza,2024-06-10,2024-07-05,792.64,82943,3681,183,Linear,Pausada,3.43,2718.76,4.33
CAMP-2586,Liquidacao_Julho_2024_11,TikTok Ads,Geral,2024-11-08,2025-01-09,4357.19,878275,28900,1259,First Click,Finalizada,2.81,12243.7,3.46
CAMP-2587,Lookalike_Gold_2023,Google Ads,Beleza,2023-05-08,2025-12-31,10857.65,3287862,197241,19780,First Click,Ativa,3.02,32790.1,0.55
CAMP-2588,Influenciador_Inverno_2025,Instagram Ads,Moda,2025-05-22,2025-12-31,42566.28,10239982,254114,17162,Last Click,Ativa,5.48,233263.21,2.48
CAMP-2589,Email_Reativacao_2024_02,Google Ads,Geral,2024-02-11,2025-12-31,23304.31,6403001,363004,17463,First Click,Ativa,3.21,74806.84,1.33
CAMP-2590,Liquidacao_Julho_2025_04,Marketplace,Geral,2025-04-21,2025-07-28,78876.35,14593475,851992,98044,First Click,Pausada,4.89,385705.35,0.8
CAMP-2591,Performance_Beleza_2025,Orgânico,Beleza,2025-12-26,2025-12-31,79782.48,8126113,341077,38056,First Click,Finalizada,2.55,203445.32,2.1
CAMP-2592,TikTok_Viral_2025,Orgânico,Moda,2025-10-24,2025-11-14,15643.31,5560065,314600,13753,Linear,Finalizada,4.8,75087.89,1.14
CAMP-2593,Liquidacao_Julho_2025,Google Ads,Acessórios,2025-09-10,2025-12-31,63120.24,12359197,174017,20233,Linear,Ativa,3.48,219658.44,3.12
CAMP-2594,CAC_Reducao_2023_02,TikTok Ads,Geral,2023-02-27,2023-03-22,97620.19,26762536,294994,28475,Linear,Finalizada,6.18,603292.77,3.43
CAMP-2595,UGC_Organico_2023_04,TikTok Ads,Beleza,2023-04-18,2023-06-22,12282.94,1488126,71941,7063,Last Click,Pausada,1.77,21740.8,1.74
CAMP-2596,Performance_Moda_2023,Influenciador,Acessórios,2023-05-27,2023-07-07,82697.63,10598643,136512,6419,Linear,Finalizada,11.98,990717.61,12.88
CAMP-2597,Cyber_Monday_2023,Google Ads,Lifestyle,2023-09-05,2023-12-14,46114.65,8456063,363839,7294,Last Click,Pausada,3.05,140649.68,6.32
CAMP-2598,Dia_Dos_Namorados_2025,Influenciador,Lifestyle,2025-09-27,2025-12-29,107297.42,10688138,576898,39352,Last Click,Finalizada,1.21,129829.88,2.73
CAMP-2599,Lancamento_Colecao_2025_10,Influenciador,Moda,2025-10-07,2025-11-14,61955.87,21906974,903922,96734,Last Click,Pausada,0.85,52662.49,0.64
CAMP-2600,Dia_Das_Maes_2024,Influenciador,Moda,2024-04-03,2025-12-31,74444.34,17105696,222408,15857,First Click,Ativa,10.69,795809.99,4.69
CAMP-2601,Cyber_Monday_2024,Google Ads,Acessórios,2024-11-21,2025-01-22,41309.08,9132096,103862,2492,Last Click,Finalizada,3.34,137972.33,16.58
CAMP-2602,UGC_Organico_2024_08,Email Marketing,Moda,2024-08-04,2024-09-29,51473.28,9711330,422770,31204,First Click,Finalizada,3.98,204863.65,1.65
CAMP-2603,Natal_Presentes_2023,Email Marketing,Lifestyle,2023-08-23,2025-12-31,16832.54,1718126,19004,1531,First Click,Ativa,4.32,72716.57,10.99
CAMP-2604,LTV_Expansion_2025,Orgânico,Beleza,2025-01-14,2025-04-10,60608.73,22141845,1112462,69024,First Click,Finalizada,4.33,262435.8,0.88
CAMP-2605,Parceria_Creator_2025,TikTok Ads,Beleza,2025-10-28,2025-12-31,54100.68,6265674,245781,6460,Linear,Ativa,3.08,166630.09,8.37
CAMP-2606,Branding_Awareness_2024_08,TikTok Ads,Lifestyle,2024-08-22,2024-10-04,10296.24,3259856,97515,8197,Linear,Pausada,6.92,71249.98,1.26
CAMP-2607,Semana_Consumidor_2025,Marketplace,Lifestyle,2025-02-02,2025-12-31,33277.51,5339617,152080,16184,First Click,Ativa,2.0,66555.02,2.06
CAMP-2608,Volta_as_Aulas_2024_10,Orgânico,Geral,2024-10-03,2024-10-30,75858.56,17317320,273835,30445,First Click,Pausada,3.87,293572.63,2.49
CAMP-2609,Black_Friday_Main_2024_09,Influenciador,Beleza,2024-09-02,2024-11-12,110624.54,20164027,667126,10808,Last Click,Finalizada,8.34,922608.66,10.24
CAMP-2610,CAC_Reducao_2023_01,Google Ads,Moda,2023-01-19,2025-12-31,7387.65,1590993,65191,1659,Last Click,Ativa,3.42,25265.76,4.45
CAMP-2611,Natal_Presentes_2024,Marketplace,Lifestyle,2024-07-12,2024-08-03,20050.68,5826375,338653,27757,Linear,Finalizada,4.21,84413.36,0.72
CAMP-2612,Stories_Boost_2023,Google Ads,Beleza,2023-12-10,2024-01-31,102709.35,25582415,1452832,137778,First Click,Finalizada,3.41,350238.88,0.75
CAMP-2613,Volta_as_Aulas_2024_06,Influenciador,Moda,2024-06-16,2024-09-27,98151.57,24017250,327300,29522,Last Click,Pausada,8.75,858826.24,3.32
CAMP-2614,Cyber_Monday_2024,Influenciador,Geral,2024-10-14,2024-12-12,5204.65,1962960,109769,12186,Last Click,Pausada,6.99,36380.5,0.43
CAMP-2615,Stories_Boost_2025,Google Ads,Beleza,2025-07-24,2025-09-01,10775.43,2806624,49308,5305,Last Click,Pausada,3.27,35235.66,2.03
CAMP-2616,Liquidacao_Julho_2025,Marketplace,Geral,2025-06-27,2025-08-31,27736.29,5738073,59353,1051,First Click,Pausada,2.23,61851.93,26.39
CAMP-2617,Feed_Carousel_2024,Google Ads,Geral,2024-01-18,2025-12-31,94851.01,12300447,475997,12233,Linear,Ativa,3.2,303523.23,7.75
CAMP-2618,Volta_as_Aulas_2024,TikTok Ads,Beleza,2024-11-07,2024-12-05,4145.89,1281974,55166,6281,Linear,Finalizada,7.34,30430.83,0.66
CAMP-2619,Performance_Beleza_2024,Influenciador,Moda,2024-07-22,2024-10-12,23936.76,2331901,84834,5873,Last Click,Finalizada,4.76,113938.98,4.08
CAMP-2620,Volta_as_Aulas_2025_10,Marketplace,Acessórios,2025-10-01,2025-12-31,117243.4,28355264,684966,36930,Linear,Ativa,3.43,402144.86,3.17
CAMP-2621,Performance_Beleza_2024,Email Marketing,Beleza,2024-11-27,2025-12-31,116137.06,32844771,622040,34170,Linear,Ativa,3.97,461064.13,3.4
CAMP-2622,Influenciador_Inverno_2024_06,Instagram Ads,Geral,2024-06-19,2024-10-04,19987.05,4648022,81743,4237,First Click,Finalizada,3.05,60960.5,4.72
CAMP-2623,Stories_Boost_2025_03,Influenciador,Acessórios,2025-03-16,2025-04-30,110633.07,37882095,1496282,42226,Last Click,Finalizada,10.39,1149477.6,2.62
CAMP-2624,Stories_Boost_2025,Google Ads,Beleza,2025-11-08,2025-12-17,50059.27,5692422,150159,16984,First Click,Finalizada,3.74,187221.67,2.95
CAMP-2625,Parceria_Creator_2024_09,Email Marketing,Moda,2024-09-13,2025-01-02,90978.61,29002810,1280782,147456,Last Click,Finalizada,4.87,443065.83,0.62
CAMP-2626,Cyber_Monday_2024_01,Influenciador,Geral,2024-01-25,2024-05-12,10189.49,3935837,158702,7243,Last Click,Finalizada,10.17,103627.11,1.41
CAMP-2627,Fidelidade_Clientes_2025,Instagram Ads,Geral,2025-04-23,2025-08-19,65426.71,16633155,237984,17544,First Click,Pausada,4.1,268249.51,3.73
CAMP-2628,Liquida_Beleza_2025_04,TikTok Ads,Beleza,2025-04-16,2025-07-09,75870.21,20877571,1043184,20880,First Click,Pausada,2.54,192710.33,3.63
CAMP-2629,Upsell_Platinum_2023,Instagram Ads,Acessórios,2023-02-17,2023-03-19,907.28,117086,4467,223,Last Click,Pausada,2.97,2694.62,4.07
CAMP-2630,Liquidacao_Julho_2025_02,Orgânico,Beleza,2025-02-10,2025-05-03,9730.03,2288609,40157,941,First Click,Pausada,2.94,28606.29,10.34
CAMP-2631,TikTok_Viral_2023_10,TikTok Ads,Moda,2023-10-12,2024-02-04,11902.45,3897464,129667,5863,First Click,Pausada,5.98,71176.65,2.03
CAMP-2632,Feed_Carousel_2025,Orgânico,Moda,2025-02-21,2025-06-04,114155.85,22875667,590722,68253,Last Click,Pausada,1.7,194064.95,1.67
CAMP-2633,Parceria_Creator_2025,TikTok Ads,Lifestyle,2025-04-09,2025-07-25,13825.16,5145814,124817,11116,Last Click,Finalizada,2.25,31106.61,1.24
CAMP-2634,Parceria_Creator_2025,Orgânico,Moda,2025-12-18,2025-12-31,17047.66,6641017,366038,37633,Linear,Finalizada,1.95,33242.94,0.45
CAMP-2635,Dia_Dos_Namorados_2023,Orgânico,Geral,2023-09-24,2023-12-20,21610.8,3145807,43693,3638,Linear,Pausada,4.44,95951.95,5.94
CAMP-2636,LTV_Expansion_2024_12,Google Ads,Beleza,2024-12-03,2024-12-27,22590.89,5066635,82734,2170,First Click,Finalizada,3.16,71387.21,10.41
CAMP-2637,Performance_Sempre_Ligada_2024,Instagram Ads,Moda,2024-08-19,2024-10-02,63590.03,23510132,451052,48695,First Click,Pausada,2.51,159610.98,1.31
CAMP-2638,Email_Reativacao_2025,Marketplace,Acessórios,2025-02-04,2025-04-11,88475.21,34061821,284998,12877,Last Click,Finalizada,2.59,229150.79,6.87
CAMP-2639,Dia_Das_Maes_2024_08,TikTok Ads,Beleza,2024-08-08,2024-09-05,5087.35,1340410,16555,1414,First Click,Pausada,2.86,14549.82,3.6
CAMP-2640,Natal_Presentes_2024,Influenciador,Moda,2024-04-03,2024-05-15,7465.71,1416018,44268,4315,First Click,Pausada,7.78,58083.22,1.73
CAMP-2641,Performance_Sempre_Ligada_2024,Email Marketing,Lifestyle,2024-08-15,2025-12-31,93843.96,22648905,694880,53573,Linear,Ativa,3.24,304054.43,1.75
CAMP-2642,Fidelidade_Clientes_2025,Google Ads,Moda,2025-08-13,2025-09-26,40901.15,9946333,246076,21892,Last Click,Pausada,3.9,159514.49,1.87
CAMP-2643,Influenciador_Inverno_2025_10,Google Ads,Acessórios,2025-10-15,2025-12-31,65910.05,17183179,242727,20839,First Click,Pausada,3.01,198389.25,3.16
CAMP-2644,Branding_Awareness_2023_04,Instagram Ads,Beleza,2023-04-09,2025-12-31,107467.86,37822905,1353171,24397,First Click,Ativa,3.82,410527.23,4.4
CAMP-2645,Stories_Boost_2024_06,Influenciador,Moda,2024-06-03,2025-12-31,56393.84,17382966,385981,44235,First Click,Ativa,1.79,100944.97,1.27
CAMP-2646,Retargeting_Carrinho_2024_09,Orgânico,Acessórios,2024-09-12,2025-01-06,68095.49,25328453,935122,107290,Last Click,Finalizada,1.65,112357.56,0.63
CAMP-2647,UGC_Organico_2024_12,TikTok Ads,Moda,2024-12-22,2025-02-06,65254.36,6896080,143545,16951,First Click,Finalizada,1.91,124635.83,3.85
CAMP-2648,UGC_Organico_2024,Instagram Ads,Lifestyle,2024-12-14,2025-03-19,55873.71,11909465,139385,14587,First Click,Finalizada,4.0,223494.84,3.83
CAMP-2649,Remarketing_30d_2023,Instagram Ads,Acessórios,2023-10-05,2023-12-08,36909.55,3839791,210320,22230,First Click,Finalizada,2.2,81201.01,1.66
CAMP-2650,CAC_Reducao_2025,Orgânico,Beleza,2025-01-09,2025-03-01,36778.98,8883466,145977,8853,First Click,Pausada,1.76,64731.0,4.15
CAMP-2651,Liquida_Beleza_2024_11,Instagram Ads,Geral,2024-11-19,2024-12-19,62991.3,16239233,791820,39340,First Click,Finalizada,6.89,434010.06,1.6
CAMP-2652,Lookalike_Gold_2023,Email Marketing,Geral,2023-04-21,2023-07-26,107031.55,30037878,495543,54076,Linear,Finalizada,3.45,369258.85,1.98
CAMP-2653,UGC_Organico_2025,Email Marketing,Acessórios,2025-07-07,2025-10-24,91941.73,15775194,360808,8978,Last Click,Finalizada,3.23,296971.79,10.24
CAMP-2654,Influenciador_Inverno_2025_06,Orgânico,Acessórios,2025-06-05,2025-08-28,66458.23,17074066,723918,39510,Last Click,Pausada,2.89,192064.28,1.68
CAMP-2655,Influenciador_Verao_2023_05,TikTok Ads,Beleza,2023-05-01,2023-07-27,6971.2,790501,23758,880,First Click,Pausada,3.2,22307.84,7.92
CAMP-2656,Push_Carrinho_2024_12,Instagram Ads,Lifestyle,2024-12-07,2025-03-12,21410.91,7698792,146373,4222,First Click,Finalizada,4.1,87784.73,5.07
CAMP-2657,Natal_Presentes_2024,Google Ads,Lifestyle,2024-01-10,2024-03-03,95945.67,11273795,622353,50886,First Click,Finalizada,3.87,371309.74,1.89
CAMP-2658,Retargeting_Carrinho_2023_08,Instagram Ads,Moda,2023-08-11,2023-10-30,35304.73,9237175,303521,12678,Linear,Finalizada,5.16,182172.41,2.78
CAMP-2659,Natal_Presentes_2023_11,Orgânico,Lifestyle,2023-11-25,2024-01-01,107927.92,11210493,453465,10670,Linear,Pausada,4.01,432790.96,10.12
CAMP-2660,Parceria_Creator_2024_11,Email Marketing,Beleza,2024-11-13,2025-02-03,20988.83,4640560,86423,2902,Last Click,Finalizada,3.11,65275.26,7.23
CAMP-2661,Email_Reativacao_2023,Influenciador,Geral,2023-06-08,2023-06-22,38066.91,4497734,122187,13908,Last Click,Finalizada,3.69,140466.9,2.74
CAMP-2662,Retargeting_Carrinho_2023_11,Marketplace,Geral,2023-11-08,2025-12-31,114951.7,39093400,1446481,55846,Linear,Ativa,1.1,126446.87,2.06
CAMP-2663,Stories_Boost_2024,Instagram Ads,Beleza,2024-07-10,2024-08-16,64301.71,19147598,1127427,127821,Linear,Finalizada,2.24,144035.83,0.5
CAMP-2664,Stories_Boost_2025,Instagram Ads,Lifestyle,2025-07-01,2025-10-10,13884.98,1228476,61507,4640,Last Click,Finalizada,4.23,58733.47,2.99
CAMP-2665,Dia_Dos_Namorados_2023,Email Marketing,Moda,2023-02-17,2023-05-11,46413.75,3846091,46273,4396,First Click,Pausada,3.33,154557.79,10.56
CAMP-2666,Fidelidade_Clientes_2024_01,Instagram Ads,Beleza,2024-01-05,2024-02-05,49954.72,4022717,85380,1348,Linear,Pausada,2.83,141371.86,37.06
CAMP-2667,Parceria_Creator_2025_04,Email Marketing,Acessórios,2025-04-21,2025-12-31,111075.29,11021438,312322,5869,First Click,Ativa,3.19,354330.18,18.93
CAMP-2668,Retargeting_Carrinho_2024,Influenciador,Moda,2024-10-13,2025-01-07,60729.54,9935712,96235,1615,Last Click,Finalizada,4.53,275104.82,37.6
CAMP-2669,Dia_Dos_Namorados_2024_01,Google Ads,Lifestyle,2024-01-21,2024-05-14,20515.67,6273242,224139,12673,First Click,Finalizada,3.58,73446.1,1.62
CAMP-2670,Fidelidade_Clientes_2025_10,Email Marketing,Lifestyle,2025-10-23,2025-12-03,117039.26,34070525,1508353,50480,Linear,Finalizada,3.81,445919.58,2.32
CAMP-2671,Volta_as_Aulas_2025_04,Email Marketing,Beleza,2025-04-01,2025-06-10,69058.82,20111639,789232,54307,First Click,Finalizada,2.77,191292.93,1.27
CAMP-2672,Feed_Carousel_2025,Marketplace,Lifestyle,2025-11-04,2025-12-31,70478.28,19288364,886255,61065,First Click,Ativa,2.12,149413.95,1.15
CAMP-2673,Liquidacao_Julho_2023_06,Email Marketing,Moda,2023-06-26,2023-07-06,63782.53,20767564,849372,66324,Linear,Pausada,3.87,246838.39,0.96
CAMP-2674,Email_Reativacao_2024,Marketplace,Beleza,2024-05-22,2024-07-18,108829.17,20082146,246170,7103,Last Click,Pausada,2.16,235071.01,15.32
CAMP-2675,Dia_Dos_Namorados_2024,Google Ads,Beleza,2024-05-27,2024-06-16,105198.61,12814226,287371,21284,Linear,Pausada,3.98,418690.47,4.94
CAMP-2676,Branding_Awareness_2024_07,Orgânico,Beleza,2024-07-12,2024-08-08,76980.99,17751927,560324,50590,Linear,Finalizada,4.29,330248.45,1.52
CAMP-2677,Dia_Das_Maes_2024_08,Marketplace,Lifestyle,2024-08-08,2024-12-03,67303.67,21526072,985696,88728,First Click,Finalizada,1.3,87494.77,0.76
CAMP-2678,Fidelidade_Clientes_2024,Influenciador,Geral,2024-07-15,2024-11-07,10058.46,2387552,59402,1704,Linear,Pausada,9.04,90928.48,5.9
CAMP-2679,UGC_Organico_2024_10,Google Ads,Geral,2024-10-22,2024-12-22,105308.96,15468641,625814,40426,Linear,Finalizada,3.95,415970.39,2.6
CAMP-2680,UGC_Organico_2023,Email Marketing,Moda,2023-01-27,2023-04-10,32450.75,7140791,78978,3067,First Click,Finalizada,3.86,125259.89,10.58
CAMP-2681,Parceria_Creator_2024,Influenciador,Beleza,2024-10-24,2025-02-21,26720.87,8078074,207742,18237,Last Click,Finalizada,13.13,350845.02,1.47
CAMP-2682,Influenciador_Inverno_2024_03,Orgânico,Beleza,2024-03-20,2024-04-05,15874.75,3476626,58108,2314,First Click,Finalizada,1.09,17303.48,6.86
CAMP-2683,Parceria_Creator_2024,Google Ads,Lifestyle,2024-02-03,2024-04-13,22824.88,2877198,49882,2597,First Click,Finalizada,3.89,88788.78,8.79
CAMP-2684,Lookalike_Gold_2025,Orgânico,Beleza,2025-09-02,2025-12-09,57819.38,19509615,973155,14898,Linear,Pausada,3.95,228386.55,3.88
CAMP-2685,Performance_Sempre_Ligada_2025,Google Ads,Moda,2025-06-10,2025-08-23,30126.16,8702281,461055,7360,First Click,Finalizada,3.63,109357.96,4.09
CAMP-2686,Stories_Boost_2024,Instagram Ads,Beleza,2024-09-18,2025-12-31,19169.82,7106665,68462,2494,Last Click,Ativa,6.88,131888.36,7.69
CAMP-2687,Natal_Presentes_2024,Marketplace,Acessórios,2024-08-08,2024-09-27,45421.52,8823846,207689,16183,Linear,Finalizada,4.6,208938.99,2.81
CAMP-2688,Black_Friday_Main_2024,Instagram Ads,Geral,2024-12-09,2025-03-24,13123.87,1262083,35154,1141,First Click,Pausada,3.18,41733.91,11.5
CAMP-2689,Dia_Das_Maes_2025_03,Email Marketing,Geral,2025-03-07,2025-04-07,24851.84,7385688,436764,19325,First Click,Pausada,2.35,58401.82,1.29
CAMP-2690,Dia_Das_Maes_2023_07,Marketplace,Moda,2023-07-09,2025-12-31,16806.02,5623385,49141,2869,First Click,Ativa,3.53,59325.25,5.86
CAMP-2691,Lancamento_Colecao_2024_09,Orgânico,Lifestyle,2024-09-16,2024-10-06,115110.21,29928178,620217,73658,Linear,Finalizada,3.79,436267.7,1.56
CAMP-2692,Stories_Boost_2023,Marketplace,Beleza,2023-03-19,2023-05-20,99041.34,37024875,960187,80018,Last Click,Finalizada,4.19,414983.21,1.24
CAMP-2693,Retargeting_Carrinho_2023_08,Email Marketing,Geral,2023-08-15,2023-09-11,65634.52,16529669,588415,55497,Linear,Finalizada,3.37,221188.33,1.18
CAMP-2694,Lookalike_Gold_2025,Email Marketing,Lifestyle,2025-06-03,2025-09-10,75067.9,7620164,341057,25319,Last Click,Finalizada,2.57,192924.5,2.96
CAMP-2695,LTV_Expansion_2024,Influenciador,Acessórios,2024-06-05,2024-08-25,3814.64,393732,10733,465,Linear,Pausada,13.24,50505.83,8.2
CAMP-2696,Feed_Carousel_2024_09,Email Marketing,Acessórios,2024-09-12,2024-11-21,94538.07,22752861,738015,47002,Linear,Pausada,1.18,111554.92,2.01
CAMP-2697,Influenciador_Inverno_2024,Influenciador,Acessórios,2024-01-24,2024-04-26,50937.58,6410030,265165,12677,Linear,Pausada,13.66,695807.34,4.02
CAMP-2698,CAC_Reducao_2025,Instagram Ads,Moda,2025-05-22,2025-12-31,58130.22,17877793,913378,58896,Linear,Ativa,4.12,239496.51,0.99
CAMP-2699,Dia_Dos_Namorados_2024_02,Google Ads,Moda,2024-02-08,2024-02-16,70571.17,8525057,371965,7312,First Click,Finalizada,3.48,245587.67,9.65
CAMP-2700,Dia_Das_Maes_2024_11,Marketplace,Lifestyle,2024-11-06,2025-02-12,104330.64,33729034,1593057,101776,Last Click,Pausada,4.68,488267.4,1.03
CAMP-2701,Liquidacao_Julho_2024,Orgânico,Moda,2024-07-17,2024-08-01,43157.15,9917112,436487,21880,Last Click,Finalizada,1.32,56967.44,1.97
CAMP-2702,Influenciador_Verao_2025,Marketplace,Geral,2025-05-02,2025-07-01,46683.55,9819711,85783,6223,First Click,Pausada,3.78,176463.82,7.5
CAMP-2703,Parceria_Creator_2023,TikTok Ads,Moda,2023-04-19,2023-05-20,15977.52,5911934,333536,22074,Linear,Pausada,4.13,65987.16,0.72
CAMP-2704,UGC_Organico_2023_11,Google Ads,Moda,2023-11-23,2024-02-10,101510.64,37095439,1373207,128503,Last Click,Finalizada,3.49,354272.13,0.79
CAMP-2705,Branding_Awareness_2025,Email Marketing,Acessórios,2025-09-21,2025-11-19,10415.9,2249359,44250,2133,First Click,Pausada,2.04,21248.44,4.88
CAMP-2706,Volta_as_Aulas_2023,Marketplace,Geral,2023-03-25,2023-06-12,50750.36,6222353,51178,1190,Linear,Pausada,3.35,170013.71,42.65
CAMP-2707,Performance_Sempre_Ligada_2023_08,TikTok Ads,Moda,2023-08-13,2023-09-02,68566.03,16508715,497124,30491,Last Click,Pausada,6.94,475848.25,2.25
CAMP-2708,Dia_Dos_Namorados_2023_07,Orgânico,Lifestyle,2023-07-01,2023-07-27,23279.25,4940624,129007,7966,Last Click,Pausada,2.96,68906.58,2.92
CAMP-2709,Branding_Awareness_2025_05,Marketplace,Geral,2025-05-06,2025-07-18,96086.44,7744326,181948,1987,Linear,Finalizada,1.87,179681.64,48.36
CAMP-2710,Dia_Das_Maes_2023_01,Google Ads,Acessórios,2023-01-07,2023-02-22,85191.91,15119341,667182,34628,Linear,Pausada,3.13,266650.68,2.46
CAMP-2711,CAC_Reducao_2024_02,Google Ads,Lifestyle,2024-02-04,2024-05-09,1741.43,274635,16129,167,Linear,Pausada,3.82,6652.26,10.43
CAMP-2712,Influenciador_Verao_2024,Orgânico,Geral,2024-09-22,2024-10-16,67549.4,9724319,406192,33758,First Click,Pausada,1.38,93218.17,2.0
CAMP-2713,Parceria_Creator_2024_08,Email Marketing,Moda,2024-08-26,2024-12-14,76578.23,16513911,469799,24970,First Click,Pausada,2.21,169237.89,3.07
CAMP-2714,Parceria_Creator_2025_04,Email Marketing,Moda,2025-04-06,2025-07-30,69865.2,11846479,101037,3244,First Click,Finalizada,1.2,83838.24,21.54
CAMP-2715,TikTok_Viral_2024,Orgânico,Geral,2024-01-27,2024-03-20,41535.33,12473825,531975,11619,Last Click,Pausada,2.0,83070.66,3.57
CAMP-2716,Email_Reativacao_2025,Google Ads,Acessórios,2025-06-14,2025-07-03,5882.86,1988384,96935,3629,First Click,Finalizada,3.45,20295.87,1.62
CAMP-2717,Dia_Dos_Namorados_2023,Marketplace,Moda,2023-12-28,2024-02-15,34227.84,12095476,280490,19521,Linear,Pausada,1.64,56133.66,1.75
CAMP-2718,Retargeting_Carrinho_2023,Email Marketing,Geral,2023-09-17,2023-09-24,39495.13,6654608,214769,13880,Linear,Pausada,1.98,78200.36,2.85
CAMP-2719,Performance_Moda_2024_08,Instagram Ads,Acessórios,2024-08-14,2024-09-07,115065.06,35095332,1749773,91933,Last Click,Pausada,3.64,418836.82,1.25
CAMP-2720,Lookalike_Gold_2025_01,Orgânico,Geral,2025-01-28,2025-04-17,67515.49,11095017,538021,16607,Last Click,Finalizada,2.02,136381.29,4.07
CAMP-2721,TikTok_Viral_2024_07,Marketplace,Acessórios,2024-07-03,2024-08-09,41322.7,7800884,377571,43506,First Click,Finalizada,4.58,189257.97,0.95
CAMP-2722,Dia_Dos_Namorados_2025_06,Orgânico,Lifestyle,2025-06-24,2025-08-26,17169.32,2517912,111398,13036,Linear,Pausada,4.84,83099.51,1.32
CAMP-2723,Performance_Beleza_2024_01,TikTok Ads,Beleza,2024-01-04,2024-02-16,18677.27,4241530,125479,2718,First Click,Pausada,2.99,55845.04,6.87
CAMP-2724,TikTok_Viral_2024_09,Orgânico,Geral,2024-09-02,2024-11-04,285.9,35667,1958,214,Linear,Pausada,1.86,531.77,1.34
CAMP-2725,Black_Friday_Main_2023_01,Instagram Ads,Moda,2023-01-25,2023-04-21,47642.96,11079629,652391,38305,First Click,Finalizada,5.23,249172.68,1.24
CAMP-2726,CAC_Reducao_2025,Influenciador,Lifestyle,2025-04-13,2025-06-20,55308.08,6205840,252603,2595,Last Click,Pausada,5.23,289261.26,21.31
CAMP-2727,Parceria_Creator_2025,TikTok Ads,Beleza,2025-07-16,2025-09-01,47053.0,10548776,414080,7597,Linear,Finalizada,1.54,72461.62,6.19
CAMP-2728,Influenciador_Verao_2024,Influenciador,Lifestyle,2024-09-21,2025-01-01,86298.07,8286775,218745,25481,First Click,Pausada,1.34,115639.41,3.39
CAMP-2729,Branding_Awareness_2023,Influenciador,Beleza,2023-03-19,2023-05-19,15508.03,2591066,87468,5766,Linear,Finalizada,8.67,134454.62,2.69
CAMP-2730,UGC_Organico_2023,Instagram Ads,Lifestyle,2023-02-25,2023-03-19,73085.89,16765219,773419,11212,First Click,Finalizada,5.36,391740.37,6.52
CAMP-2731,Cyber_Monday_2025_09,Marketplace,Beleza,2025-09-11,2025-11-13,75770.34,23724338,538992,55462,Linear,Pausada,4.28,324297.06,1.37
CAMP-2732,Performance_Sempre_Ligada_2025,Instagram Ads,Geral,2025-05-04,2025-07-23,113568.59,22821402,262892,8963,First Click,Finalizada,3.75,425882.21,12.67
CAMP-2733,Feed_Carousel_2025,Orgânico,Geral,2025-05-21,2025-06-19,75704.99,8565313,498986,36985,Last Click,Finalizada,2.41,182449.03,2.05
CAMP-2734,Branding_Awareness_2025_05,TikTok Ads,Moda,2025-05-06,2025-06-18,99117.85,17873360,559811,44076,First Click,Pausada,6.24,618495.38,2.25
CAMP-2735,Liquida_Beleza_2023,TikTok Ads,Beleza,2023-09-18,2023-12-20,118473.37,24232595,735961,87808,Linear,Finalizada,6.97,825759.39,1.35
CAMP-2736,Lancamento_Colecao_2023,Email Marketing,Lifestyle,2023-04-25,2023-06-10,77790.35,20267187,1024334,63244,Linear,Pausada,2.15,167249.25,1.23
CAMP-2737,Lookalike_Gold_2023_09,Orgânico,Beleza,2023-09-04,2023-11-02,19497.38,6278015,267157,21292,First Click,Pausada,2.79,54397.69,0.92
CAMP-2738,Cyber_Monday_2024,Google Ads,Acessórios,2024-04-17,2024-04-24,14864.52,5629038,208727,14736,First Click,Finalizada,3.82,56782.47,1.01
CAMP-2739,CAC_Reducao_2025_07,Instagram Ads,Acessórios,2025-07-02,2025-10-23,48837.81,10975920,128602,3218,Linear,Finalizada,6.06,295957.13,15.18
CAMP-2740,Liquida_Beleza_2023_01,Email Marketing,Geral,2023-01-28,2023-02-23,38486.85,8471458,82527,5395,First Click,Finalizada,1.95,75049.36,7.13
CAMP-2741,Liquida_Beleza_2023_07,Google Ads,Acessórios,2023-07-15,2023-09-21,71437.09,20423187,446185,33767,Last Click,Pausada,3.38,241457.36,2.12
CAMP-2742,Cyber_Monday_2023,TikTok Ads,Acessórios,2023-04-13,2023-08-05,57299.66,9328634,250953,21677,First Click,Finalizada,4.44,254410.49,2.64
CAMP-2743,UGC_Organico_2025_05,Influenciador,Acessórios,2025-05-26,2025-09-13,117975.16,21637169,983531,80665,Linear,Pausada,14.52,1712999.32,1.46
CAMP-2744,Dia_Dos_Namorados_2024_02,Instagram Ads,Geral,2024-02-25,2024-06-15,37897.98,8280321,450814,43552,Last Click,Pausada,2.37,89818.21,0.87
CAMP-2745,Parceria_Creator_2025,Marketplace,Lifestyle,2025-07-16,2025-10-14,7422.09,1576351,83569,9935,Linear,Finalizada,3.18,23602.25,0.75
CAMP-2746,Performance_Moda_2023,Orgânico,Beleza,2023-10-08,2023-11-25,21461.8,5046907,173994,9937,Linear,Pausada,2.2,47215.96,2.16
CAMP-2747,Lancamento_Colecao_2023_12,Influenciador,Acessórios,2023-12-08,2024-03-23,29456.34,8235219,445182,11229,First Click,Pausada,1.28,37704.12,2.62
CAMP-2748,Natal_Presentes_2025_08,Influenciador,Lifestyle,2025-08-28,2025-11-24,48410.93,12167246,102118,8208,Linear,Pausada,14.93,722775.18,5.9
CAMP-2749,Upsell_Platinum_2024_02,TikTok Ads,Beleza,2024-02-13,2025-12-31,63135.1,18621696,897393,79579,Linear,Ativa,5.61,354187.91,0.79
CAMP-2750,Feed_Carousel_2024,Marketplace,Lifestyle,2024-07-24,2024-08-27,3145.34,940612,24377,2908,Linear,Finalizada,2.78,8744.05,1.08
CAMP-2751,Remarketing_30d_2025,Google Ads,Acessórios,2025-02-19,2025-03-22,95623.75,12393358,565670,64857,First Click,Pausada,3.71,354764.11,1.47
CAMP-2752,Email_Reativacao_2023,Orgânico,Beleza,2023-09-25,2024-01-20,22414.49,3519275,134252,14154,Last Click,Finalizada,2.44,54691.36,1.58
CAMP-2753,Performance_Sempre_Ligada_2023,Influenciador,Lifestyle,2023-09-20,2023-12-04,10447.48,3396091,36204,1286,First Click,Pausada,3.44,35939.33,8.12
CAMP-2754,Lancamento_Colecao_2024,Email Marketing,Beleza,2024-08-07,2024-09-21,37140.53,8281175,416483,29209,Linear,Pausada,1.4,51996.74,1.27
CAMP-2755,Volta_as_Aulas_2025_03,Email Marketing,Acessórios,2025-03-03,2025-06-17,7349.97,1570720,82027,4499,Linear,Finalizada,2.17,15949.43,1.63
CAMP-2756,Parceria_Creator_2024,Google Ads,Lifestyle,2024-07-02,2024-09-14,25465.88,6736192,351992,24597,Linear,Pausada,3.79,96515.69,1.04
CAMP-2757,Liquida_Beleza_2024,Influenciador,Acessórios,2024-11-07,2024-11-23,24442.42,2084029,76720,4036,First Click,Finalizada,11.29,275954.92,6.06
CAMP-2758,Retargeting_Carrinho_2023,Email Marketing,Moda,2023-04-23,2023-06-08,61964.89,21017326,1023759,85406,Last Click,Pausada,3.53,218736.06,0.73
CAMP-2759,Cyber_Monday_2024,TikTok Ads,Beleza,2024-11-23,2025-02-25,27602.82,3047504,137421,11799,Last Click,Pausada,6.5,179418.33,2.34
CAMP-2760,CAC_Reducao_2025_05,Google Ads,Beleza,2025-05-12,2025-06-27,34954.49,2826118,116024,6950,First Click,Pausada,3.95,138070.24,5.03
CAMP-2761,Liquidacao_Julho_2024_02,Google Ads,Geral,2024-02-25,2024-05-23,61471.72,15285286,185709,9673,Linear,Pausada,3.75,230518.95,6.35
CAMP-2762,Performance_Moda_2023_07,Orgânico,Moda,2023-07-01,2023-09-21,76529.65,16951563,675504,31684,Linear,Pausada,3.5,267853.77,2.42
CAMP-2763,Cyber_Monday_2024_05,Marketplace,Beleza,2024-05-03,2024-07-02,75253.08,19160973,440133,52174,First Click,Finalizada,4.39,330361.02,1.44
CAMP-2764,Natal_Presentes_2024,Instagram Ads,Acessórios,2024-01-28,2024-05-01,18514.58,2733992,96486,3034,First Click,Finalizada,6.24,115530.98,6.1
CAMP-2765,Dia_Dos_Namorados_2023,Marketplace,Moda,2023-11-01,2024-02-12,74062.08,14809156,248562,20564,Linear,Pausada,3.55,262920.38,3.6
CAMP-2766,Lancamento_Colecao_2024,Instagram Ads,Acessórios,2024-08-04,2024-09-23,111624.99,32400114,1566952,101785,Last Click,Pausada,4.87,543613.7,1.1
CAMP-2767,Email_Reativacao_2025_02,Influenciador,Lifestyle,2025-02-06,2025-05-26,35266.27,11380417,196246,2087,Linear,Pausada,14.39,507481.63,16.9
CAMP-2768,Lookalike_Gold_2025,Instagram Ads,Lifestyle,2025-03-02,2025-06-27,16815.27,5890687,314520,22088,Linear,Finalizada,2.79,46914.6,0.76
CAMP-2769,Cyber_Monday_2024_01,Marketplace,Beleza,2024-01-28,2024-02-11,88453.04,35009058,527421,48776,Last Click,Finalizada,4.55,402461.33,1.81
CAMP-2770,Cyber_Monday_2023,Google Ads,Moda,2023-12-25,2024-01-06,58464.0,15908832,800729,77443,Last Click,Pausada,3.51,205208.64,0.75
CAMP-2771,Dia_Dos_Namorados_2025_04,Influenciador,Moda,2025-04-16,2025-06-07,25416.31,6783365,148100,15213,First Click,Finalizada,11.19,284408.51,1.67
CAMP-2772,Email_Reativacao_2023_09,Google Ads,Beleza,2023-09-14,2024-01-04,34640.37,7332282,152373,3669,First Click,Pausada,3.32,115006.03,9.44
CAMP-2773,Lancamento_Colecao_2024_11,Influenciador,Moda,2024-11-17,2025-02-16,40282.67,3580088,87273,6220,First Click,Pausada,7.58,305342.64,6.48
CAMP-2774,TikTok_Viral_2023,Instagram Ads,Geral,2023-08-09,2023-10-15,68246.41,20568157,669012,42339,First Click,Pausada,2.05,139905.14,1.61
CAMP-2775,Fidelidade_Clientes_2024_07,Orgânico,Lifestyle,2024-07-17,2024-09-26,109859.73,27419486,689238,77661,Last Click,Finalizada,2.18,239494.21,1.41
CAMP-2776,Influenciador_Verao_2024,Email Marketing,Acessórios,2024-07-01,2024-08-05,45537.78,4488946,104114,11138,Linear,Finalizada,1.59,72405.07,4.09
CAMP-2777,Semana_Consumidor_2023_04,Instagram Ads,Geral,2023-04-14,2023-05-17,42799.7,15169417,744922,63036,First Click,Pausada,2.02,86455.39,0.68
CAMP-2778,TikTok_Viral_2024,Email Marketing,Beleza,2024-02-13,2025-12-31,47631.66,15610306,391626,45886,Last Click,Ativa,4.67,222439.85,1.04
CAMP-2779,Performance_Moda_2025,Email Marketing,Lifestyle,2025-01-07,2025-01-26,23716.57,5463389,63451,2833,First Click,Finalizada,3.21,76130.19,8.37
CAMP-2780,Cyber_Monday_2024_07,Influenciador,Beleza,2024-07-09,2024-10-30,90752.73,13655413,257787,20275,First Click,Pausada,9.19,834017.59,4.48
CAMP-2781,CAC_Reducao_2023,Orgânico,Acessórios,2023-09-21,2023-11-11,21864.68,7387072,380489,40622,First Click,Pausada,1.12,24488.44,0.54
CAMP-2782,Branding_Awareness_2025_08,Influenciador,Geral,2025-08-27,2025-10-31,32825.68,7767282,333542,27337,Linear,Finalizada,4.49,147387.3,1.2
CAMP-2783,Lancamento_Colecao_2025,Email Marketing,Moda,2025-07-15,2025-10-07,43878.36,14628787,859974,40421,Last Click,Finalizada,1.93,84685.23,1.09
CAMP-2784,Influenciador_Verao_2025_04,Instagram Ads,Moda,2025-04-25,2025-05-04,56523.01,20954638,605090,66216,Linear,Finalizada,6.61,373617.1,0.85
CAMP-2785,Upsell_Platinum_2024_02,TikTok Ads,Moda,2024-02-23,2024-06-22,51631.89,14690341,797702,10758,First Click,Finalizada,2.55,131661.32,4.8
CAMP-2786,Email_Reativacao_2025,Orgânico,Geral,2025-09-15,2025-12-31,81356.13,17555828,983236,73449,First Click,Pausada,2.85,231864.97,1.11
CAMP-2787,Upsell_Platinum_2024,Marketplace,Beleza,2024-02-04,2025-12-31,64655.83,12037646,720211,79865,First Click,Ativa,4.65,300649.61,0.81
CAMP-2788,Parceria_Creator_2024_12,Marketplace,Lifestyle,2024-12-06,2024-12-21,100953.78,27034503,381693,39484,Linear,Pausada,3.57,360404.99,2.56
CAMP-2789,Dia_Dos_Namorados_2025_03,Email Marketing,Lifestyle,2025-03-09,2025-06-10,75017.57,15707709,646924,27262,Linear,Pausada,3.71,278315.18,2.75
CAMP-2790,Volta_as_Aulas_2024,TikTok Ads,Lifestyle,2024-04-15,2024-04-29,25897.64,9523712,176821,12069,First Click,Finalizada,7.81,202260.57,2.15
CAMP-2791,Remarketing_30d_2024,Marketplace,Moda,2024-10-27,2025-01-12,32663.81,5805542,47886,4410,Last Click,Pausada,2.78,90805.39,7.41
CAMP-2792,Liquida_Beleza_2023_02,Instagram Ads,Beleza,2023-02-02,2023-03-20,53455.05,21242627,707080,52517,Linear,Pausada,2.88,153950.54,1.02
CAMP-2793,LTV_Expansion_2025_05,Email Marketing,Lifestyle,2025-05-05,2025-06-07,31183.05,8368935,278200,27962,First Click,Finalizada,4.46,139076.4,1.12
CAMP-2794,Lookalike_Gold_2024_12,TikTok Ads,Geral,2024-12-07,2025-02-04,119016.18,26482735,1505853,99326,Linear,Finalizada,5.14,611743.17,1.2
CAMP-2795,Branding_Awareness_2025_08,Orgânico,Beleza,2025-08-03,2025-11-25,22664.2,6070155,268207,13143,Linear,Finalizada,4.18,94736.36,1.72
CAMP-2796,Natal_Presentes_2024_02,TikTok Ads,Acessórios,2024-02-18,2024-05-26,442.29,125281,4099,459,First Click,Finalizada,1.9,840.35,0.96
CAMP-2797,Fidelidade_Clientes_2023,Influenciador,Acessórios,2023-01-10,2025-12-31,108065.51,22789157,652589,42002,First Click,Ativa,11.76,1270850.4,2.57
CAMP-2798,Remarketing_30d_2023,Marketplace,Moda,2023-08-19,2023-11-28,12489.79,2717676,126499,5798,First Click,Finalizada,4.04,50458.75,2.15
CAMP-2799,Volta_as_Aulas_2023,Orgânico,Acessórios,2023-10-24,2023-11-03,25436.98,6493617,85949,9448,First Click,Finalizada,1.54,39172.95,2.69
CAMP-2800,Liquidacao_Julho_2023_03,TikTok Ads,Acessórios,2023-03-24,2023-05-01,47672.75,18825306,377842,6552,Last Click,Pausada,3.27,155889.89,7.28
CAMP-2801,Parceria_Creator_2024,Google Ads,Lifestyle,2024-01-27,2024-05-16,118661.76,28948641,1708441,25504,Linear,Finalizada,3.02,358358.52,4.65
CAMP-2802,CAC_Reducao_2025_12,Instagram Ads,Lifestyle,2025-12-12,2025-12-31,97614.33,20081095,228174,8741,First Click,Ativa,6.95,678419.59,11.17
CAMP-2803,Cyber_Monday_2023,Instagram Ads,Beleza,2023-11-02,2024-02-08,46188.58,10130845,592120,24581,First Click,Finalizada,5.68,262351.13,1.88
CAMP-2804,Upsell_Platinum_2025_11,Influenciador,Beleza,2025-11-04,2025-12-31,26706.31,4047938,67465,7845,Linear,Finalizada,1.56,41661.84,3.4
CAMP-2805,Lancamento_Colecao_2024_09,Orgânico,Moda,2024-09-03,2024-11-15,114437.84,25747013,456060,15776,Linear,Pausada,4.43,506959.63,7.25
CAMP-2806,Dia_Dos_Namorados_2024,Email Marketing,Acessórios,2024-06-11,2024-07-05,13403.58,1583306,48930,5833,First Click,Finalizada,4.93,66079.65,2.3
CAMP-2807,Performance_Beleza_2025,Influenciador,Beleza,2025-06-02,2025-08-16,106760.14,17660228,226328,21494,Linear,Finalizada,9.01,961908.86,4.97
CAMP-2808,Performance_Moda_2024,Email Marketing,Geral,2024-11-06,2024-12-23,71684.86,25789483,536897,30816,Linear,Finalizada,1.75,125448.51,2.33
CAMP-2809,Natal_Presentes_2024_02,Influenciador,Moda,2024-02-16,2024-05-08,83435.51,16372893,868286,27857,First Click,Finalizada,9.03,753422.66,3.0
CAMP-2810,Liquida_Beleza_2024,Instagram Ads,Beleza,2024-04-09,2024-05-18,63689.25,5500589,62922,7506,Last Click,Finalizada,2.56,163044.48,8.49
CAMP-2811,Influenciador_Inverno_2024,Marketplace,Moda,2024-05-22,2024-07-08,112633.31,38008145,1156952,54252,Linear,Pausada,1.51,170076.3,2.08
CAMP-2812,Parceria_Creator_2024,TikTok Ads,Lifestyle,2024-01-24,2024-02-12,13043.89,3247513,44241,3278,Last Click,Pausada,5.13,66915.16,3.98
CAMP-2813,Influenciador_Verao_2025_11,Instagram Ads,Geral,2025-11-09,2025-12-31,66545.64,21599311,1143806,102959,Last Click,Finalizada,6.05,402601.12,0.65
CAMP-2814,CAC_Reducao_2024_10,Email Marketing,Moda,2024-10-08,2025-12-31,1901.76,670440,16646,1158,Linear,Ativa,1.05,1996.85,1.64
CAMP-2815,Stories_Boost_2025_02,Email Marketing,Moda,2025-02-09,2025-12-31,26152.32,8054064,74970,8946,Linear,Ativa,1.45,37920.86,2.92
CAMP-2816,Cyber_Monday_2024,Instagram Ads,Lifestyle,2024-12-08,2025-03-07,97280.98,26189874,261319,7913,First Click,Finalizada,7.0,680966.86,12.29
CAMP-2817,Liquidacao_Julho_2025,Marketplace,Acessórios,2025-05-14,2025-12-31,16624.19,4715265,77140,8883,Last Click,Ativa,4.85,80627.32,1.87
CAMP-2818,Liquida_Beleza_2023,TikTok Ads,Lifestyle,2023-09-04,2025-12-31,82313.54,25740574,963497,101200,Last Click,Ativa,1.84,151456.91,0.81
CAMP-2819,Cyber_Monday_2025,Email Marketing,Geral,2025-05-19,2025-08-26,71938.43,25258678,712729,74706,Linear,Finalizada,1.9,136683.02,0.96
CAMP-2820,CAC_Reducao_2025,TikTok Ads,Lifestyle,2025-07-12,2025-10-14,59553.26,21944310,312467,17545,Linear,Finalizada,7.09,422232.61,3.39
CAMP-2821,Semana_Consumidor_2023_01,Orgânico,Moda,2023-01-10,2023-04-06,101953.89,18048492,1014507,73733,Last Click,Finalizada,3.6,367034.0,1.38
CAMP-2822,Feed_Carousel_2023_09,Influenciador,Lifestyle,2023-09-13,2025-12-31,86948.38,32889329,1763868,54509,First Click,Ativa,2.34,203459.21,1.6
CAMP-2823,CAC_Reducao_2023,Instagram Ads,Acessórios,2023-05-24,2023-08-09,46388.67,5106838,90340,1884,Last Click,Finalizada,4.84,224521.16,24.62
CAMP-2824,LTV_Expansion_2024,Marketplace,Lifestyle,2024-09-13,2025-12-31,89555.28,26876020,1410252,45140,Linear,Ativa,4.86,435238.66,1.98
CAMP-2825,Influenciador_Verao_2024_11,Google Ads,Lifestyle,2024-11-27,2025-03-21,81104.4,18785754,668412,48196,First Click,Pausada,3.59,291164.8,1.68
CAMP-2826,Liquida_Beleza_2024,Marketplace,Geral,2024-06-13,2024-07-12,79783.62,21647586,1085241,124483,Last Click,Finalizada,1.56,124462.45,0.64
CAMP-2827,Dia_Das_Maes_2023,Email Marketing,Beleza,2023-03-16,2023-04-24,63984.32,17670359,699419,64895,Last Click,Pausada,3.54,226504.49,0.99
CAMP-2828,Performance_Sempre_Ligada_2025_01,TikTok Ads,Geral,2025-01-06,2025-04-23,107303.24,9193670,485117,31379,Linear,Pausada,4.23,453892.71,3.42
CAMP-2829,LTV_Expansion_2023,Influenciador,Lifestyle,2023-03-24,2023-07-06,32241.27,4882203,131659,4409,Last Click,Finalizada,12.66,408174.48,7.31
CAMP-2830,Lancamento_Colecao_2025_02,Orgânico,Beleza,2025-02-01,2025-03-03,88367.53,10567237,374995,38316,Linear,Pausada,4.43,391468.16,2.31
CAMP-2831,Performance_Beleza_2024,Instagram Ads,Acessórios,2024-11-16,2024-12-25,57952.03,16407372,772132,68231,Last Click,Finalizada,6.36,368574.91,0.85
CAMP-2832,Remarketing_30d_2023_09,Instagram Ads,Geral,2023-09-09,2023-11-14,47434.82,15822060,655118,38760,Last Click,Pausada,5.1,241917.58,1.22
CAMP-2833,Dia_Dos_Namorados_2023,Orgânico,Beleza,2023-12-10,2025-12-31,39075.39,10521881,599127,14537,Last Click,Ativa,4.54,177402.27,2.69
CAMP-2834,Liquida_Beleza_2023_08,Marketplace,Acessórios,2023-08-15,2023-10-18,5938.6,2366173,99935,6728,Last Click,Finalizada,1.37,8135.88,0.88
CAMP-2835,CAC_Reducao_2024_01,Email Marketing,Lifestyle,2024-01-08,2024-02-08,69975.81,14470685,692058,44160,First Click,Pausada,2.19,153247.02,1.58
CAMP-2836,LTV_Expansion_2024,TikTok Ads,Lifestyle,2024-06-23,2024-10-21,44347.04,10685416,415567,24592,Linear,Pausada,3.99,176944.69,1.8
CAMP-2837,Retargeting_Carrinho_2025,Orgânico,Beleza,2025-10-06,2025-11-12,77496.64,7553020,449560,50669,Linear,Pausada,4.41,341760.18,1.53
CAMP-2838,Liquidacao_Julho_2025_05,Orgânico,Acessórios,2025-05-14,2025-07-16,63135.64,21074296,738243,69238,Last Click,Finalizada,1.86,117432.29,0.91
CAMP-2839,Dia_Das_Maes_2023_10,Orgânico,Moda,2023-10-11,2023-11-24,117381.41,31393434,1400827,23969,First Click,Finalizada,3.99,468351.83,4.9
CAMP-2840,Remarketing_30d_2025_01,Google Ads,Lifestyle,2025-01-03,2025-03-09,59420.65,15609991,236604,19925,Last Click,Pausada,3.58,212725.93,2.98
CAMP-2841,Push_Carrinho_2025,Influenciador,Geral,2025-08-22,2025-09-08,66563.84,18779795,941331,91659,First Click,Finalizada,10.91,726211.49,0.73
CAMP-2842,Dia_Das_Maes_2023,Instagram Ads,Moda,2023-12-09,2024-03-29,80203.02,21716426,619913,28002,First Click,Finalizada,4.93,395400.89,2.86
CAMP-2843,TikTok_Viral_2023,Influenciador,Geral,2023-10-23,2023-11-11,79723.25,6579977,296658,23562,First Click,Pausada,7.51,598721.61,3.38
CAMP-2844,Performance_Beleza_2025,Influenciador,Beleza,2025-03-16,2025-06-13,105213.09,32681586,1262619,67358,Last Click,Finalizada,2.36,248302.89,1.56
CAMP-2845,CAC_Reducao_2023_01,TikTok Ads,Geral,2023-01-12,2025-12-31,15090.84,3451570,160957,2741,First Click,Ativa,7.42,111974.03,5.51
CAMP-2846,Influenciador_Inverno_2024_04,TikTok Ads,Beleza,2024-04-14,2024-07-16,81645.5,19534994,372320,40713,Last Click,Finalizada,4.02,328214.91,2.01
CAMP-2847,Fidelidade_Clientes_2024,Email Marketing,Acessórios,2024-01-07,2024-01-15,85121.35,22888490,896354,34279,Linear,Finalizada,1.3,110657.76,2.48
CAMP-2848,Parceria_Creator_2025_01,Orgânico,Beleza,2025-01-26,2025-04-27,57868.04,9521847,271420,29208,Linear,Pausada,4.05,234365.56,1.98
CAMP-2849,Remarketing_30d_2023_12,Influenciador,Acessórios,2023-12-03,2024-03-15,34921.75,5366924,151790,9873,First Click,Pausada,14.85,518587.99,3.54
CAMP-2850,Volta_as_Aulas_2024_04,Google Ads,Beleza,2024-04-13,2024-08-06,85872.4,31149758,777126,45853,Last Click,Finalizada,3.49,299694.68,1.87
CAMP-2851,Remarketing_30d_2024_09,Orgânico,Moda,2024-09-25,2025-12-31,6835.38,1638783,57643,1996,Last Click,Ativa,2.85,19480.83,3.42
CAMP-2852,Upsell_Platinum_2025,Influenciador,Acessórios,2025-11-03,2025-12-28,31384.91,9517604,466468,15163,Linear,Pausada,3.93,123342.7,2.07
CAMP-2853,Dia_Das_Maes_2024_06,Marketplace,Beleza,2024-06-13,2024-07-22,69695.3,22571319,864923,14703,Last Click,Pausada,2.57,179116.92,4.74
CAMP-2854,Email_Reativacao_2023,Google Ads,Moda,2023-11-13,2023-12-08,95146.56,9250282,400525,21136,Linear,Pausada,3.46,329207.1,4.5
CAMP-2855,TikTok_Viral_2024_09,TikTok Ads,Moda,2024-09-04,2025-12-31,88959.3,17477177,924626,85908,Linear,Ativa,6.24,555106.03,1.04
CAMP-2856,Fidelidade_Clientes_2025,Orgânico,Beleza,2025-07-12,2025-09-18,91897.52,24869586,949986,66360,Last Click,Pausada,3.79,348291.6,1.38
CAMP-2857,Parceria_Creator_2025_10,Influenciador,Lifestyle,2025-10-19,2025-10-30,10882.78,1504947,58040,4443,Last Click,Finalizada,13.99,152250.09,2.45
CAMP-2858,Influenciador_Inverno_2023,Influenciador,Geral,2023-08-01,2025-12-31,15449.64,2458530,118865,11980,Linear,Ativa,6.17,95324.28,1.29
CAMP-2859,TikTok_Viral_2024,Google Ads,Acessórios,2024-07-01,2024-08-08,90989.79,31862626,730630,36215,Linear,Finalizada,3.14,285707.94,2.51
CAMP-2860,Upsell_Platinum_2024,Instagram Ads,Geral,2024-03-23,2024-05-16,86747.49,16744167,494139,9560,Linear,Pausada,3.82,331375.41,9.07
CAMP-2861,Liquidacao_Julho_2023_04,Email Marketing,Beleza,2023-04-23,2023-08-21,82958.24,15215563,509611,6544,Linear,Pausada,1.78,147665.67,12.68
CAMP-2862,Dia_Dos_Namorados_2025,Google Ads,Beleza,2025-12-06,2025-12-31,42946.38,5410825,283531,19276,First Click,Pausada,3.73,160190.0,2.23
CAMP-2863,Dia_Dos_Namorados_2025,Influenciador,Geral,2025-07-10,2025-08-06,63244.52,11329427,525130,20621,Last Click,Finalizada,5.15,325709.28,3.07
CAMP-2864,Volta_as_Aulas_2025,Orgânico,Beleza,2025-04-04,2025-04-26,87171.73,8348409,303958,34289,Last Click,Finalizada,3.96,345200.05,2.54
CAMP-2865,Performance_Beleza_2025_11,TikTok Ads,Moda,2025-11-11,2025-12-31,38543.25,3213426,25959,2842,Last Click,Pausada,6.85,264021.26,13.56
CAMP-2866,Lookalike_Gold_2024,Email Marketing,Acessórios,2024-05-16,2024-08-06,53695.1,18236042,838008,96392,Linear,Pausada,2.54,136385.55,0.56
CAMP-2867,UGC_Organico_2024_04,Influenciador,Acessórios,2024-04-08,2024-07-28,53233.76,16928389,494952,17410,First Click,Finalizada,13.47,717058.75,3.06
CAMP-2868,Cyber_Monday_2023_09,Google Ads,Acessórios,2023-09-04,2023-09-20,262.12,39303,907,63,Last Click,Finalizada,3.29,862.37,4.16
CAMP-2869,Performance_Moda_2023_02,Instagram Ads,Lifestyle,2023-02-20,2023-04-08,30449.32,3708135,110016,8655,First Click,Pausada,4.82,146765.72,3.52
CAMP-2870,Parceria_Creator_2024_06,Email Marketing,Moda,2024-06-19,2024-07-26,45442.37,11955202,562562,63534,Last Click,Finalizada,3.23,146778.86,0.72
CAMP-2871,Email_Reativacao_2024_12,TikTok Ads,Lifestyle,2024-12-08,2025-01-30,73756.91,21136822,748496,50626,Linear,Pausada,6.36,469093.95,1.46
CAMP-2872,Remarketing_30d_2025,Orgânico,Lifestyle,2025-06-15,2025-12-31,13765.13,3883960,139167,16075,Last Click,Ativa,3.89,53546.36,0.86
CAMP-2873,Cyber_Monday_2023,Instagram Ads,Acessórios,2023-10-11,2023-12-18,57401.1,13470845,273783,22018,Linear,Finalizada,4.54,260600.99,2.61
CAMP-2874,Fidelidade_Clientes_2024_07,Marketplace,Acessórios,2024-07-27,2025-12-31,102892.5,28673030,1612691,150230,Last Click,Ativa,2.33,239739.52,0.68
CAMP-2875,Dia_Dos_Namorados_2023,Email Marketing,Geral,2023-03-24,2023-06-15,76782.21,6842043,75989,5684,Last Click,Pausada,3.96,304057.55,13.51
CAMP-2876,Performance_Beleza_2024,Google Ads,Acessórios,2024-09-12,2024-10-30,68683.98,11588340,650442,27285,Last Click,Pausada,3.74,256878.09,2.52
CAMP-2877,Black_Friday_Main_2023_10,Instagram Ads,Beleza,2023-10-08,2024-02-05,93018.23,30152865,768421,24773,Last Click,Pausada,6.38,593456.31,3.75
CAMP-2878,Upsell_Platinum_2024_10,Email Marketing,Acessórios,2024-10-22,2025-01-10,119704.36,15568481,275048,24047,Last Click,Finalizada,1.0,119704.36,4.98
CAMP-2879,Cyber_Monday_2025_06,Email Marketing,Acessórios,2025-06-21,2025-09-19,93436.45,30999046,1834525,112195,Last Click,Pausada,1.19,111189.38,0.83
CAMP-2880,Email_Reativacao_2025_11,Marketplace,Beleza,2025-11-27,2025-12-31,101496.13,21498179,808318,66531,Last Click,Finalizada,4.24,430343.59,1.53
CAMP-2881,Stories_Boost_2025_11,Instagram Ads,Moda,2025-11-10,2025-12-31,53354.11,6667065,191917,21872,Linear,Pausada,6.95,370811.06,2.44
CAMP-2882,Performance_Sempre_Ligada_2023,Instagram Ads,Moda,2023-08-20,2023-09-19,48690.42,6196792,216102,10377,Last Click,Pausada,3.66,178206.94,4.69
CAMP-2883,Remarketing_30d_2025_06,Orgânico,Moda,2025-06-14,2025-06-29,53160.79,7711236,282690,26790,Last Click,Finalizada,2.77,147255.39,1.98
CAMP-2884,TikTok_Viral_2025,TikTok Ads,Lifestyle,2025-02-23,2025-06-10,80537.41,31756715,1362532,59212,First Click,Finalizada,3.55,285907.81,1.36
CAMP-2885,Lancamento_Colecao_2023,Orgânico,Geral,2023-06-07,2023-07-27,17203.83,4247687,226241,25794,First Click,Finalizada,3.96,68127.17,0.67
CAMP-2886,Lancamento_Colecao_2023,Influenciador,Moda,2023-01-14,2023-03-19,7966.14,964837,13074,688,First Click,Pausada,11.83,94239.44,11.58
CAMP-2887,Fidelidade_Clientes_2024,Marketplace,Geral,2024-04-15,2024-08-04,13574.36,5336455,243888,7016,First Click,Pausada,1.41,19139.85,1.93
CAMP-2888,Upsell_Platinum_2025,Instagram Ads,Acessórios,2025-04-19,2025-12-31,114895.59,22868045,439501,24119,Last Click,Ativa,4.51,518179.11,4.76
CAMP-2889,Upsell_Platinum_2023,TikTok Ads,Geral,2023-07-15,2023-09-28,51182.9,15014335,155972,8406,Last Click,Finalizada,3.77,192959.53,6.09
CAMP-2890,LTV_Expansion_2025,Marketplace,Beleza,2025-06-10,2025-12-31,560.04,213880,10132,847,Last Click,Ativa,3.64,2038.55,0.66
CAMP-2891,Black_Friday_Main_2023,Instagram Ads,Lifestyle,2023-03-11,2023-06-28,3289.76,832261,20513,939,Linear,Pausada,3.71,12205.01,3.5
CAMP-2892,Branding_Awareness_2024,Influenciador,Lifestyle,2024-11-05,2025-12-31,2749.36,473444,6597,641,Linear,Ativa,11.94,32827.36,4.29
CAMP-2893,Volta_as_Aulas_2025,TikTok Ads,Lifestyle,2025-04-04,2025-04-12,51489.04,15331896,214005,10220,First Click,Pausada,7.8,401614.51,5.04
CAMP-2894,Performance_Moda_2023,Google Ads,Lifestyle,2023-12-09,2024-03-08,5595.65,521839,26677,1251,First Click,Finalizada,3.55,19864.56,4.47
CAMP-2895,Liquidacao_Julho_2023,Google Ads,Acessórios,2023-07-28,2023-10-22,111236.97,22582955,893450,39180,Linear,Pausada,3.65,406014.94,2.84
CAMP-2896,Dia_Das_Maes_2023,Orgânico,Geral,2023-11-08,2024-01-04,67578.22,14130874,471072,49835,Linear,Pausada,4.08,275719.14,1.36
CAMP-2897,Performance_Moda_2023,Instagram Ads,Acessórios,2023-09-24,2023-11-14,93925.26,30741126,1638540,136764,Linear,Pausada,5.18,486532.85,0.69
CAMP-2898,Performance_Sempre_Ligada_2024_12,Orgânico,Acessórios,2024-12-08,2024-12-19,87609.82,14293714,271714,29831,Linear,Pausada,2.09,183104.52,2.94
CAMP-2899,UGC_Organico_2025,Email Marketing,Geral,2025-07-16,2025-11-07,12717.88,1059127,40160,885,Last Click,Finalizada,3.32,42223.36,14.37
CAMP-2900,Cyber_Monday_2024_01,Google Ads,Moda,2024-01-19,2024-02-09,116362.05,45027348,2493325,53085,Linear,Finalizada,3.86,449157.51,2.19
CAMP-2901,Influenciador_Inverno_2025,Influenciador,Acessórios,2025-02-22,2025-03-13,6746.96,1362394,33960,3804,First Click,Finalizada,5.86,39537.19,1.77
CAMP-2902,Remarketing_30d_2024_04,Instagram Ads,Beleza,2024-04-14,2025-12-31,53076.74,14326540,451662,13072,Linear,Ativa,5.78,306783.56,4.06
CAMP-2903,Lancamento_Colecao_2025_11,Influenciador,Acessórios,2025-11-19,2025-12-31,43790.42,11285638,460513,37408,First Click,Finalizada,2.24,98090.54,1.17
CAMP-2904,Upsell_Platinum_2023,Orgânico,Beleza,2023-06-25,2023-08-25,107277.99,14503629,823324,83129,Last Click,Pausada,4.08,437694.2,1.29
CAMP-2905,Stories_Boost_2024_01,Instagram Ads,Acessórios,2024-01-28,2024-05-12,44523.49,9690311,220593,10577,Linear,Pausada,5.16,229741.21,4.21
CAMP-2906,Upsell_Platinum_2025_10,TikTok Ads,Acessórios,2025-10-10,2025-12-03,10540.07,3113678,117742,12619,Last Click,Finalizada,6.25,65875.44,0.84
CAMP-2907,Volta_as_Aulas_2024,Email Marketing,Moda,2024-10-17,2024-12-17,2705.97,380438,13876,432,Linear,Pausada,4.72,12772.18,6.26
CAMP-2908,Natal_Presentes_2023_08,Google Ads,Lifestyle,2023-08-22,2023-11-27,33901.89,10044435,242790,9412,First Click,Finalizada,3.0,101705.67,3.6
CAMP-2909,Influenciador_Inverno_2023,Marketplace,Moda,2023-06-07,2023-07-25,41110.09,4424278,80821,8073,First Click,Finalizada,4.32,177595.59,5.09
CAMP-2910,Feed_Carousel_2023_12,Email Marketing,Lifestyle,2023-12-12,2024-04-04,69161.61,13313826,750182,79354,Last Click,Pausada,1.57,108583.73,0.87
CAMP-2911,Retargeting_Carrinho_2024,Influenciador,Moda,2024-07-18,2024-08-01,77738.26,19293806,326837,3744,First Click,Finalizada,2.69,209115.92,20.76
CAMP-2912,Liquida_Beleza_2023,Google Ads,Lifestyle,2023-12-22,2024-03-17,58747.8,22301566,1028810,38380,First Click,Pausada,3.45,202679.91,1.53
CAMP-2913,Influenciador_Verao_2023_08,Google Ads,Acessórios,2023-08-15,2023-10-15,35112.16,12720021,323834,21284,Last Click,Finalizada,3.58,125701.53,1.65
CAMP-2914,Remarketing_30d_2025_08,TikTok Ads,Acessórios,2025-08-21,2025-12-02,70111.67,8997819,341100,13484,Last Click,Finalizada,1.97,138119.99,5.2
CAMP-2915,Performance_Beleza_2025,Marketplace,Lifestyle,2025-08-06,2025-11-27,49182.57,8036578,404875,46978,Last Click,Finalizada,2.32,114103.56,1.05
CAMP-2916,Influenciador_Verao_2024,Orgânico,Acessórios,2024-11-17,2024-12-17,23128.48,4787280,262826,23190,Linear,Pausada,2.93,67766.45,1.0
CAMP-2917,Stories_Boost_2023_05,Instagram Ads,Lifestyle,2023-05-02,2023-07-18,22891.51,2577101,63352,7412,First Click,Pausada,2.48,56770.94,3.09
CAMP-2918,Email_Reativacao_2024,Instagram Ads,Acessórios,2024-05-18,2024-06-14,50920.29,12835914,682526,72240,Linear,Pausada,6.18,314687.39,0.7
CAMP-2919,Retargeting_Carrinho_2023,Email Marketing,Lifestyle,2023-02-04,2023-05-21,67691.46,17202890,221932,14051,Linear,Pausada,4.44,300550.08,4.82
CAMP-2920,Influenciador_Inverno_2023,TikTok Ads,Moda,2023-11-13,2023-11-21,101554.62,15783392,438192,7254,Linear,Finalizada,4.17,423482.77,14.0
CAMP-2921,Influenciador_Inverno_2024_08,Google Ads,Beleza,2024-08-18,2024-09-10,111985.39,43332073,582721,55941,Last Click,Pausada,3.87,433383.46,2.0
CAMP-2922,LTV_Expansion_2023_06,Orgânico,Moda,2023-06-02,2023-06-25,7429.39,1281636,15410,1622,Linear,Pausada,3.33,24739.87,4.58
CAMP-2923,Email_Reativacao_2023_12,Instagram Ads,Acessórios,2023-12-20,2024-01-04,67806.88,18699222,774400,23412,Last Click,Pausada,3.98,269871.38,2.9
CAMP-2924,Lancamento_Colecao_2023,Instagram Ads,Geral,2023-07-18,2025-12-31,47081.73,17777892,764948,21445,Last Click,Ativa,6.77,318743.31,2.2
CAMP-2925,Influenciador_Inverno_2025_11,Google Ads,Moda,2025-11-15,2025-12-31,33812.71,4843961,43258,3378,First Click,Ativa,3.03,102452.51,10.01
CAMP-2926,Lookalike_Gold_2023,Influenciador,Acessórios,2023-07-26,2025-12-31,1071.18,146459,6137,253,Linear,Ativa,5.23,5602.27,4.23
CAMP-2927,Liquida_Beleza_2025,Marketplace,Geral,2025-12-18,2025-12-31,7760.7,1038662,20645,472,First Click,Pausada,1.61,12494.73,16.44
CAMP-2928,Performance_Beleza_2025,Google Ads,Beleza,2025-08-22,2025-12-05,30859.48,3576081,138817,14420,Last Click,Finalizada,3.95,121894.95,2.14
CAMP-2929,Branding_Awareness_2024_04,Marketplace,Lifestyle,2024-04-21,2025-12-31,64533.21,21423201,573550,22660,Linear,Ativa,2.9,187146.31,2.85
CAMP-2930,Performance_Moda_2023,TikTok Ads,Geral,2023-12-09,2024-01-12,49448.7,13428733,472805,29590,Linear,Finalizada,5.72,282846.56,1.67
CAMP-2931,Branding_Awareness_2024_09,Instagram Ads,Lifestyle,2024-09-08,2024-10-31,1830.59,580917,27232,3175,First Click,Pausada,5.66,10361.14,0.58
CAMP-2932,Remarketing_30d_2023,Marketplace,Beleza,2023-11-03,2024-02-16,118966.94,36417715,295819,9236,Linear,Finalizada,4.03,479436.77,12.88
CAMP-2933,Upsell_Platinum_2024,Marketplace,Geral,2024-05-01,2025-12-31,10190.85,2138302,27184,2120,Last Click,Ativa,4.67,47591.27,4.81
CAMP-2934,Volta_as_Aulas_2024,Google Ads,Moda,2024-03-06,2024-05-01,82451.75,12059523,717107,65799,First Click,Pausada,3.4,280335.95,1.25
CAMP-2935,Lancamento_Colecao_2024,Google Ads,Moda,2024-02-10,2025-12-31,66058.2,8585738,115744,1969,Linear,Ativa,3.12,206101.58,33.55
CAMP-2936,Parceria_Creator_2024_12,Influenciador,Lifestyle,2024-12-09,2025-12-31,91536.69,25007042,1028181,51221,First Click,Ativa,13.49,1234829.95,1.79
CAMP-2937,Remarketing_30d_2024,Instagram Ads,Lifestyle,2024-08-26,2024-11-22,19044.27,4066001,80275,6084,Last Click,Finalizada,4.16,79224.16,3.13
CAMP-2938,Branding_Awareness_2023_04,Google Ads,Lifestyle,2023-04-21,2023-05-17,96793.06,37869851,1845621,94866,Last Click,Pausada,3.4,329096.4,1.02
CAMP-2939,Dia_Dos_Namorados_2023_03,Orgânico,Acessórios,2023-03-10,2023-04-10,106057.77,23427750,537725,44669,Last Click,Finalizada,2.88,305446.38,2.37
CAMP-2940,Email_Reativacao_2023,Influenciador,Beleza,2023-03-23,2023-06-25,83352.96,24744215,645565,34417,Linear,Finalizada,7.24,603475.43,2.42
CAMP-2941,Natal_Presentes_2025,Email Marketing,Geral,2025-12-04,2025-12-31,12016.32,4694264,114995,13256,Last Click,Pausada,1.65,19826.93,0.91
CAMP-2942,Retargeting_Carrinho_2024,Instagram Ads,Beleza,2024-12-26,2025-02-17,115945.13,25585859,303624,25506,Last Click,Finalizada,6.62,767556.76,4.55
CAMP-2943,Lookalike_Gold_2023,TikTok Ads,Lifestyle,2023-10-01,2023-11-28,37369.79,14277426,600251,41838,Last Click,Finalizada,1.53,57175.78,0.89
CAMP-2944,Influenciador_Inverno_2025,Instagram Ads,Moda,2025-02-16,2025-03-06,3665.47,415536,17374,244,Linear,Finalizada,4.26,15614.9,15.02
CAMP-2945,Lookalike_Gold_2025,Google Ads,Moda,2025-09-21,2025-10-09,19647.48,7466189,434309,26803,First Click,Finalizada,3.42,67194.38,0.73
CAMP-2946,Lancamento_Colecao_2025_02,Instagram Ads,Moda,2025-02-22,2025-05-23,35034.18,4258813,122390,1994,First Click,Finalizada,4.76,166762.7,17.57
CAMP-2947,Lookalike_Gold_2023_02,TikTok Ads,Lifestyle,2023-02-14,2023-03-19,91523.75,12374828,717003,62960,Last Click,Finalizada,2.29,209589.39,1.45
CAMP-2948,Liquidacao_Julho_2025,Influenciador,Lifestyle,2025-07-14,2025-12-31,109166.93,27184113,396897,45546,Last Click,Ativa,13.47,1470478.55,2.4
CAMP-2949,Dia_Das_Maes_2023_07,Google Ads,Moda,2023-07-17,2023-07-31,62318.63,23915884,934514,45088,First Click,Pausada,3.61,224970.25,1.38
CAMP-2950,Influenciador_Verao_2024_06,Influenciador,Acessórios,2024-06-05,2025-12-31,90477.09,15536705,332023,10198,Last Click,Ativa,14.23,1287488.99,8.87
CAMP-2951,Influenciador_Verao_2023_07,Email Marketing,Lifestyle,2023-07-02,2023-09-29,12587.34,3790421,72344,8525,Linear,Finalizada,4.73,59538.12,1.48
CAMP-2952,Performance_Moda_2025_07,Orgânico,Lifestyle,2025-07-24,2025-08-30,90878.33,7615801,257498,19530,Last Click,Pausada,2.93,266273.51,4.65
CAMP-2953,Performance_Beleza_2024,Email Marketing,Lifestyle,2024-12-13,2025-12-31,66979.89,21775683,431723,4967,Last Click,Ativa,2.29,153383.95,13.48
CAMP-2954,Cyber_Monday_2024_05,Orgânico,Lifestyle,2024-05-27,2024-07-03,84315.7,16758437,704329,57637,Linear,Finalizada,2.73,230181.86,1.46
CAMP-2955,Fidelidade_Clientes_2023_11,Marketplace,Moda,2023-11-14,2024-01-06,100364.93,19681551,404531,33670,Last Click,Pausada,4.19,420529.06,2.98
CAMP-2956,Performance_Sempre_Ligada_2023,Instagram Ads,Lifestyle,2023-10-07,2023-10-24,62297.08,17370989,642109,55618,Last Click,Pausada,5.69,354470.39,1.12
CAMP-2957,Lancamento_Colecao_2023_06,Google Ads,Geral,2023-06-24,2023-08-15,71955.77,16880078,635820,41481,Last Click,Pausada,3.73,268395.02,1.73
CAMP-2958,Natal_Presentes_2023,Marketplace,Geral,2023-07-07,2023-09-29,34704.81,7507575,308135,6144,Linear,Pausada,1.14,39563.48,5.65
CAMP-2959,Remarketing_30d_2023,Orgânico,Acessórios,2023-12-16,2024-03-10,61360.59,15369421,710939,58420,First Click,Pausada,1.81,111062.67,1.05
CAMP-2960,Volta_as_Aulas_2024,Google Ads,Moda,2024-10-11,2025-02-07,93465.12,33819528,639280,73589,First Click,Pausada,3.49,326193.27,1.27
CAMP-2961,Influenciador_Verao_2025,Influenciador,Moda,2025-12-27,2025-12-31,113156.41,41348974,595875,17420,Last Click,Finalizada,14.39,1628320.74,6.5
CAMP-2962,Liquida_Beleza_2024_03,Instagram Ads,Beleza,2024-03-16,2024-05-25,17448.08,3157674,106030,9219,First Click,Pausada,6.54,114110.44,1.89
CAMP-2963,Lancamento_Colecao_2025_03,Orgânico,Lifestyle,2025-03-01,2025-03-31,52826.59,8257174,272649,6083,Linear,Pausada,1.26,66561.5,8.68
CAMP-2964,CAC_Reducao_2023,Email Marketing,Lifestyle,2023-06-02,2023-09-01,119565.71,14766521,854704,83158,First Click,Finalizada,4.62,552393.58,1.44
CAMP-2965,Remarketing_30d_2024,TikTok Ads,Geral,2024-06-23,2024-09-25,59425.56,19980805,893520,30925,First Click,Finalizada,2.68,159260.5,1.92
CAMP-2966,Cyber_Monday_2024,Marketplace,Geral,2024-08-05,2024-11-12,50788.61,15131190,832713,20020,First Click,Pausada,2.28,115798.03,2.54
CAMP-2967,CAC_Reducao_2023,Orgânico,Moda,2023-11-07,2025-12-31,3719.85,688229,18853,1774,Linear,Ativa,2.04,7588.49,2.1
CAMP-2968,Push_Carrinho_2024_12,Influenciador,Geral,2024-12-24,2025-01-21,16904.18,5297282,92335,9618,First Click,Pausada,7.52,127119.43,1.76
CAMP-2969,Dia_Dos_Namorados_2025_08,Email Marketing,Lifestyle,2025-08-02,2025-11-13,25022.51,8655517,116425,7311,Last Click,Finalizada,3.25,81323.16,3.42
CAMP-2970,Volta_as_Aulas_2024,Email Marketing,Beleza,2024-10-06,2025-12-31,113993.46,13190643,665064,60830,Linear,Ativa,3.6,410376.46,1.87
CAMP-2971,TikTok_Viral_2025,Instagram Ads,Geral,2025-04-15,2025-12-31,12983.79,2002142,112362,11536,Linear,Ativa,4.99,64789.11,1.13
CAMP-2972,Lancamento_Colecao_2025_01,TikTok Ads,Beleza,2025-01-07,2025-02-18,106570.07,35942222,1303766,26764,Last Click,Finalizada,1.9,202483.13,3.98
CAMP-2973,Cyber_Monday_2024,Email Marketing,Lifestyle,2024-03-10,2024-04-26,3934.59,1392935,75053,876,Last Click,Finalizada,4.67,18374.54,4.49
CAMP-2974,Performance_Moda_2025,Orgânico,Geral,2025-03-28,2025-05-07,80122.9,26384270,248712,17682,Linear,Pausada,3.98,318889.14,4.53
CAMP-2975,Dia_Dos_Namorados_2023,Influenciador,Moda,2023-12-18,2024-02-24,115391.14,28264190,1308312,44626,Last Click,Pausada,6.68,770812.82,2.59
CAMP-2976,LTV_Expansion_2023,Instagram Ads,Lifestyle,2023-04-24,2025-12-31,92662.33,18720032,554802,59966,Last Click,Ativa,5.31,492036.97,1.55
CAMP-2977,Cyber_Monday_2023,Google Ads,Beleza,2023-02-19,2023-03-06,83696.03,33448941,1988166,148975,First Click,Finalizada,3.03,253598.97,0.56
CAMP-2978,Black_Friday_Main_2025_02,Marketplace,Beleza,2025-02-27,2025-06-01,27797.82,6608271,79385,4867,Linear,Pausada,2.94,81725.59,5.71
CAMP-2979,Branding_Awareness_2023_07,Orgânico,Beleza,2023-07-04,2023-09-23,105518.46,38701002,886770,98564,First Click,Pausada,2.91,307058.72,1.07
CAMP-2980,Dia_Das_Maes_2024_08,Marketplace,Beleza,2024-08-23,2024-10-07,67153.89,25393360,525119,26056,Last Click,Finalizada,1.24,83270.82,2.58
CAMP-2981,Influenciador_Verao_2025_11,Influenciador,Beleza,2025-11-20,2025-12-31,86037.22,12908152,644988,73145,Last Click,Ativa,2.38,204768.58,1.18
CAMP-2982,Push_Carrinho_2025_06,Google Ads,Moda,2025-06-16,2025-09-15,101683.31,18344527,1077113,48782,Linear,Pausada,3.1,315218.26,2.08
CAMP-2983,Retargeting_Carrinho_2025_12,TikTok Ads,Acessórios,2025-12-09,2025-12-31,114185.14,25456828,1523257,132024,Last Click,Finalizada,6.86,783310.06,0.86
CAMP-2984,Liquidacao_Julho_2023_01,Influenciador,Lifestyle,2023-01-11,2023-04-09,108521.25,42496745,2375708,265025,Last Click,Finalizada,7.52,816079.8,0.41
CAMP-2985,Performance_Sempre_Ligada_2023_01,Instagram Ads,Geral,2023-01-04,2023-04-03,95907.31,26130316,1019895,37430,Last Click,Finalizada,2.36,226341.25,2.56
CAMP-2986,Natal_Presentes_2024_01,TikTok Ads,Moda,2024-01-12,2024-03-27,46634.31,10875197,409857,42100,Last Click,Pausada,7.7,359084.19,1.11
CAMP-2987,Natal_Presentes_2024_01,Influenciador,Geral,2024-01-02,2025-12-31,106757.31,9818600,228088,12626,Last Click,Ativa,9.54,1018464.74,8.46
CAMP-2988,CAC_Reducao_2024_12,Email Marketing,Beleza,2024-12-18,2025-02-07,43481.53,3741869,223251,15778,Last Click,Pausada,2.13,92615.66,2.76
CAMP-2989,Email_Reativacao_2024,Google Ads,Lifestyle,2024-07-02,2025-12-31,23251.45,2154183,69939,3248,Linear,Ativa,3.11,72312.01,7.16
CAMP-2990,Performance_Sempre_Ligada_2024,Instagram Ads,Acessórios,2024-03-22,2024-04-05,44302.64,8221168,75386,2746,First Click,Pausada,4.2,186071.09,16.13
CAMP-2991,Black_Friday_Main_2024,TikTok Ads,Acessórios,2024-02-21,2024-04-03,113938.78,26768973,1280748,114486,First Click,Finalizada,6.82,777062.48,1.0
CAMP-2992,Volta_as_Aulas_2025,Orgânico,Moda,2025-04-25,2025-07-30,14772.44,3349522,108973,3033,Linear,Pausada,1.4,20681.42,4.87
CAMP-2993,LTV_Expansion_2024,Influenciador,Lifestyle,2024-07-19,2024-09-10,30305.17,5414305,308380,21477,First Click,Pausada,11.7,354570.49,1.41
CAMP-2994,Lancamento_Colecao_2024_11,TikTok Ads,Beleza,2024-11-05,2025-02-15,92137.37,34895374,1360090,119859,Last Click,Finalizada,6.36,585993.67,0.77
CAMP-2995,CAC_Reducao_2025_05,Email Marketing,Moda,2025-05-27,2025-08-09,2597.82,211954,8975,469,Last Click,Finalizada,3.18,8261.07,5.54
CAMP-2996,Performance_Moda_2023,Google Ads,Geral,2023-11-24,2024-03-04,67305.96,19255315,631241,23248,Last Click,Finalizada,3.67,247012.87,2.9
CAMP-2997,Lancamento_Colecao_2025_08,Marketplace,Lifestyle,2025-08-07,2025-08-19,29938.13,10600197,278061,19997,First Click,Finalizada,1.49,44607.81,1.5
CAMP-2998,UGC_Organico_2025_08,TikTok Ads,Geral,2025-08-10,2025-11-28,52017.16,15716672,452867,7386,First Click,Finalizada,2.28,118599.12,7.04
CAMP-2999,Email_Reativacao_2024_05,Influenciador,Beleza,2024-05-05,2024-08-04,13764.23,3018125,115072,11852,Last Click,Pausada,12.01,165308.4,1.16
CAMP-3000,UGC_Organico_2024_10,TikTok Ads,Acessórios,2024-10-04,2025-12-31,45097.2,13025540,601132,20066,Last Click,Ativa,5.74,258857.93,2.25
CAMP-3001,Lancamento_Colecao_2025,Marketplace,Moda,2025-05-28,2025-07-31,115923.51,43279423,2584067,103068,Last Click,Finalizada,4.38,507744.97,1.12
CAMP-3002,TikTok_Viral_2024_12,Instagram Ads,Beleza,2024-12-01,2025-01-23,115532.79,18708823,424186,34099,Linear,Finalizada,5.11,590372.56,3.39
CAMP-3003,Dia_Das_Maes_2024,Influenciador,Acessórios,2024-03-12,2024-06-07,58975.25,22642299,495641,45645,Linear,Pausada,11.12,655804.78,1.29
CAMP-3004,UGC_Organico_2024,Orgânico,Acessórios,2024-11-14,2025-03-06,82843.81,32383560,264497,28966,First Click,Finalizada,4.59,380253.09,2.86
CAMP-3005,Dia_Das_Maes_2025,TikTok Ads,Moda,2025-08-06,2025-11-14,15862.78,4441718,196177,5045,Linear,Finalizada,5.87,93114.52,3.14
CAMP-3006,Upsell_Platinum_2025,Marketplace,Moda,2025-09-19,2025-12-31,88298.65,25291955,763101,41466,Linear,Pausada,2.69,237523.37,2.13
CAMP-3007,Semana_Consumidor_2025_03,Email Marketing,Moda,2025-03-25,2025-06-27,31851.5,4306112,236975,18011,Last Click,Finalizada,1.79,57014.18,1.77
CAMP-3008,Influenciador_Inverno_2024_10,Instagram Ads,Moda,2024-10-27,2024-11-16,42715.48,9953718,530282,32545,First Click,Finalizada,3.39,144805.48,1.31
CAMP-3009,Fidelidade_Clientes_2025_02,Marketplace,Lifestyle,2025-02-19,2025-12-31,23326.75,6944682,265710,3291,Last Click,Ativa,4.21,98205.62,7.09
CAMP-3010,Branding_Awareness_2024,Email Marketing,Beleza,2024-01-04,2024-01-20,51365.59,11940353,134005,10551,First Click,Finalizada,2.91,149473.87,4.87
CAMP-3011,Cyber_Monday_2023,Instagram Ads,Geral,2023-04-07,2023-07-18,99014.32,26282907,403542,46069,Last Click,Finalizada,2.89,286151.38,2.15
CAMP-3012,Parceria_Creator_2024_10,Email Marketing,Beleza,2024-10-10,2025-12-31,652.94,197805,8502,682,Linear,Ativa,1.47,959.82,0.96
CAMP-3013,Influenciador_Verao_2025_05,Orgânico,Beleza,2025-05-14,2025-05-26,8366.92,955780,15384,935,Last Click,Pausada,2.05,17152.19,8.95
CAMP-3014,Dia_Dos_Namorados_2023_02,Email Marketing,Lifestyle,2023-02-21,2025-12-31,97204.53,33481896,1247866,136831,Last Click,Ativa,3.41,331467.45,0.71
CAMP-3015,Performance_Beleza_2025_10,Marketplace,Acessórios,2025-10-09,2025-12-28,99285.62,25659356,482550,30392,Last Click,Finalizada,3.98,395156.77,3.27
CAMP-3016,Performance_Sempre_Ligada_2025_05,Google Ads,Geral,2025-05-13,2025-08-20,29110.29,8177041,333261,15228,Linear,Finalizada,3.82,111201.31,1.91
CAMP-3017,Black_Friday_Main_2024,Google Ads,Acessórios,2024-03-22,2024-05-26,97719.74,20357949,541582,61939,Last Click,Pausada,3.16,308794.38,1.58
CAMP-3018,Push_Carrinho_2023,Email Marketing,Geral,2023-05-28,2023-08-24,81133.71,24741321,514526,31511,Linear,Finalizada,3.87,313987.46,2.57
CAMP-3019,Liquida_Beleza_2023,Marketplace,Geral,2023-12-17,2024-02-29,103301.63,10884129,184118,12505,Last Click,Finalizada,3.03,313003.94,8.26
CAMP-3020,Volta_as_Aulas_2025,Influenciador,Acessórios,2025-07-20,2025-12-31,35488.77,7871279,351514,36649,Last Click,Ativa,13.06,463483.34,0.97
CAMP-3021,TikTok_Viral_2025,Influenciador,Beleza,2025-05-04,2025-07-12,9102.17,2224694,34077,1411,Last Click,Pausada,13.49,122788.27,6.45
CAMP-3022,Dia_Dos_Namorados_2025,TikTok Ads,Moda,2025-02-05,2025-05-25,30072.39,9031112,286578,34023,First Click,Finalizada,4.35,130814.9,0.88
CAMP-3023,Influenciador_Verao_2024,Influenciador,Geral,2024-04-26,2024-05-06,69976.29,13884002,762748,63147,Linear,Pausada,10.93,764840.85,1.11
CAMP-3024,Performance_Beleza_2024_08,Influenciador,Lifestyle,2024-08-27,2024-12-24,97550.98,22698928,1001229,89739,Last Click,Pausada,10.55,1029162.84,1.09
CAMP-3025,CAC_Reducao_2023_08,Email Marketing,Beleza,2023-08-12,2023-08-22,119871.32,9850996,562230,49263,First Click,Finalizada,4.9,587369.47,2.43
CAMP-3026,UGC_Organico_2023_10,Marketplace,Beleza,2023-10-16,2024-01-15,10194.6,3704777,30734,2540,First Click,Pausada,1.69,17228.87,4.01
CAMP-3027,CAC_Reducao_2025,Instagram Ads,Geral,2025-03-28,2025-07-05,2062.95,165092,1984,134,Last Click,Finalizada,5.46,11263.71,15.4
CAMP-3028,Lookalike_Gold_2023,Marketplace,Moda,2023-11-11,2023-12-22,41098.7,12781592,656923,66450,First Click,Pausada,3.23,132748.8,0.62
CAMP-3029,Parceria_Creator_2024_06,TikTok Ads,Moda,2024-06-02,2025-12-31,38036.53,5993624,69782,1561,Linear,Ativa,7.79,296304.57,24.37
CAMP-3030,Branding_Awareness_2023,Marketplace,Moda,2023-08-13,2023-09-13,95643.6,37681081,1270173,80428,Last Click,Finalizada,4.39,419875.4,1.19
CAMP-3031,LTV_Expansion_2024,Email Marketing,Lifestyle,2024-03-11,2024-03-19,20463.09,3664466,194127,18108,Linear,Finalizada,2.05,41949.33,1.13
CAMP-3032,Influenciador_Verao_2024_02,Orgânico,Geral,2024-02-25,2024-05-04,102357.49,37006244,1717606,47285,Last Click,Finalizada,4.17,426830.73,2.16
CAMP-3033,Fidelidade_Clientes_2023,Email Marketing,Geral,2023-07-02,2023-09-18,113680.58,29739651,1275847,133847,First Click,Pausada,1.17,133006.28,0.85
CAMP-3034,Stories_Boost_2025_09,Marketplace,Acessórios,2025-09-13,2025-10-31,31665.85,9972177,127177,5454,Last Click,Pausada,1.55,49082.07,5.81
CAMP-3035,Performance_Beleza_2025,TikTok Ads,Beleza,2025-07-16,2025-07-25,84057.33,29535701,335805,33615,Last Click,Pausada,4.83,405996.9,2.5
CAMP-3036,Semana_Consumidor_2024_09,TikTok Ads,Beleza,2024-09-09,2024-11-11,35339.04,5708375,167660,12067,First Click,Pausada,2.47,87287.43,2.93
CAMP-3037,Influenciador_Inverno_2025_09,Marketplace,Acessórios,2025-09-03,2025-09-11,51615.01,5414356,117834,6699,First Click,Pausada,3.69,190459.39,7.7
CAMP-3038,Performance_Sempre_Ligada_2024,Email Marketing,Acessórios,2024-07-24,2025-12-31,5875.11,942979,49985,4807,Last Click,Ativa,4.19,24616.71,1.22
CAMP-3039,Dia_Dos_Namorados_2025_08,Instagram Ads,Moda,2025-08-12,2025-09-02,852.23,190566,6214,233,Last Click,Pausada,3.81,3247.0,3.66
CAMP-3040,Liquida_Beleza_2025_07,Instagram Ads,Geral,2025-07-16,2025-07-28,51458.78,6277591,80363,7222,First Click,Finalizada,4.77,245458.38,7.13
CAMP-3041,Stories_Boost_2023_05,Influenciador,Geral,2023-05-07,2025-12-31,76283.87,25522766,351160,9631,Last Click,Ativa,5.77,440157.93,7.92
CAMP-3042,UGC_Organico_2023,Email Marketing,Beleza,2023-07-27,2023-09-07,107457.8,31906208,424908,36358,Last Click,Pausada,3.34,358909.05,2.96
CAMP-3043,Branding_Awareness_2025_08,TikTok Ads,Lifestyle,2025-08-21,2025-10-17,11054.38,3258558,54056,5031,Last Click,Pausada,4.96,54829.72,2.2
CAMP-3044,Liquida_Beleza_2025_09,Instagram Ads,Moda,2025-09-02,2025-12-31,59008.52,17148915,843565,87299,Linear,Ativa,5.59,329857.63,0.68
CAMP-3045,Dia_Das_Maes_2025_04,Orgânico,Acessórios,2025-04-15,2025-12-31,108203.13,40756329,1638031,175842,Last Click,Ativa,1.49,161222.66,0.62
CAMP-3046,Black_Friday_Main_2024_12,Marketplace,Moda,2024-12-14,2025-03-04,105140.02,40988583,1482464,79493,First Click,Finalizada,2.54,267055.65,1.32
CAMP-3047,Upsell_Platinum_2023_07,Google Ads,Lifestyle,2023-07-17,2023-08-11,74335.76,10176004,543406,26928,Linear,Pausada,3.02,224494.0,2.76
CAMP-3048,Lookalike_Gold_2025,Influenciador,Moda,2025-08-18,2025-10-23,98718.35,36518231,1929216,124978,First Click,Pausada,8.27,816400.75,0.79
CAMP-3049,CAC_Reducao_2023_01,Orgânico,Lifestyle,2023-01-02,2023-03-05,38849.07,6748836,154779,17894,Linear,Finalizada,3.85,149568.92,2.17
CAMP-3050,Parceria_Creator_2023_05,Google Ads,Moda,2023-05-14,2025-12-31,84247.23,15182838,634727,35258,Linear,Ativa,3.7,311714.75,2.39
CAMP-3051,Branding_Awareness_2024_05,Marketplace,Moda,2024-05-19,2024-08-21,56543.21,15810726,130855,5377,Last Click,Pausada,3.54,200162.96,10.52
CAMP-3052,Influenciador_Verao_2023,Orgânico,Geral,2023-01-09,2023-02-01,78651.47,20813063,339459,20401,First Click,Finalizada,4.99,392470.84,3.86
CAMP-3053,Dia_Das_Maes_2024_11,Orgânico,Moda,2024-11-26,2025-12-31,102540.05,37571435,1366164,156560,First Click,Ativa,2.2,225588.11,0.65
CAMP-3054,Dia_Dos_Namorados_2023,Email Marketing,Geral,2023-09-10,2023-10-26,46060.51,11209598,381926,36758,First Click,Pausada,2.26,104096.75,1.25
CAMP-3055,Remarketing_30d_2025,Instagram Ads,Lifestyle,2025-03-18,2025-05-04,107824.07,12665147,318310,12037,Linear,Finalizada,4.19,451782.85,8.96
CAMP-3056,Retargeting_Carrinho_2023_12,Marketplace,Lifestyle,2023-12-12,2025-12-31,118009.64,32943078,1448330,154242,Last Click,Ativa,3.05,359929.4,0.77
CAMP-3057,Natal_Presentes_2024,Orgânico,Moda,2024-02-05,2025-12-31,85639.55,29454935,990154,78731,Last Click,Ativa,3.94,337419.83,1.09
CAMP-3058,Volta_as_Aulas_2024_10,Instagram Ads,Lifestyle,2024-10-20,2024-11-23,96305.74,12451170,363233,28603,Linear,Pausada,4.81,463230.61,3.37
CAMP-3059,Volta_as_Aulas_2023_09,Influenciador,Acessórios,2023-09-15,2023-10-17,68168.66,8744210,238025,24655,Last Click,Pausada,14.69,1001397.62,2.76
CAMP-3060,Semana_Consumidor_2024_01,Marketplace,Beleza,2024-01-15,2025-12-31,36340.0,12361608,178020,11124,First Click,Ativa,3.46,125736.4,3.27
CAMP-3061,Performance_Beleza_2025,Orgânico,Lifestyle,2025-02-19,2025-04-22,69516.58,24906602,757044,24855,First Click,Finalizada,3.77,262077.51,2.8
CAMP-3062,UGC_Organico_2025_06,Orgânico,Lifestyle,2025-06-23,2025-10-09,44865.35,9629366,457902,23122,First Click,Finalizada,2.28,102293.0,1.94
CAMP-3063,Performance_Beleza_2025,Influenciador,Acessórios,2025-04-26,2025-05-16,74160.85,19671917,1054910,101182,First Click,Finalizada,11.51,853591.38,0.73
CAMP-3064,Performance_Sempre_Ligada_2024_03,Google Ads,Moda,2024-03-26,2024-05-02,83041.92,20598481,977662,20922,Last Click,Pausada,3.77,313068.04,3.97
CAMP-3065,Upsell_Platinum_2025_12,Instagram Ads,Geral,2025-12-22,2025-12-31,890.98,293157,6082,619,Linear,Finalizada,3.9,3474.82,1.44
CAMP-3066,Liquidacao_Julho_2023,Influenciador,Acessórios,2023-08-21,2023-09-02,55800.23,12974793,445352,24953,Last Click,Pausada,7.8,435241.79,2.24
CAMP-3067,Remarketing_30d_2023,Google Ads,Acessórios,2023-09-02,2023-12-17,24309.44,8813069,90284,5475,Linear,Pausada,3.99,96994.67,4.44
CAMP-3068,Performance_Beleza_2024_08,Google Ads,Lifestyle,2024-08-02,2024-10-07,12093.22,3646913,104305,2239,Linear,Finalizada,3.63,43898.39,5.4
CAMP-3069,Performance_Sempre_Ligada_2023_07,TikTok Ads,Acessórios,2023-07-15,2023-10-17,60757.27,17501422,940293,65715,Last Click,Pausada,1.59,96604.06,0.92
CAMP-3070,Natal_Presentes_2025_09,TikTok Ads,Geral,2025-09-03,2025-09-30,70641.62,12694647,672950,34080,Linear,Finalizada,3.95,279034.4,2.07
CAMP-3071,Lancamento_Colecao_2025_02,Instagram Ads,Acessórios,2025-02-22,2025-03-18,75829.26,8513819,338676,32675,First Click,Pausada,2.04,154691.69,2.32
CAMP-3072,Email_Reativacao_2023,Instagram Ads,Geral,2023-09-07,2023-12-15,74212.62,27645497,718196,64491,Linear,Pausada,6.93,514293.46,1.15
CAMP-3073,Branding_Awareness_2024,Email Marketing,Moda,2024-09-08,2024-11-07,64794.5,24216301,770301,70086,First Click,Finalizada,1.73,112094.49,0.92
CAMP-3074,Performance_Beleza_2025,Instagram Ads,Geral,2025-01-14,2025-04-26,35857.81,6542488,270063,28965,Linear,Finalizada,3.52,126219.49,1.24
CAMP-3075,TikTok_Viral_2024_12,Instagram Ads,Geral,2024-12-18,2025-12-31,84384.44,18770652,319004,37425,First Click,Ativa,6.61,557781.15,2.25
CAMP-3076,Push_Carrinho_2023,Marketplace,Moda,2023-07-24,2023-10-06,2970.31,1181426,14384,1388,First Click,Finalizada,4.8,14257.49,2.14
CAMP-3077,Parceria_Creator_2023,Google Ads,Acessórios,2023-12-03,2023-12-31,100919.63,29667309,835439,20992,Linear,Pausada,3.28,331016.39,4.81
CAMP-3078,Liquidacao_Julho_2023,Influenciador,Beleza,2023-02-16,2023-03-15,27278.61,9228464,242676,25491,Linear,Finalizada,2.46,67105.38,1.07
CAMP-3079,Volta_as_Aulas_2024,Influenciador,Moda,2024-09-09,2024-11-06,107646.15,34928111,882520,52414,Linear,Finalizada,2.51,270191.84,2.05
CAMP-3080,Remarketing_30d_2025,Email Marketing,Acessórios,2025-11-11,2025-12-31,38068.25,7231175,378985,10030,Last Click,Pausada,2.69,102403.59,3.8
CAMP-3081,Liquidacao_Julho_2023,Google Ads,Geral,2023-10-20,2025-12-31,55694.23,6866355,311513,19295,First Click,Ativa,3.67,204397.82,2.89
CAMP-3082,Remarketing_30d_2023_04,Influenciador,Lifestyle,2023-04-17,2023-07-24,66940.37,19726944,696991,82797,Linear,Pausada,3.44,230274.87,0.81
CAMP-3083,Retargeting_Carrinho_2025_07,Orgânico,Geral,2025-07-05,2025-10-02,50900.03,12232182,365814,26312,Last Click,Finalizada,1.24,63116.04,1.93
CAMP-3084,Liquida_Beleza_2024_05,Marketplace,Lifestyle,2024-05-21,2024-08-07,24252.39,6998837,84815,3697,Last Click,Finalizada,2.64,64026.31,6.56
CAMP-3085,Performance_Moda_2023_11,Google Ads,Lifestyle,2023-11-13,2025-12-31,87623.48,11177838,338171,35438,Linear,Ativa,3.83,335597.93,2.47
CAMP-3086,CAC_Reducao_2023_05,TikTok Ads,Acessórios,2023-05-20,2023-08-07,961.31,260643,7908,388,Last Click,Pausada,3.6,3460.72,2.48
CAMP-3087,Feed_Carousel_2023,Influenciador,Beleza,2023-01-04,2023-03-18,102534.54,12477815,576849,36918,First Click,Finalizada,9.94,1019193.33,2.78
CAMP-3088,Lookalike_Gold_2025_06,TikTok Ads,Moda,2025-06-06,2025-06-29,79892.64,20450550,702174,75989,Last Click,Finalizada,2.78,222101.54,1.05
CAMP-3089,Performance_Beleza_2023_02,TikTok Ads,Beleza,2023-02-14,2023-04-09,68432.13,7795516,366180,6043,First Click,Finalizada,4.13,282624.7,11.32
CAMP-3090,Lancamento_Colecao_2024,TikTok Ads,Moda,2024-02-07,2024-03-17,76791.77,14930768,857393,46973,Last Click,Pausada,7.96,611262.49,1.63
CAMP-3091,Black_Friday_Main_2025_11,Google Ads,Lifestyle,2025-11-10,2025-12-31,16989.79,3702718,161669,7949,Last Click,Finalizada,3.28,55726.51,2.14
CAMP-3092,LTV_Expansion_2023_02,Orgânico,Lifestyle,2023-02-14,2025-12-31,61099.81,18596224,997041,31054,Linear,Ativa,4.82,294501.08,1.97
CAMP-3093,Performance_Beleza_2024_06,Orgânico,Acessórios,2024-06-20,2024-09-06,110780.02,28848182,1339026,22129,Last Click,Finalizada,2.38,263656.45,5.01
CAMP-3094,Performance_Moda_2025_03,Google Ads,Geral,2025-03-25,2025-07-13,48044.08,18317067,840456,10297,First Click,Pausada,3.97,190735.0,4.67
CAMP-3095,Performance_Beleza_2024,Email Marketing,Acessórios,2024-12-09,2025-03-25,27426.16,9001977,528540,39770,Last Click,Finalizada,2.83,77616.03,0.69
CAMP-3096,Fidelidade_Clientes_2025_01,Marketplace,Lifestyle,2025-01-10,2025-03-18,15711.55,4455998,212795,18966,Linear,Finalizada,1.6,25138.48,0.83
CAMP-3097,Parceria_Creator_2023,TikTok Ads,Geral,2023-11-25,2024-02-12,49326.62,13855950,681662,72074,Linear,Pausada,5.22,257484.96,0.68
CAMP-3098,Dia_Dos_Namorados_2023,Influenciador,Lifestyle,2023-10-17,2024-01-04,8110.15,2299531,34076,823,Linear,Pausada,7.84,63583.58,9.85
CAMP-3099,Lookalike_Gold_2023_05,Marketplace,Moda,2023-05-17,2023-05-24,77261.84,17790557,672389,13276,Last Click,Finalizada,3.12,241056.94,5.82
CAMP-3100,CAC_Reducao_2025,Google Ads,Lifestyle,2025-06-13,2025-07-04,119269.25,18050850,336430,13180,First Click,Pausada,3.47,413864.3,9.05
CAMP-3101,Lancamento_Colecao_2024,Email Marketing,Moda,2024-11-07,2025-12-31,88103.05,23708071,942117,39729,Linear,Ativa,3.16,278405.64,2.22
CAMP-3102,Semana_Consumidor_2025,Influenciador,Lifestyle,2025-01-24,2025-04-29,18894.41,2500338,102846,10012,First Click,Pausada,9.74,184031.55,1.89
CAMP-3103,Performance_Sempre_Ligada_2023,Orgânico,Geral,2023-06-09,2023-08-18,92112.33,26105283,827483,52657,Linear,Pausada,2.78,256072.28,1.75
CAMP-3104,Black_Friday_Main_2025_07,Influenciador,Moda,2025-07-05,2025-08-08,53365.41,7331218,156003,12830,Last Click,Pausada,2.39,127543.33,4.16
CAMP-3105,Lancamento_Colecao_2023_08,Marketplace,Beleza,2023-08-20,2023-09-28,5003.14,1222245,73255,6715,Linear,Finalizada,3.42,17110.74,0.75
CAMP-3106,Influenciador_Verao_2025_06,Marketplace,Acessórios,2025-06-06,2025-09-04,74513.93,20785584,1069662,33660,Last Click,Pausada,4.24,315939.06,2.21
CAMP-3107,Email_Reativacao_2024_02,Influenciador,Lifestyle,2024-02-28,2024-05-20,117819.68,43903589,1383992,123180,First Click,Pausada,2.9,341677.07,0.96
CAMP-3108,CAC_Reducao_2023,Orgânico,Geral,2023-02-14,2023-04-07,38018.4,11843480,287917,18134,Linear,Pausada,4.2,159677.28,2.1
CAMP-3109,Performance_Beleza_2024,Marketplace,Moda,2024-11-11,2024-12-12,8667.11,2489469,94238,8966,Last Click,Pausada,1.85,16034.15,0.97
CAMP-3110,Remarketing_30d_2024_07,TikTok Ads,Acessórios,2024-07-03,2024-09-02,103152.57,20777729,847384,21756,First Click,Pausada,1.63,168138.69,4.74
CAMP-3111,Branding_Awareness_2025_07,Google Ads,Acessórios,2025-07-10,2025-10-23,106559.03,36543258,1566131,145786,Last Click,Finalizada,3.77,401727.54,0.73
CAMP-3112,Lookalike_Gold_2024_04,Instagram Ads,Beleza,2024-04-17,2024-04-30,23355.07,6457706,52600,5735,Linear,Finalizada,6.49,151574.4,4.07
CAMP-3113,Feed_Carousel_2025_09,Google Ads,Beleza,2025-09-15,2025-12-31,85128.31,32022507,1085334,91501,Last Click,Pausada,3.19,271559.31,0.93
CAMP-3114,Fidelidade_Clientes_2024,Email Marketing,Geral,2024-06-07,2025-12-31,89673.89,17157507,733540,68631,Linear,Ativa,1.54,138097.79,1.31
CAMP-3115,Influenciador_Verao_2024_08,Instagram Ads,Acessórios,2024-08-20,2024-09-08,103361.62,18184576,764029,30134,Linear,Finalizada,4.97,513707.25,3.43
CAMP-3116,Upsell_Platinum_2024_11,Marketplace,Lifestyle,2024-11-19,2025-03-03,21262.13,3488355,64640,2622,First Click,Finalizada,3.87,82284.44,8.11
CAMP-3117,Performance_Beleza_2024,TikTok Ads,Acessórios,2024-11-03,2025-01-06,79958.5,16990320,428725,34802,Linear,Pausada,2.21,176708.29,2.3
CAMP-3118,Influenciador_Verao_2023,Google Ads,Lifestyle,2023-11-04,2023-12-05,78433.03,17181541,254117,3070,Linear,Pausada,3.27,256476.01,25.55
CAMP-3119,Natal_Presentes_2024,Influenciador,Acessórios,2024-02-20,2024-04-18,82418.37,27592370,1610531,143645,First Click,Finalizada,3.9,321431.64,0.57
CAMP-3120,Lookalike_Gold_2023_03,TikTok Ads,Moda,2023-03-13,2023-05-02,45543.11,8075309,220031,22631,Last Click,Finalizada,7.53,342939.62,2.01
CAMP-3121,Parceria_Creator_2023_12,Orgânico,Acessórios,2023-12-05,2024-02-11,116903.36,12479259,137898,1420,Linear,Finalizada,1.08,126255.63,82.33
CAMP-3122,Liquidacao_Julho_2023,Google Ads,Beleza,2023-01-20,2023-05-18,91338.67,12738281,307657,19497,Last Click,Finalizada,3.84,350740.49,4.68
CAMP-3123,Fidelidade_Clientes_2023_08,TikTok Ads,Lifestyle,2023-08-08,2023-11-24,38772.92,12730289,680240,19142,First Click,Pausada,6.11,236902.54,2.03
CAMP-3124,CAC_Reducao_2023,Orgânico,Acessórios,2023-10-07,2025-12-31,69145.01,19899253,274499,28943,Last Click,Ativa,4.37,302163.69,2.39
CAMP-3125,UGC_Organico_2024_10,Marketplace,Moda,2024-10-02,2025-01-25,7110.0,1879724,41350,957,Linear,Finalizada,3.56,25311.6,7.43
CAMP-3126,Lancamento_Colecao_2025,Marketplace,Acessórios,2025-07-22,2025-10-13,49606.54,4480930,252565,13284,Last Click,Finalizada,2.08,103181.6,3.73
CAMP-3127,Lancamento_Colecao_2023_03,TikTok Ads,Moda,2023-03-20,2023-05-31,2404.19,707433,23688,1584,Linear,Pausada,7.02,16877.41,1.52
CAMP-3128,Natal_Presentes_2023,Email Marketing,Geral,2023-05-25,2023-07-15,118347.9,37523369,1349728,77458,First Click,Finalizada,4.68,553868.17,1.53
CAMP-3129,Black_Friday_Main_2023,Orgânico,Beleza,2023-01-19,2023-02-03,31029.75,10568717,409023,20059,First Click,Finalizada,4.41,136841.2,1.55
CAMP-3130,Performance_Sempre_Ligada_2023,Marketplace,Acessórios,2023-12-22,2025-12-31,100267.73,20273589,968374,65275,Linear,Ativa,3.14,314840.67,1.54
CAMP-3131,Performance_Beleza_2024_05,Google Ads,Lifestyle,2024-05-20,2024-09-10,76957.36,17223188,514065,23577,Linear,Pausada,3.64,280124.79,3.26
CAMP-3132,Parceria_Creator_2025_02,TikTok Ads,Beleza,2025-02-12,2025-04-12,56408.19,14236242,703383,16176,First Click,Pausada,1.91,107739.64,3.49
CAMP-3133,Semana_Consumidor_2025_04,Email Marketing,Moda,2025-04-13,2025-07-31,3354.72,1237439,48130,2090,First Click,Pausada,3.39,11372.5,1.61
CAMP-3134,CAC_Reducao_2025,TikTok Ads,Lifestyle,2025-09-03,2025-11-26,74024.03,27425253,924634,66675,First Click,Pausada,6.07,449325.86,1.11
CAMP-3135,Lookalike_Gold_2024_09,Email Marketing,Beleza,2024-09-20,2025-12-31,74910.98,26222204,790586,66881,First Click,Ativa,4.69,351332.5,1.12
CAMP-3136,Liquida_Beleza_2024_02,TikTok Ads,Lifestyle,2024-02-14,2024-04-15,11702.85,2722203,87826,2347,Last Click,Finalizada,7.81,91399.26,4.99
CAMP-3137,Fidelidade_Clientes_2023_09,TikTok Ads,Acessórios,2023-09-01,2023-11-13,66613.67,11300461,489013,18603,Linear,Finalizada,6.13,408341.8,3.58
CAMP-3138,Liquidacao_Julho_2025_08,Orgânico,Lifestyle,2025-08-06,2025-08-13,27810.63,3980666,107501,9901,Last Click,Pausada,1.37,38100.56,2.81
CAMP-3139,Parceria_Creator_2025_07,Email Marketing,Geral,2025-07-06,2025-10-08,73370.59,20747271,671149,26199,Last Click,Finalizada,2.08,152610.83,2.8
CAMP-3140,Black_Friday_Main_2023,TikTok Ads,Geral,2023-03-12,2025-12-31,68796.14,7325416,110517,11574,Linear,Ativa,3.21,220835.61,5.94
CAMP-3141,Liquida_Beleza_2023,TikTok Ads,Beleza,2023-08-25,2023-12-07,6772.84,1251347,29918,2533,Linear,Finalizada,3.03,20521.71,2.67
CAMP-3142,Dia_Das_Maes_2025,Orgânico,Lifestyle,2025-06-09,2025-07-21,64677.37,8937596,183526,14626,Last Click,Finalizada,3.59,232191.76,4.42
CAMP-3143,Dia_Dos_Namorados_2025_05,Marketplace,Acessórios,2025-05-25,2025-12-31,115881.28,41535373,554008,43479,First Click,Ativa,4.93,571294.71,2.67
CAMP-3144,TikTok_Viral_2024,Google Ads,Beleza,2024-06-01,2024-07-05,29217.15,6664740,364267,36331,Last Click,Finalizada,3.22,94079.22,0.8
CAMP-3145,Liquida_Beleza_2025_03,Google Ads,Lifestyle,2025-03-04,2025-05-22,95762.14,22448280,852079,49053,Last Click,Finalizada,3.55,339955.6,1.95
CAMP-3146,Liquida_Beleza_2024_01,Google Ads,Beleza,2024-01-01,2024-02-10,92601.39,28756253,296291,32075,Last Click,Finalizada,3.61,334291.02,2.89
CAMP-3147,Stories_Boost_2025_09,Instagram Ads,Acessórios,2025-09-06,2025-10-06,88213.6,21780071,1021962,75031,Last Click,Finalizada,4.26,375789.94,1.18
CAMP-3148,Influenciador_Inverno_2025_11,TikTok Ads,Beleza,2025-11-12,2025-12-31,45787.42,11334424,307093,21261,First Click,Pausada,4.22,193222.91,2.15
CAMP-3149,Feed_Carousel_2024,Orgânico,Moda,2024-08-12,2024-08-27,44537.06,15678673,643881,38256,Last Click,Pausada,1.86,82838.93,1.16
CAMP-3150,Retargeting_Carrinho_2024_08,TikTok Ads,Moda,2024-08-16,2024-11-27,102171.84,25986633,1149204,64765,Last Click,Finalizada,3.04,310602.39,1.58
CAMP-3151,Remarketing_30d_2025_08,Email Marketing,Geral,2025-08-01,2025-11-26,29931.12,4159813,235535,16624,First Click,Finalizada,1.7,50882.9,1.8
CAMP-3152,Volta_as_Aulas_2025_10,Orgânico,Beleza,2025-10-13,2025-12-01,82614.35,16225913,294551,23849,Last Click,Finalizada,2.08,171837.85,3.46
CAMP-3153,Liquidacao_Julho_2023,Influenciador,Moda,2023-11-11,2023-12-07,18552.38,4699850,251875,8212,Linear,Pausada,12.55,232832.37,2.26
CAMP-3154,Upsell_Platinum_2025,Influenciador,Beleza,2025-10-22,2025-11-13,62233.25,13891816,514942,55131,Linear,Pausada,11.07,688922.08,1.13
CAMP-3155,Volta_as_Aulas_2025,Email Marketing,Beleza,2025-10-09,2025-10-20,79031.19,19707995,689235,18413,Linear,Finalizada,1.58,124869.28,4.29
CAMP-3156,Black_Friday_Main_2023,Email Marketing,Acessórios,2023-05-23,2023-08-02,84191.62,28153477,380131,6194,Last Click,Finalizada,3.54,298038.33,13.59
CAMP-3157,Dia_Das_Maes_2024,Marketplace,Geral,2024-11-21,2024-12-20,75260.56,22556024,630048,27097,Linear,Finalizada,1.67,125685.14,2.78
CAMP-3158,Semana_Consumidor_2025,Email Marketing,Geral,2025-11-26,2025-12-31,91550.69,22712916,290080,31486,First Click,Finalizada,3.38,309441.33,2.91
CAMP-3159,Feed_Carousel_2023,Google Ads,Acessórios,2023-04-25,2023-07-06,61009.69,11395516,422024,27691,Last Click,Pausada,3.27,199501.69,2.2
CAMP-3160,Feed_Carousel_2023_03,Google Ads,Moda,2023-03-14,2023-06-20,119230.94,42109630,801999,57340,Linear,Finalizada,3.94,469769.9,2.08
CAMP-3161,Dia_Das_Maes_2025_09,Email Marketing,Moda,2025-09-02,2025-10-08,83871.74,7961968,308495,18999,Last Click,Finalizada,4.83,405100.5,4.41
CAMP-3162,Lancamento_Colecao_2023,Email Marketing,Lifestyle,2023-02-18,2025-12-31,91157.22,8253656,413988,42767,First Click,Ativa,1.66,151320.99,2.13
CAMP-3163,Retargeting_Carrinho_2023,Orgânico,Beleza,2023-02-06,2023-03-30,37238.5,3066904,33667,2877,First Click,Finalizada,2.96,110225.96,12.94
CAMP-3164,Parceria_Creator_2024_03,Marketplace,Moda,2024-03-23,2024-04-16,102750.68,25511195,935575,99187,First Click,Finalizada,4.25,436690.39,1.04
CAMP-3165,Dia_Dos_Namorados_2023,Marketplace,Beleza,2023-05-04,2023-05-27,20262.25,4190188,154065,11139,First Click,Finalizada,1.9,38498.28,1.82
CAMP-3166,Performance_Sempre_Ligada_2024_10,Instagram Ads,Moda,2024-10-22,2025-02-02,7919.38,1639520,67443,1832,Linear,Finalizada,2.38,18848.12,4.32
CAMP-3167,Parceria_Creator_2023,Marketplace,Moda,2023-01-28,2023-05-28,99935.96,17964043,213537,23648,Linear,Pausada,2.55,254836.7,4.23
CAMP-3168,UGC_Organico_2023_08,Google Ads,Acessórios,2023-08-16,2025-12-31,59013.11,5407049,252160,12630,First Click,Ativa,3.96,233691.92,4.67
CAMP-3169,Retargeting_Carrinho_2025,Marketplace,Beleza,2025-11-12,2025-12-15,3461.24,1334342,59956,3377,Linear,Finalizada,1.14,3945.81,1.02
CAMP-3170,Cyber_Monday_2023,Influenciador,Acessórios,2023-08-08,2025-12-31,107344.91,31449221,1576457,180089,First Click,Ativa,10.03,1076669.45,0.6
CAMP-3171,UGC_Organico_2024,Email Marketing,Acessórios,2024-04-02,2024-06-23,35351.29,2829466,68158,5462,Last Click,Pausada,3.53,124790.05,6.47
CAMP-3172,Natal_Presentes_2023,Marketplace,Lifestyle,2023-04-19,2025-12-31,95483.77,14522326,856463,98624,Linear,Ativa,1.8,171870.79,0.97
CAMP-3173,Semana_Consumidor_2024,Instagram Ads,Geral,2024-09-01,2024-09-11,12416.21,1555951,42966,2133,First Click,Finalizada,4.15,51527.27,5.82
CAMP-3174,Dia_Dos_Namorados_2024_07,Orgânico,Moda,2024-07-12,2025-12-31,99677.89,8541726,324861,30712,Last Click,Ativa,4.47,445560.17,3.25
CAMP-3175,Performance_Sempre_Ligada_2024,Email Marketing,Lifestyle,2024-12-10,2024-12-24,60340.14,19555554,1086752,13408,Last Click,Pausada,1.38,83269.39,4.5
CAMP-3176,Lancamento_Colecao_2025,Instagram Ads,Geral,2025-09-20,2025-12-31,89346.71,31252029,432176,27454,First Click,Ativa,6.85,612024.96,3.25
CAMP-3177,Influenciador_Inverno_2023,Orgânico,Geral,2023-07-27,2023-10-02,96329.13,16354797,210902,11190,Linear,Finalizada,3.69,355454.49,8.61
CAMP-3178,Remarketing_30d_2023_12,Orgânico,Lifestyle,2023-12-20,2024-02-09,64644.17,20551104,844564,85705,First Click,Finalizada,4.83,312231.34,0.75
CAMP-3179,Volta_as_Aulas_2024,Google Ads,Moda,2024-09-16,2025-12-31,3779.18,577299,28123,1331,First Click,Ativa,3.75,14171.92,2.84
CAMP-3180,CAC_Reducao_2023,Influenciador,Lifestyle,2023-12-23,2024-02-28,82410.12,21942013,675104,28690,Linear,Pausada,4.8,395568.58,2.87
CAMP-3181,Fidelidade_Clientes_2023,Influenciador,Lifestyle,2023-09-02,2025-12-31,75449.91,27710841,1633921,145547,Last Click,Ativa,3.34,252002.7,0.52
CAMP-3182,UGC_Organico_2023_08,Marketplace,Lifestyle,2023-08-23,2025-12-31,30653.91,6501878,83402,9585,First Click,Ativa,3.08,94414.04,3.2
CAMP-3183,Performance_Sempre_Ligada_2023,Influenciador,Lifestyle,2023-11-17,2025-12-31,85229.93,24955708,773166,20562,First Click,Ativa,6.88,586381.92,4.15
CAMP-3184,Retargeting_Carrinho_2024,Marketplace,Moda,2024-01-06,2024-02-03,38895.42,14509661,614608,11572,First Click,Finalizada,2.8,108907.18,3.36
CAMP-3185,Parceria_Creator_2023_10,Google Ads,Geral,2023-10-12,2023-10-27,44523.16,13235379,172101,6403,Linear,Finalizada,3.04,135350.41,6.95
CAMP-3186,Performance_Sempre_Ligada_2023_09,Influenciador,Geral,2023-09-04,2023-11-28,25512.15,8962511,417926,32609,Linear,Pausada,11.53,294155.09,0.78
CAMP-3187,Stories_Boost_2024,Google Ads,Geral,2024-11-22,2025-01-23,16566.83,1648237,85244,4441,Last Click,Pausada,3.41,56492.89,3.73
CAMP-3188,Performance_Moda_2024_09,Marketplace,Lifestyle,2024-09-27,2024-10-25,107895.53,27796671,1554615,25459,Last Click,Finalizada,4.47,482293.02,4.24
CAMP-3189,Email_Reativacao_2025,Google Ads,Geral,2025-10-05,2025-12-31,105699.48,28038316,473086,27208,Last Click,Pausada,3.34,353036.26,3.88
CAMP-3190,Stories_Boost_2024_04,TikTok Ads,Moda,2024-04-17,2024-05-13,82080.68,10268759,213569,24191,Last Click,Finalizada,5.02,412045.01,3.39
CAMP-3191,LTV_Expansion_2023_09,Influenciador,Geral,2023-09-25,2024-01-20,93518.48,13038013,684821,67814,Last Click,Pausada,1.12,104740.7,1.38
CAMP-3192,Liquidacao_Julho_2024,Google Ads,Moda,2024-08-08,2024-11-16,97460.28,14876244,816190,34154,Last Click,Pausada,3.64,354755.42,2.85
CAMP-3193,Branding_Awareness_2025_03,TikTok Ads,Acessórios,2025-03-23,2025-04-07,88187.67,16321964,847422,90611,Last Click,Pausada,5.41,477095.29,0.97
CAMP-3194,Lancamento_Colecao_2024,Influenciador,Lifestyle,2024-12-09,2025-12-31,52491.91,20051066,1197194,129128,Last Click,Ativa,12.08,634102.27,0.41
CAMP-3195,Parceria_Creator_2025,Google Ads,Geral,2025-05-08,2025-12-31,83080.95,23494915,1098287,56004,Last Click,Ativa,3.31,274997.94,1.48
CAMP-3196,Branding_Awareness_2025,Email Marketing,Beleza,2025-07-06,2025-08-11,85976.4,12887933,748673,85539,Linear,Pausada,1.76,151318.46,1.01
CAMP-3197,Semana_Consumidor_2025_11,Email Marketing,Moda,2025-11-02,2025-12-30,82051.81,32181116,1803553,70720,Last Click,Finalizada,1.76,144411.19,1.16
CAMP-3198,Upsell_Platinum_2025,Marketplace,Geral,2025-04-05,2025-07-20,46281.1,13997918,174472,13894,Linear,Finalizada,2.42,112000.26,3.33
CAMP-3199,Black_Friday_Main_2025_02,Orgânico,Moda,2025-02-16,2025-03-15,22493.05,3510667,164883,9655,Linear,Finalizada,2.85,64105.19,2.33
CAMP-3200,Stories_Boost_2023_02,Instagram Ads,Moda,2023-02-17,2023-03-20,9193.49,1748846,75281,6679,Last Click,Finalizada,4.81,44220.69,1.38
CAMP-3201,Stories_Boost_2023_12,Instagram Ads,Moda,2023-12-10,2024-01-07,53539.06,8657711,311774,33497,First Click,Pausada,3.72,199165.3,1.6
CAMP-3202,Volta_as_Aulas_2024,Influenciador,Lifestyle,2024-07-28,2024-08-28,78298.48,25768089,892001,40987,Linear,Pausada,3.86,302232.13,1.91
CAMP-3203,Email_Reativacao_2023,Orgânico,Moda,2023-09-28,2024-01-26,26986.45,3837207,55554,3898,First Click,Finalizada,3.94,106326.61,6.92
CAMP-3204,Semana_Consumidor_2024_01,Marketplace,Lifestyle,2024-01-17,2024-01-30,107668.29,26124820,1052378,97467,Last Click,Finalizada,2.14,230410.14,1.1
CAMP-3205,Black_Friday_Main_2025_09,TikTok Ads,Beleza,2025-09-26,2025-10-11,24786.01,7475314,73012,8274,Last Click,Finalizada,6.47,160365.48,3.0
CAMP-3206,Stories_Boost_2023,TikTok Ads,Beleza,2023-05-19,2023-06-06,22960.23,8529441,406700,30438,Last Click,Pausada,7.97,182993.03,0.75
CAMP-3207,UGC_Organico_2025,Influenciador,Moda,2025-04-01,2025-06-29,33406.66,3869238,47232,1959,Last Click,Pausada,3.18,106233.18,17.05
CAMP-3208,Remarketing_30d_2025_07,Google Ads,Geral,2025-07-18,2025-08-20,111115.79,25781128,382531,33223,Linear,Pausada,3.7,411128.42,3.34
CAMP-3209,Volta_as_Aulas_2023,Instagram Ads,Geral,2023-06-12,2023-09-11,43932.23,10597903,222043,24997,Last Click,Pausada,4.43,194619.78,1.76
CAMP-3210,Semana_Consumidor_2023_09,Instagram Ads,Beleza,2023-09-10,2025-12-31,87171.51,28152245,891412,10222,First Click,Ativa,4.99,434985.83,8.53
CAMP-3211,Retargeting_Carrinho_2024,Marketplace,Beleza,2024-12-22,2025-03-04,655.32,198134,4142,81,Linear,Pausada,1.69,1107.49,8.09
CAMP-3212,LTV_Expansion_2024_10,Orgânico,Beleza,2024-10-21,2025-01-18,108703.74,28430796,1619757,193576,First Click,Finalizada,1.62,176100.06,0.56
CAMP-3213,Influenciador_Inverno_2025_09,TikTok Ads,Acessórios,2025-09-04,2025-11-23,30141.32,5465964,278938,15729,First Click,Finalizada,3.08,92835.27,1.92
CAMP-3214,Feed_Carousel_2023_11,Instagram Ads,Acessórios,2023-11-10,2024-01-09,103205.57,11080055,337436,36386,First Click,Pausada,5.76,594464.08,2.84
CAMP-3215,Retargeting_Carrinho_2024_09,Instagram Ads,Acessórios,2024-09-01,2025-12-31,69205.23,14078358,140011,2703,Linear,Ativa,6.24,431840.64,25.6
CAMP-3216,Semana_Consumidor_2024_08,Instagram Ads,Lifestyle,2024-08-04,2024-12-02,4650.37,1208115,57238,1379,Last Click,Pausada,4.52,21019.67,3.37
CAMP-3217,Liquidacao_Julho_2024,Google Ads,Beleza,2024-09-21,2024-11-21,57661.74,8697517,431909,42220,Last Click,Pausada,3.03,174715.07,1.37
CAMP-3218,Semana_Consumidor_2025_11,TikTok Ads,Beleza,2025-11-22,2025-12-07,49035.16,12851308,491829,28000,Last Click,Pausada,1.98,97089.62,1.75
CAMP-3219,Liquidacao_Julho_2024_11,Email Marketing,Geral,2024-11-08,2025-01-07,111792.43,17660820,367745,33665,Linear,Finalizada,4.12,460584.81,3.32
CAMP-3220,Email_Reativacao_2023_06,Influenciador,Lifestyle,2023-06-16,2023-09-22,106725.67,20907698,317399,24449,First Click,Finalizada,3.89,415162.86,4.37
CAMP-3221,Natal_Presentes_2025,Email Marketing,Geral,2025-04-15,2025-06-30,22975.07,6392349,380042,5369,First Click,Pausada,2.3,52842.66,4.28
CAMP-3222,Volta_as_Aulas_2024,Influenciador,Acessórios,2024-11-02,2025-01-09,74218.29,24687562,951980,66754,Linear,Pausada,11.51,854252.52,1.11
CAMP-3223,Semana_Consumidor_2024_12,Instagram Ads,Beleza,2024-12-14,2025-01-10,505.97,175516,6039,604,Last Click,Finalizada,3.07,1553.33,0.84
CAMP-3224,Parceria_Creator_2024_10,Instagram Ads,Beleza,2024-10-27,2024-11-04,38395.13,13620545,119715,6638,Last Click,Finalizada,6.13,235362.15,5.78
CAMP-3225,Remarketing_30d_2025_12,Instagram Ads,Acessórios,2025-12-17,2025-12-31,81474.38,12642502,510365,6915,Last Click,Pausada,3.84,312861.62,11.78
CAMP-3226,Performance_Sempre_Ligada_2023_02,Google Ads,Lifestyle,2023-02-13,2023-04-07,38457.31,6784246,187634,14974,Linear,Finalizada,3.69,141907.47,2.57
CAMP-3227,Branding_Awareness_2024,Marketplace,Moda,2024-07-02,2024-08-21,57565.63,14246267,577382,66529,First Click,Finalizada,3.29,189390.92,0.87
CAMP-3228,TikTok_Viral_2025,TikTok Ads,Moda,2025-07-13,2025-09-10,79266.96,11254099,136432,7044,Last Click,Pausada,2.57,203716.09,11.25
CAMP-3229,Parceria_Creator_2024,Orgânico,Lifestyle,2024-10-15,2024-11-02,35343.54,5430387,238419,25432,Last Click,Pausada,4.9,173183.35,1.39
CAMP-3230,Email_Reativacao_2024,Marketplace,Lifestyle,2024-05-13,2024-07-08,32344.95,12933014,384523,19610,Linear,Pausada,3.19,103180.39,1.65
CAMP-3231,Lancamento_Colecao_2025,Influenciador,Geral,2025-10-14,2025-12-08,65698.85,21683648,1230343,122313,Linear,Pausada,11.49,754879.79,0.54
CAMP-3232,Remarketing_30d_2024,Email Marketing,Moda,2024-02-10,2024-03-12,117739.19,44747568,1582946,61119,First Click,Finalizada,3.97,467424.58,1.93
CAMP-3233,Retargeting_Carrinho_2024_10,Email Marketing,Beleza,2024-10-02,2024-10-29,105525.03,28725112,1257240,53273,First Click,Pausada,3.75,395718.86,1.98
CAMP-3234,Feed_Carousel_2024_12,TikTok Ads,Beleza,2024-12-11,2025-02-12,110379.51,25624381,661549,34803,First Click,Pausada,5.12,565143.09,3.17
CAMP-3235,Influenciador_Verao_2024_11,Google Ads,Moda,2024-11-07,2024-12-28,103649.5,40637449,1259238,22801,First Click,Finalizada,3.96,410452.02,4.55
CAMP-3236,Stories_Boost_2023_07,Influenciador,Moda,2023-07-16,2023-09-09,72823.47,24574541,1035429,83676,Last Click,Finalizada,14.31,1042103.86,0.87
CAMP-3237,Performance_Sempre_Ligada_2024_08,TikTok Ads,Geral,2024-08-07,2024-10-28,56703.99,10495879,330417,38988,Last Click,Finalizada,6.94,393525.69,1.45
CAMP-3238,UGC_Organico_2025,Influenciador,Lifestyle,2025-01-06,2025-04-02,108278.42,15709124,881906,60071,Linear,Finalizada,6.98,755783.37,1.8
CAMP-3239,Feed_Carousel_2023,Influenciador,Moda,2023-11-13,2023-12-24,100973.24,27604791,1057882,80692,Last Click,Finalizada,7.44,751240.91,1.25
CAMP-3240,Semana_Consumidor_2023,Google Ads,Geral,2023-05-04,2023-06-10,70173.45,22363106,1224520,50674,Last Click,Finalizada,3.79,265957.38,1.38
CAMP-3241,Dia_Das_Maes_2023,Marketplace,Lifestyle,2023-08-02,2023-09-24,32868.79,10269181,338697,18735,Linear,Finalizada,2.01,66066.27,1.75
CAMP-3242,Liquida_Beleza_2024,Google Ads,Geral,2024-05-02,2024-05-20,73391.93,27749867,772976,8349,First Click,Pausada,3.98,292099.88,8.79
CAMP-3243,Stories_Boost_2024,Google Ads,Lifestyle,2024-09-20,2024-10-11,67267.51,19302630,691360,43440,First Click,Pausada,3.47,233418.26,1.55
CAMP-3244,Fidelidade_Clientes_2025_11,Instagram Ads,Beleza,2025-11-22,2025-12-31,118218.37,24350703,1395933,142563,Last Click,Pausada,5.46,645472.3,0.83
CAMP-3245,CAC_Reducao_2023_02,TikTok Ads,Acessórios,2023-02-25,2023-06-11,8232.43,1720920,50129,4532,First Click,Finalizada,4.93,40585.88,1.82
CAMP-3246,Performance_Beleza_2023,Marketplace,Beleza,2023-09-13,2023-11-27,29166.46,11092151,170880,16734,Linear,Pausada,4.28,124832.45,1.74
CAMP-3247,Remarketing_30d_2023,Marketplace,Lifestyle,2023-10-09,2023-12-01,68129.2,15315626,741920,25781,Last Click,Finalizada,1.99,135577.11,2.64
CAMP-3248,TikTok_Viral_2024_02,Email Marketing,Lifestyle,2024-02-05,2025-12-31,55916.28,7522074,414186,33854,Linear,Ativa,1.71,95616.84,1.65
CAMP-3249,Dia_Dos_Namorados_2024,Email Marketing,Beleza,2024-09-06,2024-09-16,98773.68,19133660,1007226,45675,Last Click,Pausada,2.6,256811.57,2.16
CAMP-3250,Performance_Sempre_Ligada_2025_01,Email Marketing,Acessórios,2025-01-02,2025-03-26,105211.24,14751245,720642,32266,First Click,Pausada,4.8,505013.95,3.26
CAMP-3251,Fidelidade_Clientes_2024_09,Influenciador,Acessórios,2024-09-23,2025-01-10,55567.91,13643381,801618,16233,Linear,Pausada,7.01,389531.05,3.42
CAMP-3252,Natal_Presentes_2025,TikTok Ads,Geral,2025-04-26,2025-06-02,52419.56,18307961,442266,11948,Last Click,Finalizada,3.17,166170.01,4.39
CAMP-3253,Liquidacao_Julho_2024,Marketplace,Acessórios,2024-02-14,2024-05-22,106131.18,37060421,2057762,195171,First Click,Pausada,2.13,226059.41,0.54
CAMP-3254,Natal_Presentes_2025,Google Ads,Moda,2025-05-03,2025-08-30,106551.8,31313135,1290067,65207,Last Click,Finalizada,3.63,386783.03,1.63
CAMP-3255,Liquidacao_Julho_2024,Influenciador,Lifestyle,2024-07-24,2025-12-31,98221.19,33008873,642347,60074,First Click,Ativa,7.1,697370.45,1.64
CAMP-3256,LTV_Expansion_2024_11,Marketplace,Lifestyle,2024-11-02,2025-12-31,72318.75,24810474,860344,24964,Last Click,Ativa,3.41,246606.94,2.9
CAMP-3257,Push_Carrinho_2024,Orgânico,Beleza,2024-04-11,2024-07-08,99101.06,18800708,849496,84978,Last Click,Finalizada,3.67,363700.89,1.17
CAMP-3258,Remarketing_30d_2024_12,TikTok Ads,Moda,2024-12-17,2025-12-31,91081.65,30083784,1803652,74328,First Click,Ativa,3.67,334269.66,1.23
CAMP-3259,Branding_Awareness_2023_08,Google Ads,Lifestyle,2023-08-22,2023-09-09,2411.05,732035,26247,3059,Linear,Finalizada,3.76,9065.55,0.79
CAMP-3260,Parceria_Creator_2024,Influenciador,Lifestyle,2024-12-12,2025-12-31,7322.88,2031243,86159,6971,Linear,Ativa,14.23,104204.58,1.05
CAMP-3261,Feed_Carousel_2024,Influenciador,Geral,2024-04-21,2024-06-09,94922.7,14641931,357422,14302,Last Click,Pausada,9.14,867593.48,6.64
CAMP-3262,UGC_Organico_2025,Influenciador,Beleza,2025-01-23,2025-04-26,7529.53,2987291,145004,13115,First Click,Pausada,5.65,42541.84,0.57
CAMP-3263,Performance_Moda_2024_04,Marketplace,Geral,2024-04-01,2024-05-21,69903.13,24586491,503396,20071,First Click,Pausada,1.84,128621.76,3.48
CAMP-3264,Stories_Boost_2023_07,Orgânico,Geral,2023-07-05,2025-12-31,39832.82,7830242,351326,30830,First Click,Ativa,4.97,197969.12,1.29
CAMP-3265,UGC_Organico_2025,Email Marketing,Lifestyle,2025-08-12,2025-10-02,65654.57,9866887,583909,20575,First Click,Finalizada,4.09,268527.19,3.19
CAMP-3266,Liquida_Beleza_2025_11,Instagram Ads,Moda,2025-11-12,2025-12-31,64831.68,15735178,749256,52570,Linear,Ativa,5.93,384451.86,1.23
CAMP-3267,Push_Carrinho_2025_10,TikTok Ads,Moda,2025-10-11,2025-12-31,72559.08,17842155,153979,16003,Last Click,Pausada,4.31,312729.63,4.53
CAMP-3268,Performance_Beleza_2025_09,Orgânico,Geral,2025-09-10,2025-12-27,99942.86,32099560,826774,46424,Linear,Pausada,3.99,398772.01,2.15
CAMP-3269,Branding_Awareness_2023_03,Marketplace,Moda,2023-03-15,2025-12-31,64208.02,18263105,570851,38386,Linear,Ativa,4.18,268389.52,1.67
CAMP-3270,Semana_Consumidor_2025_03,TikTok Ads,Moda,2025-03-02,2025-06-30,5668.35,1179722,64293,7087,First Click,Pausada,2.85,16154.8,0.8
CAMP-3271,Feed_Carousel_2024_09,Orgânico,Acessórios,2024-09-09,2024-11-18,73742.53,6877129,161539,15731,Linear,Pausada,2.08,153384.46,4.69
CAMP-3272,Liquida_Beleza_2025,Marketplace,Beleza,2025-02-19,2025-05-06,14670.95,2022827,95839,8942,Linear,Pausada,3.44,50468.07,1.64
CAMP-3273,Retargeting_Carrinho_2025,Instagram Ads,Acessórios,2025-11-09,2025-12-31,117460.04,38588022,1095897,90796,Last Click,Pausada,6.96,817521.88,1.29
CAMP-3274,LTV_Expansion_2023_06,Orgânico,Geral,2023-06-06,2023-08-05,16394.34,4989158,46383,1728,First Click,Finalizada,4.58,75086.08,9.49
CAMP-3275,Branding_Awareness_2023_12,Instagram Ads,Moda,2023-12-13,2025-12-31,103921.99,15669985,199167,5460,Last Click,Ativa,2.3,239020.58,19.03
CAMP-3276,Performance_Beleza_2025_07,Influenciador,Moda,2025-07-13,2025-08-23,113938.24,29162351,269998,11513,Last Click,Pausada,3.91,445498.52,9.9
CAMP-3277,Liquidacao_Julho_2023,Marketplace,Beleza,2023-03-28,2023-05-22,118261.96,27406337,273600,4187,Linear,Finalizada,2.82,333498.73,28.25
CAMP-3278,Performance_Sempre_Ligada_2024_09,Google Ads,Acessórios,2024-09-18,2024-10-16,30825.28,7826010,78623,4757,Last Click,Pausada,3.5,107888.48,6.48
CAMP-3279,Performance_Beleza_2025_12,Marketplace,Geral,2025-12-02,2025-12-31,54840.8,17283183,827943,32999,Last Click,Pausada,2.71,148618.57,1.66
CAMP-3280,UGC_Organico_2024,Email Marketing,Lifestyle,2024-06-15,2024-10-13,96705.62,14696741,597840,63236,Last Click,Pausada,4.0,386822.48,1.53
CAMP-3281,Dia_Das_Maes_2025_02,TikTok Ads,Acessórios,2025-02-27,2025-06-18,89125.69,33983894,1207148,83767,First Click,Pausada,2.55,227270.51,1.06
CAMP-3282,Branding_Awareness_2024,Email Marketing,Moda,2024-06-27,2024-08-06,3171.58,874716,31767,408,First Click,Pausada,1.01,3203.3,7.77
CAMP-3283,Dia_Das_Maes_2024_06,Marketplace,Acessórios,2024-06-09,2024-07-11,96632.23,32156181,406670,23051,Last Click,Finalizada,1.32,127554.54,4.19
CAMP-3284,Cyber_Monday_2025,TikTok Ads,Beleza,2025-04-02,2025-07-21,60933.48,6624324,329085,9635,First Click,Finalizada,5.95,362554.21,6.32
CAMP-3285,Liquida_Beleza_2025,Email Marketing,Moda,2025-05-18,2025-09-09,64324.9,19377225,873932,93388,Linear,Pausada,4.09,263088.84,0.69
CAMP-3286,Influenciador_Verao_2024,Instagram Ads,Lifestyle,2024-12-08,2025-12-31,117792.43,35108490,1702755,189831,First Click,Ativa,2.67,314505.79,0.62
CAMP-3287,Dia_Das_Maes_2025,Orgânico,Acessórios,2025-02-01,2025-02-20,119908.98,44138050,2589012,285864,Last Click,Finalizada,1.61,193053.46,0.42
CAMP-3288,Natal_Presentes_2025_08,Marketplace,Beleza,2025-08-04,2025-12-31,54349.61,4462236,127337,7021,Linear,Ativa,2.68,145656.95,7.74
CAMP-3289,Dia_Das_Maes_2023_05,TikTok Ads,Lifestyle,2023-05-16,2023-07-06,51442.22,13486449,242140,14849,Last Click,Finalizada,2.62,134778.62,3.46
CAMP-3290,Volta_as_Aulas_2025,Marketplace,Acessórios,2025-10-27,2025-12-31,86150.42,29256458,570419,57760,Last Click,Finalizada,3.51,302387.97,1.49
CAMP-3291,Dia_Dos_Namorados_2025_03,Instagram Ads,Beleza,2025-03-22,2025-06-21,88803.95,7960595,173397,15552,First Click,Finalizada,5.56,493749.96,5.71
CAMP-3292,Cyber_Monday_2025,Orgânico,Acessórios,2025-02-12,2025-05-28,74594.0,28548168,1309691,104027,Last Click,Pausada,1.23,91750.62,0.72
CAMP-3293,Performance_Moda_2023_06,Marketplace,Acessórios,2023-06-23,2023-07-09,43495.48,16904098,670236,58689,First Click,Pausada,4.43,192684.98,0.74
CAMP-3294,Performance_Sempre_Ligada_2024_02,TikTok Ads,Geral,2024-02-13,2025-12-31,90860.14,27138216,1035120,121060,Linear,Ativa,4.32,392515.8,0.75
CAMP-3295,Push_Carrinho_2023_06,Orgânico,Geral,2023-06-24,2023-08-22,6617.63,2283536,126156,1632,First Click,Finalizada,1.23,8139.68,4.05
CAMP-3296,Fidelidade_Clientes_2023_05,Orgânico,Geral,2023-05-07,2023-07-25,49007.99,8966213,317649,27369,Linear,Pausada,2.77,135752.13,1.79
CAMP-3297,Stories_Boost_2024_08,TikTok Ads,Beleza,2024-08-05,2024-11-09,11472.69,2475914,69715,1420,First Click,Finalizada,3.39,38892.42,8.08
CAMP-3298,Performance_Sempre_Ligada_2024_08,Email Marketing,Acessórios,2024-08-10,2025-12-31,76905.59,9599270,340485,30722,Linear,Ativa,3.42,263017.12,2.5
CAMP-3299,Fidelidade_Clientes_2024,Google Ads,Geral,2024-02-14,2024-05-02,66867.25,12805332,452836,12217,First Click,Pausada,3.91,261450.95,5.47
CAMP-3300,Natal_Presentes_2024,Instagram Ads,Beleza,2024-09-04,2025-12-31,92272.02,32225287,1785276,95098,First Click,Ativa,2.04,188234.92,0.97
CAMP-3301,Volta_as_Aulas_2025_05,Email Marketing,Acessórios,2025-05-09,2025-07-14,41060.9,5677637,272504,11818,Last Click,Finalizada,3.06,125646.35,3.47
CAMP-3302,Push_Carrinho_2024,TikTok Ads,Moda,2024-10-06,2025-12-31,44610.66,10155170,211957,18152,Last Click,Ativa,3.43,153014.56,2.46
CAMP-3303,Branding_Awareness_2023_12,Orgânico,Acessórios,2023-12-21,2023-12-28,42662.76,15489832,333193,15519,Last Click,Pausada,2.94,125428.51,2.75
CAMP-3304,Feed_Carousel_2024,Influenciador,Geral,2024-09-10,2025-12-31,65565.76,10484755,181361,10505,Last Click,Ativa,3.91,256362.12,6.24
CAMP-3305,Push_Carrinho_2025_03,Email Marketing,Lifestyle,2025-03-21,2025-07-06,110435.88,21638642,495974,56978,First Click,Pausada,1.47,162340.74,1.94
CAMP-3306,Influenciador_Verao_2024,Orgânico,Beleza,2024-04-10,2025-12-31,50985.33,17616000,426183,9260,Linear,Ativa,3.58,182527.48,5.51
CAMP-3307,Lookalike_Gold_2023_11,Orgânico,Moda,2023-11-04,2024-02-18,103751.33,27163674,1150211,123700,Linear,Finalizada,3.31,343416.9,0.84
CAMP-3308,Fidelidade_Clientes_2025,Google Ads,Lifestyle,2025-05-10,2025-08-15,80969.23,9966822,325824,8113,Last Click,Pausada,3.7,299586.15,9.98
CAMP-3309,Upsell_Platinum_2024,Marketplace,Geral,2024-04-27,2024-05-04,81801.6,13920252,464206,51111,Linear,Pausada,3.1,253584.96,1.6
CAMP-3310,Push_Carrinho_2025,Google Ads,Moda,2025-10-24,2025-12-31,103493.2,16937275,220835,17213,First Click,Pausada,3.75,388099.5,6.01
CAMP-3311,Cyber_Monday_2023_08,Google Ads,Geral,2023-08-14,2023-09-06,76866.67,19803248,1153360,78099,Last Click,Finalizada,3.55,272876.68,0.98
CAMP-3312,Push_Carrinho_2023_07,Influenciador,Acessórios,2023-07-02,2023-09-17,43933.69,11159155,477551,11085,First Click,Pausada,7.92,347954.82,3.96
CAMP-3313,Stories_Boost_2023,Orgânico,Beleza,2023-01-11,2023-03-17,65629.33,13594052,479086,30037,Linear,Pausada,3.62,237578.17,2.18
CAMP-3314,Liquida_Beleza_2023_01,Google Ads,Moda,2023-01-15,2025-12-31,118208.52,29973644,1641984,93020,Linear,Ativa,3.21,379449.35,1.27
CAMP-3315,Branding_Awareness_2024_11,Email Marketing,Acessórios,2024-11-13,2025-01-05,8477.51,2987394,132146,15501,Linear,Finalizada,2.78,23567.48,0.55
CAMP-3316,Feed_Carousel_2025,Google Ads,Acessórios,2025-03-20,2025-07-11,101896.31,38546656,1635712,89929,Last Click,Finalizada,3.85,392300.79,1.13
CAMP-3317,Influenciador_Inverno_2025,Email Marketing,Beleza,2025-07-07,2025-10-20,77454.86,12871895,319710,24614,Linear,Finalizada,4.08,316015.83,3.15
CAMP-3318,Black_Friday_Main_2024,Google Ads,Beleza,2024-06-28,2024-08-18,101458.89,12938324,450303,15453,Linear,Finalizada,3.65,370324.95,6.57
CAMP-3319,Influenciador_Inverno_2023_11,Instagram Ads,Acessórios,2023-11-20,2025-12-31,38677.3,14360359,479477,15762,First Click,Ativa,4.94,191065.86,2.45
CAMP-3320,Lancamento_Colecao_2025,Influenciador,Geral,2025-11-25,2025-12-31,94781.3,28101153,1428633,110103,Linear,Ativa,8.71,825545.12,0.86
CAMP-3321,Parceria_Creator_2025,Orgânico,Beleza,2025-01-06,2025-04-22,33125.66,11668813,652883,12337,Last Click,Pausada,4.83,159996.94,2.69
CAMP-3322,Liquida_Beleza_2025,Orgânico,Beleza,2025-05-11,2025-06-25,32599.87,5293838,274044,20113,Linear,Finalizada,3.21,104645.58,1.62
CAMP-3323,Performance_Beleza_2025_09,Marketplace,Lifestyle,2025-09-27,2025-12-31,106255.53,30832331,1829562,184979,Last Click,Ativa,1.09,115818.53,0.57
CAMP-3324,Lookalike_Gold_2023,TikTok Ads,Moda,2023-10-16,2023-11-18,53674.34,16069886,678068,52794,Last Click,Finalizada,7.38,396116.63,1.02
CAMP-3325,Influenciador_Verao_2025_01,TikTok Ads,Acessórios,2025-01-23,2025-03-05,98190.55,30758594,248365,11757,First Click,Finalizada,2.33,228783.98,8.35
CAMP-3326,UGC_Organico_2024,Marketplace,Beleza,2024-12-06,2025-03-05,94209.7,27988088,230699,27001,Last Click,Finalizada,3.77,355170.57,3.49
CAMP-3327,Lookalike_Gold_2023_05,Orgânico,Acessórios,2023-05-23,2023-07-23,74654.91,14561639,844754,72480,Last Click,Pausada,2.15,160508.06,1.03
CAMP-3328,CAC_Reducao_2024_07,Marketplace,Lifestyle,2024-07-08,2024-07-21,40129.41,4905819,176133,2335,First Click,Pausada,4.14,166135.76,17.19
CAMP-3329,Liquida_Beleza_2023_05,Instagram Ads,Acessórios,2023-05-21,2023-08-16,60685.82,20778281,1127171,27962,Last Click,Pausada,2.97,180236.89,2.17
CAMP-3330,Volta_as_Aulas_2024_06,TikTok Ads,Geral,2024-06-15,2024-09-29,119120.17,39057430,1837540,206509,Last Click,Finalizada,3.74,445509.44,0.58
CAMP-3331,Volta_as_Aulas_2024,Influenciador,Lifestyle,2024-03-11,2024-05-28,112899.22,40708799,1087929,97607,Linear,Finalizada,4.38,494498.58,1.16
CAMP-3332,Performance_Moda_2023,Marketplace,Geral,2023-11-13,2024-01-24,13565.7,1280437,13822,660,First Click,Finalizada,2.06,27945.34,20.55
CAMP-3333,Influenciador_Verao_2024,Google Ads,Lifestyle,2024-10-17,2025-01-06,76325.09,29938404,684994,41143,Last Click,Finalizada,3.69,281639.58,1.86
CAMP-3334,Email_Reativacao_2024_11,Influenciador,Moda,2024-11-24,2025-03-08,57989.42,12570236,695067,56553,Last Click,Pausada,2.01,116558.73,1.03
CAMP-3335,Influenciador_Verao_2023_09,Orgânico,Moda,2023-09-21,2024-01-17,78663.62,15059510,562022,15730,First Click,Finalizada,3.66,287908.85,5.0
CAMP-3336,Lancamento_Colecao_2024_02,Orgânico,Beleza,2024-02-20,2024-04-25,86312.32,9141663,75894,1660,Last Click,Finalizada,3.79,327123.69,52.0
CAMP-3337,Cyber_Monday_2024_01,Influenciador,Beleza,2024-01-27,2024-04-22,103954.99,25606775,1008598,58734,Linear,Pausada,10.42,1083211.0,1.77
CAMP-3338,Email_Reativacao_2024,TikTok Ads,Lifestyle,2024-05-20,2024-08-16,93110.85,19082083,1093817,75094,Last Click,Finalizada,4.22,392927.79,1.24
CAMP-3339,Retargeting_Carrinho_2025,Orgânico,Moda,2025-09-22,2025-11-26,36993.89,11567836,407445,6573,Last Click,Finalizada,4.16,153894.58,5.63
CAMP-3340,Liquidacao_Julho_2023,Orgânico,Lifestyle,2023-12-03,2024-02-05,76895.19,6833163,168826,14005,Last Click,Pausada,1.08,83046.81,5.49
CAMP-3341,UGC_Organico_2024,Orgânico,Acessórios,2024-01-05,2024-04-23,111187.2,30996190,1114719,129906,Linear,Finalizada,2.28,253506.82,0.86
CAMP-3342,TikTok_Viral_2025_03,TikTok Ads,Moda,2025-03-14,2025-04-19,59620.53,9382297,497962,10960,Linear,Pausada,3.07,183035.03,5.44
CAMP-3343,Stories_Boost_2023_12,Influenciador,Moda,2023-12-08,2024-01-17,70043.52,9468270,162616,8240,Last Click,Finalizada,3.13,219236.22,8.5
CAMP-3344,Email_Reativacao_2023_02,Influenciador,Acessórios,2023-02-25,2023-03-26,32544.93,4766257,63579,6113,First Click,Finalizada,12.41,403882.58,5.32
CAMP-3345,Volta_as_Aulas_2025,Google Ads,Acessórios,2025-01-05,2025-03-12,76147.03,29406718,433601,39803,Linear,Finalizada,3.0,228441.09,1.91
CAMP-3346,Volta_as_Aulas_2024_04,TikTok Ads,Acessórios,2024-04-27,2024-05-30,33724.23,7177797,125150,15014,First Click,Pausada,7.81,263386.24,2.25
CAMP-3347,Influenciador_Inverno_2024,Google Ads,Lifestyle,2024-05-03,2024-07-30,71171.72,18158074,1035292,14649,Linear,Pausada,3.09,219920.61,4.86
CAMP-3348,Email_Reativacao_2024,Orgânico,Moda,2024-11-21,2024-12-27,102564.66,11333619,167700,5329,Last Click,Finalizada,2.46,252309.06,19.25
CAMP-3349,Liquida_Beleza_2025,Orgânico,Lifestyle,2025-06-06,2025-09-02,98669.19,39205358,994156,81585,Last Click,Pausada,2.03,200298.46,1.21
CAMP-3350,Parceria_Creator_2023_01,Orgânico,Lifestyle,2023-01-25,2023-02-10,119210.82,32913924,270616,13588,Last Click,Pausada,1.54,183584.66,8.77
CAMP-3351,Dia_Dos_Namorados_2023,TikTok Ads,Beleza,2023-05-02,2023-05-13,50375.83,16840980,993127,82537,Last Click,Finalizada,7.68,386886.37,0.61
CAMP-3352,Semana_Consumidor_2024_10,Google Ads,Geral,2024-10-18,2025-12-31,92462.47,23864014,1286602,99554,Last Click,Ativa,3.53,326392.52,0.93
CAMP-3353,Lancamento_Colecao_2023_01,Email Marketing,Geral,2023-01-28,2023-03-22,85430.41,12534368,663101,21397,Linear,Finalizada,3.49,298152.13,3.99
CAMP-3354,Dia_Das_Maes_2025,Google Ads,Acessórios,2025-07-01,2025-08-13,36617.06,8271955,457184,5890,Last Click,Pausada,3.02,110583.52,6.22
CAMP-3355,Remarketing_30d_2024,Orgânico,Acessórios,2024-06-17,2024-09-10,77533.99,14218486,803802,84742,Linear,Pausada,3.99,309360.62,0.91
CAMP-3356,Lookalike_Gold_2023_03,Google Ads,Beleza,2023-03-10,2023-04-18,2373.54,493161,21645,1583,Linear,Pausada,3.43,8141.24,1.5
CAMP-3357,Lookalike_Gold_2025_04,Marketplace,Moda,2025-04-13,2025-06-02,91460.54,30642056,389992,16822,First Click,Pausada,1.2,109752.65,5.44
CAMP-3358,Performance_Sempre_Ligada_2023,Email Marketing,Acessórios,2023-03-27,2025-12-31,19094.28,4039785,212189,24805,First Click,Ativa,3.86,73703.92,0.77
CAMP-3359,Influenciador_Inverno_2024,Orgânico,Lifestyle,2024-05-05,2025-12-31,88641.57,11521971,264275,3292,First Click,Ativa,4.1,363430.44,26.93
CAMP-3360,UGC_Organico_2023,Instagram Ads,Moda,2023-04-05,2023-06-28,65439.87,19309030,420306,15104,Linear,Pausada,6.18,404418.4,4.33
CAMP-3361,Stories_Boost_2024,Instagram Ads,Beleza,2024-04-25,2024-06-12,14165.59,5398703,323198,9766,Last Click,Finalizada,5.48,77627.43,1.45
CAMP-3362,Push_Carrinho_2024,Marketplace,Acessórios,2024-05-02,2024-07-16,55112.97,20880149,401057,7059,Linear,Finalizada,1.76,96998.83,7.81
CAMP-3363,Liquidacao_Julho_2025_01,Marketplace,Moda,2025-01-13,2025-02-19,6759.04,1590060,28239,661,Linear,Finalizada,2.88,19466.04,10.23
CAMP-3364,UGC_Organico_2023_08,Google Ads,Acessórios,2023-08-24,2023-12-08,51632.74,13840878,320511,31820,Last Click,Pausada,3.47,179165.61,1.62
CAMP-3365,Liquida_Beleza_2023_09,TikTok Ads,Acessórios,2023-09-24,2023-12-28,23470.54,5651332,64026,3684,First Click,Finalizada,2.71,63605.16,6.37
CAMP-3366,Fidelidade_Clientes_2023,Email Marketing,Beleza,2023-09-24,2023-10-26,21356.89,2824844,72226,8622,Linear,Finalizada,3.73,79661.2,2.48
CAMP-3367,Influenciador_Inverno_2023,TikTok Ads,Lifestyle,2023-12-22,2025-12-31,33492.47,3476895,84133,9396,Last Click,Ativa,3.14,105166.36,3.56
CAMP-3368,Liquidacao_Julho_2025,Marketplace,Acessórios,2025-01-17,2025-04-16,69118.79,10543532,563795,45584,Linear,Pausada,4.64,320711.19,1.52
CAMP-3369,Black_Friday_Main_2023_11,Email Marketing,Beleza,2023-11-15,2024-01-06,103116.33,26490725,1331101,142870,Last Click,Pausada,3.86,398029.03,0.72
CAMP-3370,Fidelidade_Clientes_2024,Email Marketing,Geral,2024-10-03,2025-01-21,40973.38,13274647,506081,46510,Last Click,Pausada,2.45,100384.78,0.88
CAMP-3371,Push_Carrinho_2025,Instagram Ads,Geral,2025-03-12,2025-05-19,27154.4,8611704,373809,4314,First Click,Pausada,4.11,111604.58,6.29
CAMP-3372,Natal_Presentes_2025_05,Email Marketing,Acessórios,2025-05-17,2025-07-13,34358.41,10654906,502570,14323,Linear,Finalizada,3.19,109603.33,2.4
CAMP-3373,Stories_Boost_2024_01,Influenciador,Acessórios,2024-01-18,2024-03-13,79815.7,9945657,516289,54260,First Click,Pausada,3.0,239447.1,1.47
CAMP-3374,Stories_Boost_2025,Orgânico,Lifestyle,2025-11-23,2025-12-31,95558.61,30456298,341999,31651,Linear,Pausada,2.64,252274.73,3.02
CAMP-3375,UGC_Organico_2023_07,Influenciador,Moda,2023-07-22,2023-09-20,94357.02,35737756,1823519,208725,Last Click,Pausada,6.33,597279.94,0.45
CAMP-3376,Dia_Das_Maes_2023,Instagram Ads,Beleza,2023-07-27,2023-11-18,101118.29,18602826,340942,30230,Linear,Finalizada,3.35,338746.27,3.34
CAMP-3377,Feed_Carousel_2023_07,Orgânico,Beleza,2023-07-21,2025-12-31,118627.66,20816650,230027,19145,First Click,Ativa,4.98,590765.75,6.2
CAMP-3378,Performance_Moda_2024_03,Marketplace,Moda,2024-03-27,2024-04-27,5352.67,539478,23274,2628,Linear,Pausada,4.64,24836.39,2.04
CAMP-3379,Semana_Consumidor_2023_12,Orgânico,Lifestyle,2023-12-03,2024-01-02,118969.34,15739477,829711,44973,Last Click,Pausada,2.75,327165.68,2.65
CAMP-3380,Performance_Beleza_2024,Instagram Ads,Acessórios,2024-11-21,2025-01-04,19766.42,4197295,237971,8472,Last Click,Finalizada,5.69,112470.93,2.33
CAMP-3381,Performance_Sempre_Ligada_2025_01,Email Marketing,Moda,2025-01-24,2025-12-31,4592.11,566052,33949,3961,Linear,Ativa,2.49,11434.35,1.16
CAMP-3382,Branding_Awareness_2023,Orgânico,Lifestyle,2023-02-04,2023-04-13,86031.65,24857273,231842,8851,Linear,Finalizada,3.63,312294.89,9.72
CAMP-3383,TikTok_Viral_2023,Instagram Ads,Acessórios,2023-12-07,2024-03-16,110118.35,14905206,143088,10377,Last Click,Finalizada,6.79,747703.6,10.61
CAMP-3384,Dia_Dos_Namorados_2023,Instagram Ads,Lifestyle,2023-03-03,2025-12-31,5004.09,1757290,76658,2511,First Click,Ativa,3.85,19265.75,1.99
CAMP-3385,Performance_Moda_2024_12,Google Ads,Moda,2024-12-17,2025-03-04,4859.84,1034572,49742,2931,First Click,Finalizada,3.12,15162.7,1.66
CAMP-3386,Retargeting_Carrinho_2023_06,Influenciador,Geral,2023-06-03,2023-06-12,14628.77,4537853,256067,15915,First Click,Finalizada,5.47,80019.37,0.92
CAMP-3387,Natal_Presentes_2023_02,Email Marketing,Acessórios,2023-02-11,2025-12-31,9696.87,2976870,50775,4556,Last Click,Ativa,1.83,17745.27,2.13
CAMP-3388,Dia_Das_Maes_2024,Email Marketing,Beleza,2024-02-02,2024-05-01,115625.51,9635491,204727,17755,First Click,Finalizada,2.39,276344.97,6.51
CAMP-3389,Dia_Das_Maes_2024_04,TikTok Ads,Moda,2024-04-16,2024-05-16,1026.17,129718,5986,419,Linear,Pausada,6.79,6967.69,2.45
CAMP-3390,Lookalike_Gold_2023_09,Google Ads,Lifestyle,2023-09-17,2024-01-03,88814.79,19283859,748888,33652,First Click,Pausada,3.23,286871.77,2.64
CAMP-3391,Feed_Carousel_2025_12,Instagram Ads,Moda,2025-12-21,2025-12-31,100011.45,26908071,352929,33540,Linear,Pausada,2.29,229026.22,2.98
CAMP-3392,Remarketing_30d_2023_03,Email Marketing,Geral,2023-03-27,2023-06-21,112990.85,13038114,640815,15974,Linear,Finalizada,3.57,403377.33,7.07
CAMP-3393,Lookalike_Gold_2024_12,Email Marketing,Acessórios,2024-12-03,2025-02-23,74790.16,25141986,547185,17011,Last Click,Finalizada,1.18,88252.39,4.4
CAMP-3394,LTV_Expansion_2025_03,Marketplace,Lifestyle,2025-03-16,2025-06-21,75117.1,26542963,1371528,148626,Last Click,Finalizada,1.33,99905.74,0.51
CAMP-3395,Fidelidade_Clientes_2025,Instagram Ads,Beleza,2025-11-24,2025-12-31,105380.52,13435209,296873,3596,Linear,Ativa,4.49,473158.53,29.3
CAMP-3396,Parceria_Creator_2024,Google Ads,Acessórios,2024-08-17,2025-12-31,59281.68,14430214,783847,29518,Linear,Ativa,3.79,224677.57,2.01
CAMP-3397,Remarketing_30d_2025_12,Influenciador,Moda,2025-12-28,2025-12-31,119205.16,26869995,464248,33338,First Click,Pausada,6.77,807018.93,3.58
CAMP-3398,Performance_Beleza_2025_03,TikTok Ads,Acessórios,2025-03-01,2025-12-31,99186.65,37041848,1432066,166674,Linear,Ativa,2.41,239039.83,0.6
CAMP-3399,Performance_Beleza_2023,TikTok Ads,Acessórios,2023-11-18,2024-01-17,93151.0,36591260,1911692,23301,First Click,Finalizada,3.06,285042.06,4.0
CAMP-3400,LTV_Expansion_2023,Orgânico,Geral,2023-11-21,2024-01-28,107802.63,16087719,473355,45062,First Click,Finalizada,4.22,454927.1,2.39
CAMP-3401,Dia_Das_Maes_2025_11,TikTok Ads,Geral,2025-11-12,2025-12-31,47047.02,9852062,589777,33677,Linear,Ativa,3.8,178778.68,1.4
CAMP-3402,TikTok_Viral_2025,Orgânico,Moda,2025-01-11,2025-01-24,65898.17,6179690,250513,7653,Linear,Pausada,3.36,221417.85,8.61
CAMP-3403,Liquidacao_Julho_2024,TikTok Ads,Moda,2024-06-14,2024-07-30,70287.63,22465242,1084880,111595,First Click,Pausada,1.93,135655.13,0.63
CAMP-3404,LTV_Expansion_2025,Influenciador,Moda,2025-03-20,2025-06-09,52938.11,5797142,81843,6493,Linear,Pausada,13.55,717311.39,8.15
CAMP-3405,TikTok_Viral_2024_08,Email Marketing,Beleza,2024-08-17,2024-08-25,16245.08,6214636,195113,7940,First Click,Pausada,1.37,22255.76,2.05
CAMP-3406,Influenciador_Verao_2024_08,TikTok Ads,Acessórios,2024-08-11,2024-11-14,33633.38,11577717,296708,31388,Last Click,Pausada,3.66,123098.17,1.07
CAMP-3407,Branding_Awareness_2023_10,Influenciador,Beleza,2023-10-11,2025-12-31,64697.95,22219710,632605,69454,Last Click,Ativa,3.59,232265.64,0.93
CAMP-3408,Dia_Das_Maes_2024,Influenciador,Geral,2024-08-28,2024-10-24,114191.67,40320630,1941241,88809,Linear,Finalizada,4.1,468185.85,1.29
CAMP-3409,Performance_Sempre_Ligada_2024_04,Orgânico,Acessórios,2024-04-20,2024-06-29,62270.83,8384748,266853,3982,Linear,Pausada,1.83,113955.62,15.64
CAMP-3410,Performance_Sempre_Ligada_2023_01,Instagram Ads,Moda,2023-01-08,2023-04-27,60432.81,21215795,453345,9362,Linear,Pausada,4.99,301559.72,6.46
CAMP-3411,Natal_Presentes_2024_06,Instagram Ads,Geral,2024-06-16,2024-08-30,13829.74,2879016,35662,429,Linear,Finalizada,3.56,49233.87,32.24
CAMP-3412,Lancamento_Colecao_2023,Instagram Ads,Lifestyle,2023-10-10,2024-01-15,86159.12,18863202,785397,18665,Last Click,Finalizada,5.45,469567.2,4.62
CAMP-3413,CAC_Reducao_2023_01,Google Ads,Acessórios,2023-01-11,2023-04-10,20490.91,4141229,193704,5774,Last Click,Pausada,3.8,77865.46,3.55
CAMP-3414,UGC_Organico_2025_03,Orgânico,Lifestyle,2025-03-03,2025-05-24,46090.57,11167082,322023,12082,First Click,Finalizada,4.59,211555.72,3.81
CAMP-3415,Remarketing_30d_2024,Orgânico,Geral,2024-05-12,2024-08-04,63962.55,8723987,315258,22449,Last Click,Pausada,3.56,227706.68,2.85
CAMP-3416,Branding_Awareness_2025_12,Influenciador,Beleza,2025-12-28,2025-12-31,108498.86,21794994,904350,12723,Last Click,Finalizada,7.93,860395.96,8.53
CAMP-3417,Performance_Sempre_Ligada_2025_08,Influenciador,Beleza,2025-08-20,2025-10-16,12741.6,3935937,165325,4921,Linear,Pausada,2.8,35676.48,2.59
CAMP-3418,Liquida_Beleza_2025_06,Google Ads,Acessórios,2025-06-06,2025-07-20,86988.55,25288828,619624,60006,Last Click,Finalizada,3.11,270534.39,1.45
CAMP-3419,LTV_Expansion_2025,Marketplace,Acessórios,2025-01-27,2025-04-21,5498.11,474564,27127,1546,Linear,Finalizada,3.49,19188.4,3.56
CAMP-3420,TikTok_Viral_2025,Orgânico,Beleza,2025-05-05,2025-08-28,43391.87,5287501,200845,14309,First Click,Finalizada,3.55,154041.14,3.03
CAMP-3421,Natal_Presentes_2025,Orgânico,Lifestyle,2025-05-21,2025-08-24,105776.43,27096867,489618,52484,Last Click,Pausada,2.51,265498.84,2.02
CAMP-3422,Liquida_Beleza_2025_02,Email Marketing,Moda,2025-02-09,2025-04-24,119572.59,14824934,666813,64882,Linear,Finalizada,3.75,448397.21,1.84
CAMP-3423,Semana_Consumidor_2024,Google Ads,Moda,2024-11-07,2025-12-31,2195.2,802234,39703,852,Linear,Ativa,3.71,8144.19,2.58
CAMP-3424,Parceria_Creator_2024,Marketplace,Geral,2024-01-03,2024-03-15,109460.93,17119614,1023835,101391,Linear,Pausada,3.11,340423.49,1.08
CAMP-3425,Feed_Carousel_2024_05,Orgânico,Lifestyle,2024-05-25,2025-12-31,25206.49,8297892,308047,6741,Last Click,Ativa,4.62,116453.98,3.74
CAMP-3426,Remarketing_30d_2023_08,Google Ads,Lifestyle,2023-08-26,2023-09-30,5689.69,819314,21702,1824,Linear,Pausada,3.06,17410.45,3.12
CAMP-3427,Performance_Moda_2024_06,Marketplace,Acessórios,2024-06-11,2025-12-31,93320.71,13142848,617647,39071,Last Click,Ativa,3.53,329422.11,2.39
CAMP-3428,Dia_Dos_Namorados_2025,Orgânico,Moda,2025-04-13,2025-05-16,119692.64,12178473,211901,8020,First Click,Pausada,4.06,485952.12,14.92
CAMP-3429,Liquida_Beleza_2025_04,TikTok Ads,Acessórios,2025-04-05,2025-06-06,85112.2,24274399,835812,79091,Last Click,Finalizada,7.74,658768.43,1.08
CAMP-3430,Volta_as_Aulas_2024,Orgânico,Beleza,2024-05-18,2024-07-20,83507.38,24883590,1162515,72247,Last Click,Pausada,1.27,106054.37,1.16
CAMP-3431,Dia_Das_Maes_2024_11,Instagram Ads,Moda,2024-11-09,2025-01-31,36927.56,13567531,151009,15217,Linear,Finalizada,4.06,149925.89,2.43
CAMP-3432,Volta_as_Aulas_2025,TikTok Ads,Beleza,2025-06-20,2025-08-20,53643.87,8572826,428407,30525,First Click,Pausada,3.64,195263.69,1.76
CAMP-3433,Influenciador_Inverno_2024,Google Ads,Beleza,2024-08-25,2025-12-31,41477.13,15077077,474756,39146,First Click,Ativa,3.53,146414.27,1.06
CAMP-3434,Lookalike_Gold_2025,Marketplace,Lifestyle,2025-07-11,2025-08-15,57545.63,11757599,371802,34867,First Click,Finalizada,2.03,116817.63,1.65
CAMP-3435,Performance_Moda_2025_11,TikTok Ads,Lifestyle,2025-11-17,2025-12-31,72685.76,14217305,378430,13644,First Click,Pausada,7.6,552411.78,5.33
CAMP-3436,TikTok_Viral_2025_05,Orgânico,Moda,2025-05-15,2025-12-31,30993.3,5057775,268119,13241,Linear,Ativa,1.8,55787.94,2.34
CAMP-3437,Stories_Boost_2023,TikTok Ads,Moda,2023-09-24,2023-11-19,100211.57,10019130,526971,34916,Linear,Pausada,2.45,245518.35,2.87
CAMP-3438,TikTok_Viral_2024,Marketplace,Moda,2024-12-17,2025-03-17,27120.28,3310442,126843,10884,Last Click,Finalizada,1.96,53155.75,2.49
CAMP-3439,Volta_as_Aulas_2023_05,Influenciador,Lifestyle,2023-05-02,2023-08-15,98451.62,24750507,207538,18030,Linear,Finalizada,10.69,1052447.82,5.46
CAMP-3440,Semana_Consumidor_2025,Email Marketing,Geral,2025-10-02,2025-12-05,24083.7,8840858,187929,15464,Last Click,Finalizada,2.76,66471.01,1.56
CAMP-3441,Fidelidade_Clientes_2024,Instagram Ads,Moda,2024-08-18,2024-10-25,41097.0,8635452,445784,24251,Last Click,Pausada,3.06,125756.82,1.69
CAMP-3442,Lookalike_Gold_2023_12,TikTok Ads,Moda,2023-12-17,2024-01-18,35153.29,10671957,629972,69069,Last Click,Pausada,2.26,79446.44,0.51
CAMP-3443,LTV_Expansion_2024,Marketplace,Moda,2024-03-10,2024-06-09,74156.0,18878108,860746,69492,First Click,Finalizada,4.69,347791.64,1.07
CAMP-3444,Lancamento_Colecao_2025_03,Orgânico,Moda,2025-03-06,2025-05-24,15289.86,3640382,152594,16461,Linear,Pausada,1.17,17889.14,0.93
CAMP-3445,Dia_Das_Maes_2024,Marketplace,Moda,2024-08-03,2024-10-15,55338.43,6922936,219577,11147,Linear,Finalizada,4.99,276138.77,4.96
CAMP-3446,Lookalike_Gold_2023,Email Marketing,Moda,2023-10-07,2023-10-22,93322.3,14608356,375992,9077,First Click,Pausada,4.49,419017.13,10.28
CAMP-3447,Lancamento_Colecao_2024_09,Instagram Ads,Lifestyle,2024-09-06,2024-09-21,99233.01,18520761,576366,55354,Last Click,Pausada,6.11,606313.69,1.79
CAMP-3448,Push_Carrinho_2025,Marketplace,Acessórios,2025-07-22,2025-11-11,25301.99,8447633,239424,25138,Last Click,Pausada,1.79,45290.56,1.01
CAMP-3449,Retargeting_Carrinho_2024_06,Influenciador,Beleza,2024-06-01,2024-07-24,29320.22,10961146,513662,59751,First Click,Pausada,0.98,28733.82,0.49
CAMP-3450,Feed_Carousel_2025_07,Influenciador,Lifestyle,2025-07-15,2025-11-08,35209.63,9450409,373062,38573,First Click,Pausada,7.01,246819.51,0.91
CAMP-3451,Black_Friday_Main_2025_08,Google Ads,Moda,2025-08-01,2025-10-15,44488.96,6351979,64395,7011,Last Click,Pausada,3.33,148148.24,6.35
CAMP-3452,Performance_Beleza_2024,Marketplace,Beleza,2024-08-20,2024-11-22,52546.24,11494275,342604,35524,Last Click,Pausada,2.25,118229.04,1.48
CAMP-3453,Volta_as_Aulas_2023_01,Email Marketing,Geral,2023-01-22,2023-02-22,94121.39,33414908,1590235,114654,First Click,Pausada,4.28,402839.55,0.82
CAMP-3454,Black_Friday_Main_2025,Influenciador,Beleza,2025-05-05,2025-08-30,90810.42,9867966,504592,19830,Linear,Pausada,9.81,890850.22,4.58
CAMP-3455,Influenciador_Inverno_2024,Influenciador,Moda,2024-10-22,2024-11-19,69187.0,21871100,746619,18503,First Click,Pausada,14.0,968618.0,3.74
CAMP-3456,Dia_Dos_Namorados_2025_10,Email Marketing,Beleza,2025-10-20,2025-12-31,12761.56,4650397,226066,25900,Last Click,Pausada,3.49,44537.84,0.49
CAMP-3457,Performance_Sempre_Ligada_2023_07,Marketplace,Acessórios,2023-07-18,2023-08-01,61640.38,23670314,236285,21268,Last Click,Finalizada,4.46,274916.09,2.9
CAMP-3458,Cyber_Monday_2024,Orgânico,Lifestyle,2024-09-01,2025-12-31,84148.38,12132637,614464,67161,Last Click,Ativa,2.67,224676.17,1.25
CAMP-3459,Performance_Moda_2023_03,Marketplace,Lifestyle,2023-03-04,2023-03-24,109220.45,20761762,786133,61428,Linear,Pausada,3.49,381179.37,1.78
CAMP-3460,Dia_Das_Maes_2025_12,Instagram Ads,Acessórios,2025-12-04,2025-12-31,72351.66,7326854,203117,3500,Linear,Pausada,6.77,489820.74,20.67
CAMP-3461,Lookalike_Gold_2024,Google Ads,Moda,2024-10-10,2024-11-12,3202.03,840234,7914,843,First Click,Finalizada,3.52,11271.15,3.8
CAMP-3462,Black_Friday_Main_2024_11,TikTok Ads,Moda,2024-11-07,2025-01-06,74963.31,13001382,515377,25784,Linear,Pausada,5.76,431788.67,2.91
CAMP-3463,Remarketing_30d_2023_01,Marketplace,Beleza,2023-01-01,2023-03-01,113521.3,22581249,573744,56485,First Click,Pausada,1.12,127143.86,2.01
CAMP-3464,Push_Carrinho_2024,Google Ads,Lifestyle,2024-12-06,2025-03-09,103725.55,18270018,712326,10509,Last Click,Pausada,3.88,402455.13,9.87
CAMP-3465,Feed_Carousel_2023_11,Influenciador,Lifestyle,2023-11-13,2023-12-16,86155.49,7763355,196538,18499,Last Click,Pausada,12.0,1033865.88,4.66
CAMP-3466,Lookalike_Gold_2025_10,Instagram Ads,Moda,2025-10-07,2025-12-25,75286.69,11671144,484180,35687,Last Click,Pausada,5.85,440427.14,2.11
CAMP-3467,TikTok_Viral_2025,Marketplace,Moda,2025-11-12,2025-12-31,81238.87,28608941,792297,84209,Linear,Finalizada,4.98,404569.57,0.96
CAMP-3468,Remarketing_30d_2025,Influenciador,Beleza,2025-01-02,2025-03-15,39322.16,14617068,527254,42067,Linear,Pausada,3.4,133695.34,0.93
CAMP-3469,Remarketing_30d_2023_04,TikTok Ads,Geral,2023-04-16,2025-12-31,54372.98,7936719,97562,1530,Linear,Ativa,5.11,277845.93,35.54
CAMP-3470,Stories_Boost_2025_06,Orgânico,Lifestyle,2025-06-07,2025-08-11,62556.12,23968682,288520,8879,Linear,Finalizada,3.37,210814.12,7.05
CAMP-3471,LTV_Expansion_2024,Orgânico,Moda,2024-01-11,2025-12-31,8813.23,989837,44484,3916,First Click,Ativa,1.13,9958.95,2.25
CAMP-3472,UGC_Organico_2024_05,Influenciador,Geral,2024-05-24,2024-08-31,81905.83,23993594,823687,17617,Last Click,Pausada,4.62,378404.93,4.65
CAMP-3473,TikTok_Viral_2024,Google Ads,Lifestyle,2024-04-23,2024-05-18,101055.81,22033832,487420,10296,Linear,Finalizada,3.76,379969.85,9.82
CAMP-3474,Liquidacao_Julho_2024,Email Marketing,Geral,2024-01-03,2024-01-17,79428.5,9433752,146918,5602,First Click,Pausada,1.44,114377.04,14.18
CAMP-3475,Lookalike_Gold_2025_04,TikTok Ads,Lifestyle,2025-04-06,2025-07-12,71949.61,23011371,1294621,32246,First Click,Pausada,2.0,143899.22,2.23
CAMP-3476,Influenciador_Verao_2025_10,Marketplace,Acessórios,2025-10-10,2025-12-31,421.16,42355,1901,64,Linear,Pausada,2.68,1128.71,6.58
CAMP-3477,Black_Friday_Main_2024_06,TikTok Ads,Acessórios,2024-06-21,2024-09-19,108700.91,15192381,554739,45036,Last Click,Finalizada,4.02,436977.66,2.41
CAMP-3478,Dia_Das_Maes_2023_05,Instagram Ads,Lifestyle,2023-05-10,2023-06-07,96274.04,8398974,279741,23182,Linear,Pausada,6.91,665253.62,4.15
CAMP-3479,Retargeting_Carrinho_2025_01,Orgânico,Geral,2025-01-11,2025-03-06,73848.33,27260225,1252039,49750,First Click,Pausada,2.74,202344.42,1.48
CAMP-3480,Dia_Dos_Namorados_2024_08,Marketplace,Beleza,2024-08-16,2024-08-26,22365.99,3841124,215352,24738,Last Click,Finalizada,3.33,74478.75,0.9
CAMP-3481,Remarketing_30d_2025_09,Orgânico,Acessórios,2025-09-24,2025-12-31,44900.5,8421919,309034,23247,Linear,Pausada,2.47,110904.24,1.93
CAMP-3482,Fidelidade_Clientes_2023_11,Marketplace,Lifestyle,2023-11-11,2025-12-31,11704.17,1678841,61593,1574,Linear,Ativa,4.7,55009.6,7.44
CAMP-3483,Performance_Moda_2025,Google Ads,Geral,2025-01-22,2025-02-17,77297.5,17536165,297439,13259,Last Click,Pausada,3.24,250443.9,5.83
CAMP-3484,Influenciador_Inverno_2024_11,Google Ads,Moda,2024-11-11,2025-01-23,118507.02,18742123,433552,50061,First Click,Pausada,3.72,440846.11,2.37
CAMP-3485,Liquida_Beleza_2023_03,Instagram Ads,Beleza,2023-03-09,2023-04-13,2021.92,234944,2684,152,First Click,Pausada,2.42,4893.05,13.3
CAMP-3486,Fidelidade_Clientes_2025,Marketplace,Acessórios,2025-11-28,2025-12-31,40430.88,14986538,227508,5606,Linear,Finalizada,1.09,44069.66,7.21
CAMP-3487,Volta_as_Aulas_2023,Google Ads,Acessórios,2023-12-10,2024-02-06,73586.51,23218743,811343,48264,Last Click,Finalizada,3.67,270062.49,1.52
CAMP-3488,Lancamento_Colecao_2023,Orgânico,Lifestyle,2023-02-07,2023-06-03,82981.1,27516827,1104597,57256,First Click,Finalizada,3.83,317817.61,1.45
CAMP-3489,Feed_Carousel_2024_09,Google Ads,Geral,2024-09-01,2024-11-03,109306.33,30289435,687548,30636,First Click,Pausada,3.36,367269.27,3.57
CAMP-3490,Dia_Dos_Namorados_2023_02,Google Ads,Moda,2023-02-05,2023-05-23,97784.25,38270021,1763311,45251,Linear,Finalizada,3.93,384292.1,2.16
CAMP-3491,Liquidacao_Julho_2025_12,Google Ads,Beleza,2025-12-05,2025-12-31,97021.95,14973956,206772,22424,Linear,Pausada,3.98,386147.36,4.33
CAMP-3492,TikTok_Viral_2025_08,TikTok Ads,Geral,2025-08-10,2025-12-07,69949.34,6483875,90467,6911,First Click,Finalizada,5.27,368633.02,10.12
CAMP-3493,Upsell_Platinum_2023_06,TikTok Ads,Moda,2023-06-16,2023-08-20,28937.22,2870838,52413,1201,Last Click,Pausada,7.5,217029.15,24.09
CAMP-3494,TikTok_Viral_2024_05,Instagram Ads,Beleza,2024-05-05,2024-08-31,86923.49,15363550,759628,52528,Linear,Pausada,3.88,337263.14,1.65
CAMP-3495,Performance_Moda_2024_02,TikTok Ads,Beleza,2024-02-26,2024-05-25,41698.28,3680214,157671,7768,Last Click,Finalizada,1.93,80477.68,5.37
CAMP-3496,Natal_Presentes_2025,Email Marketing,Lifestyle,2025-05-09,2025-12-31,18906.6,4461034,96104,6341,First Click,Ativa,2.23,42161.72,2.98
CAMP-3497,Push_Carrinho_2023,Marketplace,Geral,2023-07-13,2023-07-26,37285.09,12000225,586360,53246,Last Click,Finalizada,3.1,115583.78,0.7
CAMP-3498,Stories_Boost_2023_12,Instagram Ads,Geral,2023-12-16,2024-03-14,35642.53,7931467,182325,10198,Linear,Pausada,3.46,123323.15,3.5
CAMP-3499,Dia_Das_Maes_2023,Google Ads,Acessórios,2023-12-08,2024-03-05,76942.42,26579745,1461568,31425,First Click,Pausada,3.85,296228.32,2.45
CAMP-3500,Parceria_Creator_2024_05,TikTok Ads,Beleza,2024-05-21,2024-08-17,41353.72,9106894,289163,28565,First Click,Finalizada,6.59,272521.01,1.45
